zip,das_type
01002,DAS
01005,EDAS
01007,DAS
01008,EDAS
01010,DAS
01011,EDAS
01012,EDAS
01026,REMOTE
01029,DAS
01031,EDAS
01032,DAS
01033,DAS
01034,EDAS
01036,DAS
01037,EDAS
01038,DAS
01039,DAS
01050,EDAS
01054,EDAS
01056,DAS
01057,DAS
01066,EDAS
01068,EDAS
01069,DAS
01070,EDAS
01071,EDAS
01072,REMOTE
01073,DAS
01074,EDAS
01079,DAS
01080,DAS
01081,EDAS
01082,DAS
01083,DAS
01084,EDAS
01088,DAS
01092,EDAS
01093,DAS
01094,DAS
01096,EDAS
01097,DAS
01098,EDAS
01220,DAS
01222,EDAS
01223,EDAS
01224,DAS
01225,DAS
01226,DAS
01227,DAS
01229,EDAS
01230,EDAS
01235,EDAS
01236,DAS
01237,EDAS
01240,DAS
01243,EDAS
01244,EDAS
01245,EDAS
01247,DAS
01252,DAS
01253,EDAS
01254,EDAS
01255,EDAS
01256,EDAS
01257,DAS
01258,EDAS
01259,EDAS
01260,DAS
01262,EDAS
01263,EDAS
01264,EDAS
01266,EDAS
01267,DAS
01270,EDAS
01330,EDAS
01331,DAS
01337,DAS
01338,DAS
01339,EDAS
01340,EDAS
01341,EDAS
01343,EDAS
01344,EDAS
01346,EDAS
01349,DAS
01350,EDAS
01351,DAS
01355,EDAS
01360,EDAS
01364,DAS
01366,EDAS
01367,EDAS
01368,REMOTE
01370,EDAS
01375,DAS
01376,DAS
01378,EDAS
01379,EDAS
01380,DAS
01420,DAS
01430,DAS
01431,DAS
01432,DAS
01436,DAS
01438,DAS
01450,DAS
01451,DAS
01452,EDAS
01462,DAS
01463,DAS
01464,DAS
01468,DAS
01469,DAS
01470,DAS
01471,DAS
01473,DAS
01474,DAS
01475,EDAS
01503,DAS
01504,DAS
01506,DAS
01507,EDAS
01509,DAS
01515,DAS
01516,DAS
01518,DAS
01521,DAS
01522,DAS
01523,DAS
01529,DAS
01531,EDAS
01535,DAS
01541,DAS
01542,DAS
01543,DAS
01550,DAS
01561,EDAS
01562,DAS
01566,DAS
01568,DAS
01585,EDAS
01590,DAS
01611,DAS
01612,DAS
01720,DAS
01741,DAS
01754,DAS
01756,EDAS
01770,DAS
01773,DAS
01775,DAS
01826,DAS
01827,DAS
01830,DAS
01832,DAS
01833,DAS
01860,DAS
01879,DAS
01885,EDAS
01921,DAS
01922,DAS
01929,DAS
01930,DAS
01936,DAS
01938,DAS
01944,DAS
01949,DAS
01950,DAS
01951,DAS
01952,DAS
01966,DAS
01969,DAS
01982,DAS
01983,DAS
01985,DAS
02025,DAS
02030,DAS
02031,DAS
02045,DAS
02047,EDAS
02053,DAS
02054,DAS
02056,DAS
02066,DAS
02108,DAS
02109,DAS
02110,DAS
02111,DAS
02113,DAS
02114,DAS
02116,DAS
02127,DAS
02203,DAS
02210,DAS
02269,DAS
02330,DAS
02332,DAS
02338,DAS
02341,DAS
02347,DAS
02364,DAS
02366,DAS
02367,DAS
02534,DAS
02535,REMOTE
02536,DAS
02538,DAS
02539,REMOTE
02540,DAS
02541,DAS
02542,DAS
02552,REMOTE
02554,REMOTE
02557,REMOTE
02564,REMOTE
02568,REMOTE
02574,EDAS
02575,REMOTE
02584,REMOTE
02630,DAS
02631,DAS
02633,DAS
02635,DAS
02638,DAS
02639,DAS
02641,DAS
02642,DAS
02643,DAS
02645,DAS
02646,DAS
02647,DAS
02648,DAS
02650,DAS
02651,DAS
02652,DAS
02653,DAS
02655,DAS
02657,DAS
02659,DAS
02660,DAS
02662,DAS
02663,EDAS
02666,EDAS
02667,EDAS
02668,DAS
02669,DAS
02670,DAS
02671,DAS
02675,DAS
02702,DAS
02713,EDAS
02715,DAS
02717,DAS
02722,DAS
02739,DAS
02743,DAS
02744,DAS
02748,DAS
02769,EDAS
02770,EDAS
02777,DAS
02779,DAS
02790,DAS
02791,EDAS
02801,DAS
02804,DAS
02807,REMOTE
02808,EDAS
02812,DAS
02813,EDAS
02814,DAS
02815,EDAS
02816,DAS
02817,DAS
02818,DAS
02822,EDAS
02825,EDAS
02827,EDAS
02829,DAS
02830,EDAS
02832,EDAS
02833,EDAS
02835,DAS
02836,DAS
02837,DAS
02838,DAS
02839,DAS
02857,EDAS
02858,DAS
02859,DAS
02872,EDAS
02873,DAS
02874,EDAS
02875,EDAS
02876,DAS
02877,DAS
02878,DAS
02879,DAS
02880,DAS
02883,EDAS
02891,DAS
02892,EDAS
02894,EDAS
02896,DAS
02898,REMOTE
03032,DAS
03033,DAS
03034,DAS
03036,DAS
03037,EDAS
03040,DAS
03043,EDAS
03044,EDAS
03045,DAS
03046,DAS
03047,EDAS
03048,DAS
03049,DAS
03055,DAS
03057,DAS
03070,DAS
03071,EDAS
03082,EDAS
03084,DAS
03086,DAS
03215,EDAS
03216,EDAS
03217,EDAS
03218,EDAS
03220,DAS
03221,EDAS
03222,EDAS
03223,EDAS
03224,EDAS
03225,EDAS
03226,DAS
03227,EDAS
03229,DAS
03230,EDAS
03231,EDAS
03233,DAS
03234,EDAS
03235,DAS
03237,EDAS
03238,DAS
03240,EDAS
03241,EDAS
03242,EDAS
03243,EDAS
03244,EDAS
03245,EDAS
03246,DAS
03249,DAS
03251,EDAS
03252,DAS
03253,EDAS
03254,DAS
03255,EDAS
03256,EDAS
03257,DAS
03258,DAS
03259,EDAS
03260,EDAS
03261,EDAS
03262,EDAS
03263,EDAS
03264,DAS
03266,EDAS
03268,EDAS
03269,EDAS
03272,EDAS
03273,EDAS
03275,DAS
03278,EDAS
03279,EDAS
03280,REMOTE
03281,DAS
03282,EDAS
03284,EDAS
03285,EDAS
03287,EDAS
03290,EDAS
03291,DAS
03293,DAS
03303,DAS
03304,DAS
03307,EDAS
03440,EDAS
03441,EDAS
03442,EDAS
03443,EDAS
03444,EDAS
03445,EDAS
03446,DAS
03447,EDAS
03448,DAS
03449,DAS
03450,EDAS
03451,DAS
03452,DAS
03455,EDAS
03456,EDAS
03457,EDAS
03458,DAS
03461,DAS
03462,EDAS
03464,EDAS
03465,EDAS
03466,DAS
03467,DAS
03469,DAS
03470,DAS
03561,EDAS
03570,DAS
03574,EDAS
03575,DAS
03576,EDAS
03579,EDAS
03580,EDAS
03581,DAS
03582,EDAS
03583,EDAS
03584,DAS
03585,DAS
03586,EDAS
03588,REMOTE
03590,EDAS
03592,EDAS
03593,EDAS
03595,EDAS
03597,REMOTE
03598,DAS
03601,EDAS
03602,EDAS
03603,EDAS
03605,EDAS
03607,EDAS
03608,DAS
03609,EDAS
03740,EDAS
03741,DAS
03743,DAS
03745,EDAS
03746,EDAS
03748,DAS
03750,EDAS
03751,EDAS
03752,EDAS
03753,DAS
03754,DAS
03765,EDAS
03768,EDAS
03769,DAS
03770,DAS
03771,DAS
03773,DAS
03774,DAS
03777,EDAS
03779,EDAS
03780,EDAS
03781,EDAS
03782,EDAS
03785,DAS
03809,EDAS
03810,EDAS
03811,DAS
03812,EDAS
03813,EDAS
03814,EDAS
03815,EDAS
03816,EDAS
03817,EDAS
03818,EDAS
03819,DAS
03823,DAS
03824,DAS
03825,DAS
03827,DAS
03830,EDAS
03832,EDAS
03835,EDAS
03836,EDAS
03837,EDAS
03838,DAS
03841,DAS
03844,DAS
03845,EDAS
03846,EDAS
03848,DAS
03849,EDAS
03850,DAS
03851,EDAS
03852,EDAS
03853,EDAS
03855,EDAS
03856,DAS
03860,EDAS
03861,DAS
03864,EDAS
03868,DAS
03869,DAS
03870,DAS
03872,EDAS
03873,DAS
03875,EDAS
03882,EDAS
03883,EDAS
03884,EDAS
03886,EDAS
03887,EDAS
03890,EDAS
03894,EDAS
03896,EDAS
03897,EDAS
03901,DAS
03902,DAS
03903,DAS
03905,DAS
03907,DAS
03908,DAS
04001,EDAS
04002,DAS
04003,EDAS
04008,EDAS
04009,EDAS
04010,EDAS
04013,EDAS
04015,EDAS
04016,EDAS
04017,REMOTE
04019,REMOTE
04020,EDAS
04021,DAS
04022,EDAS
04024,EDAS
04027,EDAS
04029,EDAS
04030,DAS
04032,EDAS
04033,DAS
04034,EDAS
04037,EDAS
04038,DAS
04039,DAS
04040,EDAS
04041,EDAS
04042,DAS
04046,DAS
04047,EDAS
04048,EDAS
04049,EDAS
04050,REMOTE
04051,EDAS
04053,EDAS
04054,DAS
04055,EDAS
04056,EDAS
04057,EDAS
04061,DAS
04062,DAS
04063,EDAS
04066,EDAS
04068,EDAS
04069,EDAS
04071,EDAS
04073,DAS
04075,EDAS
04076,EDAS
04077,EDAS
04078,EDAS
04079,EDAS
04083,DAS
04084,DAS
04085,DAS
04086,DAS
04087,DAS
04088,EDAS
04090,DAS
04091,EDAS
04093,DAS
04095,EDAS
04096,DAS
04097,DAS
04108,REMOTE
04109,EDAS
04216,EDAS
04217,EDAS
04219,EDAS
04220,EDAS
04221,EDAS
04222,DAS
04224,EDAS
04225,DAS
04226,EDAS
04227,EDAS
04228,DAS
04230,DAS
04231,EDAS
04234,EDAS
04236,DAS
04237,EDAS
04238,DAS
04239,DAS
04250,DAS
04252,DAS
04253,EDAS
04254,DAS
04255,EDAS
04256,DAS
04257,DAS
04258,EDAS
04259,DAS
04260,DAS
04261,EDAS
04263,DAS
04265,DAS
04266,DAS
04267,EDAS
04268,DAS
04270,DAS
04271,DAS
04274,DAS
04275,EDAS
04276,EDAS
04278,EDAS
04280,DAS
04281,DAS
04282,DAS
04284,DAS
04285,REMOTE
04286,DAS
04287,EDAS
04288,EDAS
04289,EDAS
04290,EDAS
04291,DAS
04292,EDAS
04294,EDAS
04341,DAS
04342,EDAS
04343,DAS
04345,DAS
04348,EDAS
04349,EDAS
04350,DAS
04351,DAS
04352,REMOTE
04353,REMOTE
04354,REMOTE
04355,DAS
04357,DAS
04358,REMOTE
04360,EDAS
04363,EDAS
04364,EDAS
04401,DAS
04406,REMOTE
04408,EDAS
04410,EDAS
04411,EDAS
04412,DAS
04413,REMOTE
04414,EDAS
04415,DAS
04416,REMOTE
04417,REMOTE
04418,EDAS
04419,DAS
04420,EDAS
04421,EDAS
04422,EDAS
04423,EDAS
04424,EDAS
04426,REMOTE
04427,EDAS
04428,EDAS
04429,EDAS
04430,EDAS
04431,EDAS
04434,EDAS
04435,EDAS
04438,EDAS
04441,EDAS
04442,EDAS
04443,EDAS
04444,DAS
04448,EDAS
04449,EDAS
04450,EDAS
04451,EDAS
04453,EDAS
04454,REMOTE
04455,EDAS
04456,DAS
04457,EDAS
04459,EDAS
04460,EDAS
04461,EDAS
04462,EDAS
04463,EDAS
04464,EDAS
04467,EDAS
04468,DAS
04471,EDAS
04472,EDAS
04473,DAS
04474,DAS
04475,EDAS
04476,EDAS
04478,EDAS
04479,EDAS
04481,EDAS
04485,EDAS
04487,REMOTE
04488,EDAS
04489,EDAS
04490,REMOTE
04491,EDAS
04492,REMOTE
04493,EDAS
04495,REMOTE
04496,DAS
04497,EDAS
04530,DAS
04535,EDAS
04537,DAS
04538,DAS
04539,EDAS
04541,DAS
04543,DAS
04544,EDAS
04547,EDAS
04548,REMOTE
04551,EDAS
04552,EDAS
04553,DAS
04554,REMOTE
04555,EDAS
04556,EDAS
04558,EDAS
04562,EDAS
04563,EDAS
04564,EDAS
04565,DAS
04567,EDAS
04568,EDAS
04570,EDAS
04571,EDAS
04572,EDAS
04573,DAS
04574,REMOTE
04575,EDAS
04576,EDAS
04578,EDAS
04579,DAS
04605,EDAS
04606,REMOTE
04607,EDAS
04609,DAS
04611,EDAS
04612,EDAS
04613,EDAS
04614,EDAS
04615,EDAS
04616,EDAS
04617,EDAS
04619,EDAS
04622,EDAS
04623,EDAS
04624,EDAS
04625,REMOTE
04626,EDAS
04627,EDAS
04628,EDAS
04629,EDAS
04630,REMOTE
04631,EDAS
04634,EDAS
04635,EDAS
04637,DAS
04640,EDAS
04642,EDAS
04643,EDAS
04644,EDAS
04645,REMOTE
04646,EDAS
04648,EDAS
04649,EDAS
04650,EDAS
04652,EDAS
04653,EDAS
04654,EDAS
04655,EDAS
04656,EDAS
04657,EDAS
04658,EDAS
04660,EDAS
04662,DAS
04664,EDAS
04665,DAS
04666,EDAS
04667,EDAS
04668,EDAS
04669,DAS
04671,EDAS
04672,DAS
04673,EDAS
04674,EDAS
04675,DAS
04676,EDAS
04677,EDAS
04679,EDAS
04680,EDAS
04681,EDAS
04683,EDAS
04684,EDAS
04685,REMOTE
04686,EDAS
04690,DAS
04691,EDAS
04693,EDAS
04694,EDAS
04730,EDAS
04732,EDAS
04733,EDAS
04734,EDAS
04735,EDAS
04736,EDAS
04737,EDAS
04738,DAS
04739,EDAS
04740,DAS
04741,EDAS
04742,DAS
04743,REMOTE
04744,EDAS
04745,EDAS
04746,REMOTE
04747,EDAS
04750,EDAS
04751,DAS
04756,EDAS
04757,EDAS
04758,EDAS
04759,EDAS
04760,EDAS
04761,EDAS
04762,REMOTE
04763,EDAS
04764,REMOTE
04765,EDAS
04766,EDAS
04768,EDAS
04769,DAS
04772,EDAS
04773,EDAS
04774,EDAS
04776,EDAS
04777,EDAS
04779,EDAS
04780,EDAS
04781,EDAS
04783,REMOTE
04785,EDAS
04786,EDAS
04787,EDAS
04841,REMOTE
04843,DAS
04847,EDAS
04848,REMOTE
04849,DAS
04850,DAS
04851,EDAS
04852,REMOTE
04853,REMOTE
04854,DAS
04855,EDAS
04856,DAS
04857,EDAS
04858,EDAS
04859,EDAS
04860,EDAS
04861,DAS
04862,EDAS
04863,EDAS
04864,EDAS
04865,DAS
04910,EDAS
04911,REMOTE
04912,EDAS
04915,DAS
04917,DAS
04918,DAS
04920,EDAS
04921,EDAS
04922,EDAS
04923,EDAS
04924,REMOTE
04925,EDAS
04926,EDAS
04927,DAS
04928,EDAS
04929,EDAS
04930,EDAS
04932,EDAS
04933,DAS
04936,REMOTE
04937,DAS
04938,DAS
04939,EDAS
04941,REMOTE
04942,REMOTE
04943,REMOTE
04944,DAS
04945,EDAS
04947,EDAS
04949,EDAS
04950,EDAS
04951,EDAS
04952,EDAS
04953,EDAS
04954,EDAS
04955,REMOTE
04956,EDAS
04957,EDAS
04958,REMOTE
04961,EDAS
04962,DAS
04963,DAS
04964,REMOTE
04965,EDAS
04966,EDAS
04967,EDAS
04969,EDAS
04970,REMOTE
04971,EDAS
04972,DAS
04973,EDAS
04974,EDAS
04976,EDAS
04978,EDAS
04979,EDAS
04981,DAS
04982,REMOTE
04983,EDAS
04984,EDAS
04985,REMOTE
04986,EDAS
04987,EDAS
04988,EDAS
04989,REMOTE
04992,DAS
05001,DAS
05030,DAS
05031,EDAS
05032,EDAS
05033,DAS
05034,EDAS
05035,EDAS
05036,EDAS
05037,EDAS
05038,EDAS
05039,EDAS
05040,EDAS
05041,EDAS
05042,EDAS
05043,EDAS
05045,EDAS
05046,EDAS
05047,EDAS
05048,EDAS
05049,EDAS
05050,DAS
05051,EDAS
05052,EDAS
05053,DAS
05055,DAS
05056,EDAS
05058,EDAS
05059,EDAS
05060,DAS
05061,DAS
05062,EDAS
05065,EDAS
05067,EDAS
05068,EDAS
05069,EDAS
05070,EDAS
05071,EDAS
05072,EDAS
05073,DAS
05074,EDAS
05075,EDAS
05076,REMOTE
05077,EDAS
05079,EDAS
05081,EDAS
05083,EDAS
05084,REMOTE
05085,EDAS
05086,EDAS
05089,DAS
05091,DAS
05101,DAS
05141,DAS
05142,EDAS
05143,EDAS
05146,EDAS
05148,EDAS
05149,EDAS
05150,DAS
05151,EDAS
05152,EDAS
05153,EDAS
05154,DAS
05155,EDAS
05156,DAS
05158,DAS
05159,DAS
05161,EDAS
05201,DAS
05250,EDAS
05251,EDAS
05252,EDAS
05253,DAS
05254,DAS
05255,DAS
05257,EDAS
05260,EDAS
05261,EDAS
05262,EDAS
05301,DAS
05302,DAS
05303,DAS
05304,DAS
05340,EDAS
05341,EDAS
05342,EDAS
05343,EDAS
05344,EDAS
05345,EDAS
05346,DAS
05350,EDAS
05351,EDAS
05352,EDAS
05353,EDAS
05354,DAS
05355,EDAS
05356,EDAS
05357,DAS
05358,EDAS
05359,EDAS
05360,EDAS
05361,EDAS
05362,EDAS
05363,EDAS
05440,REMOTE
05441,EDAS
05442,EDAS
05443,DAS
05444,EDAS
05445,DAS
05447,EDAS
05448,REMOTE
05450,EDAS
05454,DAS
05455,EDAS
05456,EDAS
05457,EDAS
05458,EDAS
05459,EDAS
05460,EDAS
05461,DAS
05462,EDAS
05463,EDAS
05464,EDAS
05465,DAS
05466,EDAS
05469,DAS
05470,EDAS
05471,EDAS
05472,EDAS
05473,DAS
05474,EDAS
05476,EDAS
05477,DAS
05481,EDAS
05483,REMOTE
05485,REMOTE
05486,EDAS
05487,REMOTE
05488,EDAS
05489,EDAS
05490,EDAS
05491,EDAS
05492,EDAS
05494,DAS
05602,DAS
05640,EDAS
05641,DAS
05647,EDAS
05648,EDAS
05649,DAS
05650,EDAS
05651,EDAS
05652,EDAS
05653,EDAS
05654,DAS
05655,EDAS
05656,DAS
05657,DAS
05658,EDAS
05660,EDAS
05661,DAS
05662,DAS
05663,DAS
05664,DAS
05665,DAS
05666,EDAS
05667,EDAS
05669,EDAS
05670,DAS
05671,DAS
05672,DAS
05673,EDAS
05674,EDAS
05675,EDAS
05676,DAS
05677,DAS
05678,DAS
05679,EDAS
05680,EDAS
05681,EDAS
05682,EDAS
05730,EDAS
05731,DAS
05732,EDAS
05733,EDAS
05734,EDAS
05735,EDAS
05736,DAS
05737,EDAS
05738,EDAS
05739,EDAS
05740,DAS
05741,EDAS
05742,EDAS
05743,EDAS
05744,EDAS
05745,EDAS
05746,EDAS
05747,EDAS
05748,EDAS
05750,EDAS
05751,EDAS
05753,DAS
05757,EDAS
05758,EDAS
05760,EDAS
05761,EDAS
05762,EDAS
05763,EDAS
05764,EDAS
05765,DAS
05766,EDAS
05767,EDAS
05768,DAS
05769,EDAS
05770,EDAS
05772,EDAS
05773,EDAS
05774,EDAS
05775,EDAS
05776,EDAS
05777,EDAS
05778,EDAS
05819,DAS
05820,EDAS
05821,EDAS
05822,EDAS
05823,DAS
05824,REMOTE
05825,EDAS
05826,EDAS
05827,EDAS
05828,EDAS
05829,DAS
05830,DAS
05832,EDAS
05833,EDAS
05836,EDAS
05837,EDAS
05839,EDAS
05840,REMOTE
05841,EDAS
05842,EDAS
05843,EDAS
05845,REMOTE
05846,EDAS
05847,EDAS
05848,DAS
05849,EDAS
05850,DAS
05851,DAS
05853,REMOTE
05855,DAS
05857,EDAS
05858,EDAS
05859,EDAS
05860,EDAS
05861,EDAS
05862,EDAS
05863,DAS
05866,EDAS
05867,REMOTE
05868,EDAS
05871,EDAS
05872,EDAS
05873,EDAS
05874,EDAS
05875,EDAS
05901,REMOTE
05902,EDAS
05903,EDAS
05904,EDAS
05905,REMOTE
05906,EDAS
05907,EDAS
06001,DAS
06013,DAS
06016,DAS
06018,DAS
06019,DAS
06020,DAS
06021,EDAS
06022,DAS
06024,EDAS
06026,DAS
06027,EDAS
06031,DAS
06035,DAS
06039,DAS
06043,DAS
06057,DAS
06058,EDAS
06059,DAS
06060,DAS
06061,EDAS
06062,DAS
06063,EDAS
06065,EDAS
06068,EDAS
06069,EDAS
06071,DAS
06073,DAS
06075,DAS
06076,DAS
06078,DAS
06079,EDAS
06081,DAS
06084,DAS
06085,DAS
06087,EDAS
06089,DAS
06090,DAS
06091,EDAS
06092,DAS
06093,DAS
06094,DAS
06098,EDAS
06230,DAS
06231,DAS
06232,DAS
06234,EDAS
06235,EDAS
06237,DAS
06238,DAS
06239,DAS
06242,EDAS
06243,DAS
06244,EDAS
06246,DAS
06247,EDAS
06248,DAS
06249,DAS
06250,DAS
06251,DAS
06254,DAS
06255,DAS
06258,EDAS
06259,EDAS
06262,DAS
06264,DAS
06266,DAS
06267,DAS
06268,DAS
06277,DAS
06278,EDAS
06279,DAS
06280,DAS
06281,EDAS
06282,EDAS
06330,DAS
06331,DAS
06333,DAS
06334,EDAS
06335,DAS
06336,EDAS
06339,DAS
06350,EDAS
06351,DAS
06353,DAS
06354,DAS
06355,DAS
06357,DAS
06359,EDAS
06360,DAS
06365,EDAS
06370,DAS
06371,DAS
06372,DAS
06373,EDAS
06374,DAS
06375,DAS
06376,DAS
06377,EDAS
06378,DAS
06383,DAS
06384,EDAS
06387,DAS
06388,DAS
06390,REMOTE
06401,DAS
06403,DAS
06404,DAS
06409,DAS
06412,DAS
06414,DAS
06415,DAS
06417,DAS
06419,DAS
06420,EDAS
06422,DAS
06423,DAS
06424,DAS
06426,DAS
06437,DAS
06438,DAS
06439,DAS
06440,DAS
06441,DAS
06442,DAS
06443,DAS
06447,DAS
06469,DAS
06470,DAS
06474,DAS
06475,DAS
06478,DAS
06479,DAS
06480,DAS
06481,DAS
06482,DAS
06483,DAS
06487,DAS
06488,DAS
06498,DAS
06524,DAS
06525,DAS
06612,DAS
06704,DAS
06712,DAS
06716,DAS
06749,DAS
06750,EDAS
06751,DAS
06752,EDAS
06753,EDAS
06754,EDAS
06755,EDAS
06756,EDAS
06757,EDAS
06758,EDAS
06759,DAS
06762,DAS
06763,EDAS
06776,DAS
06777,EDAS
06778,DAS
06779,DAS
06782,DAS
06783,EDAS
06784,EDAS
06785,EDAS
06786,DAS
06787,DAS
06790,DAS
06791,DAS
06793,DAS
06794,EDAS
06795,DAS
06796,EDAS
06798,DAS
06801,DAS
06812,DAS
06840,DAS
06877,DAS
06883,DAS
06896,DAS
06897,DAS
06903,DAS
07005,DAS
07045,DAS
07416,DAS
07418,DAS
07419,DAS
07421,DAS
07422,DAS
07428,DAS
07435,EDAS
07438,DAS
07439,DAS
07456,DAS
07460,EDAS
07461,DAS
07462,DAS
07465,DAS
07480,DAS
07710,DAS
07716,DAS
07717,DAS
07719,DAS
07720,DAS
07722,DAS
07727,DAS
07732,DAS
07738,DAS
07762,DAS
07803,DAS
07821,DAS
07822,DAS
07823,DAS
07825,EDAS
07826,EDAS
07827,EDAS
07830,DAS
07832,EDAS
07833,EDAS
07838,EDAS
07839,DAS
07844,EDAS
07846,DAS
07847,DAS
07848,DAS
07849,DAS
07851,EDAS
07853,DAS
07855,DAS
07856,DAS
07860,DAS
07863,EDAS
07865,EDAS
07870,DAS
07871,DAS
07875,EDAS
07879,DAS
07880,EDAS
07881,REMOTE
07882,DAS
07890,EDAS
07924,DAS
07930,DAS
07931,EDAS
07934,DAS
07935,DAS
07938,DAS
07945,DAS
07976,DAS
07977,DAS
07979,DAS
07980,DAS
08001,DAS
08004,DAS
08005,DAS
08006,EDAS
08008,DAS
08011,DAS
08014,DAS
08015,DAS
08019,EDAS
08022,DAS
08025,DAS
08037,DAS
08038,DAS
08041,EDAS
08042,DAS
08050,DAS
08064,EDAS
08067,DAS
08068,DAS
08069,DAS
08070,DAS
08072,DAS
08073,DAS
08079,DAS
08087,DAS
08088,DAS
08089,DAS
08092,DAS
08095,DAS
08098,DAS
08201,DAS
08202,DAS
08203,DAS
08204,DAS
08205,DAS
08210,DAS
08212,DAS
08213,DAS
08214,DAS
08215,DAS
08217,DAS
08219,EDAS
08220,DAS
08221,DAS
08223,DAS
08224,DAS
08225,DAS
08226,DAS
08230,DAS
08232,DAS
08240,DAS
08241,DAS
08242,DAS
08243,DAS
08245,DAS
08246,EDAS
08247,DAS
08248,DAS
08250,EDAS
08251,DAS
08252,EDAS
08260,DAS
08270,EDAS
08302,DAS
08310,DAS
08311,EDAS
08312,DAS
08313,DAS
08314,EDAS
08315,EDAS
08316,EDAS
08317,DAS
08318,DAS
08319,EDAS
08320,DAS
08321,EDAS
08322,DAS
08323,EDAS
08324,EDAS
08326,DAS
08327,EDAS
08328,DAS
08329,DAS
08330,DAS
08340,EDAS
08341,DAS
08342,DAS
08343,DAS
08344,DAS
08345,EDAS
08346,EDAS
08348,DAS
08349,REMOTE
08350,DAS
08352,DAS
08361,DAS
08402,DAS
08403,DAS
08405,DAS
08406,DAS
08501,DAS
08502,DAS
08510,DAS
08511,DAS
08514,DAS
08515,DAS
08525,DAS
08530,DAS
08533,DAS
08535,DAS
08551,DAS
08553,DAS
08554,DAS
08555,DAS
08556,DAS
08557,EDAS
08559,EDAS
08560,DAS
08562,DAS
08721,DAS
08731,DAS
08732,DAS
08735,DAS
08736,DAS
08740,DAS
08751,DAS
08752,DAS
08757,DAS
08758,DAS
08759,DAS
08802,DAS
08804,DAS
08809,DAS
08812,DAS
08823,DAS
08824,DAS
08825,DAS
08826,DAS
08827,DAS
08829,DAS
08836,DAS
08844,DAS
08848,DAS
08852,DAS
08853,DAS
08858,DAS
08865,DAS
08867,EDAS
08868,DAS
08870,DAS
08886,DAS
08889,DAS
10001,DAS
10002,DAS
10003,DAS
10004,DAS
10005,DAS
10006,DAS
10007,DAS
10008,DAS
10009,DAS
10010,DAS
10011,DAS
10012,DAS
10013,DAS
10014,DAS
10016,DAS
10017,DAS
10018,DAS
10019,DAS
10020,DAS
10022,DAS
10029,DAS
10036,DAS
10038,DAS
10041,DAS
10045,DAS
10055,DAS
10081,DAS
10101,DAS
10103,DAS
10104,DAS
10105,DAS
10107,DAS
10110,DAS
10111,DAS
10112,DAS
10116,DAS
10118,DAS
10119,DAS
10120,DAS
10121,DAS
10122,DAS
10123,DAS
10150,DAS
10151,DAS
10152,DAS
10153,DAS
10154,DAS
10155,DAS
10158,DAS
10165,DAS
10166,DAS
10167,DAS
10168,DAS
10169,DAS
10170,DAS
10171,DAS
10173,DAS
10174,DAS
10175,DAS
10176,DAS
10177,DAS
10178,DAS
10179,DAS
10199,DAS
10270,DAS
10271,DAS
10278,DAS
10279,DAS
10280,DAS
10282,DAS
10452,DAS
10453,DAS
10456,DAS
10457,DAS
10458,DAS
10459,DAS
10460,DAS
10467,DAS
10469,DAS
10470,DAS
10471,DAS
10475,DAS
10505,DAS
10506,DAS
10509,DAS
10516,DAS
10518,DAS
10519,DAS
10524,DAS
10526,DAS
10536,DAS
10541,DAS
10542,DAS
10552,DAS
10560,DAS
10566,DAS
10576,DAS
10578,DAS
10579,DAS
10588,DAS
10590,DAS
10597,DAS
10910,EDAS
10911,EDAS
10916,DAS
10919,DAS
10922,DAS
10924,DAS
10925,DAS
10928,EDAS
10930,DAS
10931,DAS
10933,DAS
10958,DAS
10963,DAS
10964,DAS
10968,DAS
10969,EDAS
10973,DAS
10974,DAS
10975,DAS
10979,DAS
10985,DAS
10986,DAS
10987,DAS
10990,DAS
10998,DAS
11212,DAS
11221,DAS
11226,DAS
11239,DAS
11569,DAS
11770,REMOTE
11792,DAS
11930,DAS
11932,DAS
11933,DAS
11935,DAS
11937,DAS
11939,DAS
11941,DAS
11942,DAS
11944,DAS
11946,DAS
11948,DAS
11949,DAS
11952,DAS
11954,DAS
11955,DAS
11956,DAS
11957,DAS
11958,DAS
11959,DAS
11960,DAS
11961,DAS
11962,DAS
11963,DAS
11964,EDAS
11965,REMOTE
11968,DAS
11970,DAS
11971,DAS
11972,DAS
11975,DAS
11976,DAS
11977,DAS
11978,DAS
12007,EDAS
12008,DAS
12009,DAS
12015,DAS
12016,EDAS
12017,EDAS
12018,DAS
12019,DAS
12020,DAS
12022,EDAS
12023,EDAS
12024,EDAS
12025,EDAS
12027,DAS
12028,EDAS
12029,EDAS
12031,EDAS
12032,EDAS
12033,DAS
12035,EDAS
12036,EDAS
12037,EDAS
12040,EDAS
12041,DAS
12042,EDAS
12043,DAS
12046,EDAS
12050,DAS
12052,EDAS
12053,EDAS
12055,EDAS
12056,EDAS
12057,EDAS
12058,EDAS
12059,DAS
12060,EDAS
12062,EDAS
12063,DAS
12064,EDAS
12066,EDAS
12067,DAS
12068,EDAS
12069,DAS
12070,EDAS
12071,EDAS
12072,EDAS
12073,DAS
12074,DAS
12075,EDAS
12076,EDAS
12078,DAS
12082,EDAS
12083,DAS
12086,DAS
12087,EDAS
12090,DAS
12092,EDAS
12093,EDAS
12094,EDAS
12106,DAS
12107,EDAS
12108,EDAS
12115,DAS
12116,REMOTE
12117,EDAS
12118,DAS
12120,EDAS
12121,EDAS
12122,EDAS
12123,DAS
12125,EDAS
12131,REMOTE
12132,DAS
12133,DAS
12134,EDAS
12136,EDAS
12137,EDAS
12138,EDAS
12139,EDAS
12140,DAS
12141,DAS
12143,DAS
12147,EDAS
12148,DAS
12149,EDAS
12150,DAS
12151,DAS
12153,EDAS
12154,DAS
12155,EDAS
12156,EDAS
12157,EDAS
12160,EDAS
12164,EDAS
12165,EDAS
12166,EDAS
12167,EDAS
12168,EDAS
12169,EDAS
12170,EDAS
12173,DAS
12174,DAS
12175,EDAS
12176,EDAS
12177,DAS
12184,DAS
12185,DAS
12186,DAS
12187,EDAS
12190,EDAS
12192,DAS
12193,EDAS
12194,EDAS
12195,EDAS
12196,DAS
12197,EDAS
12236,DAS
12307,DAS
12404,EDAS
12405,EDAS
12406,EDAS
12407,DAS
12409,EDAS
12410,EDAS
12411,EDAS
12412,EDAS
12413,EDAS
12414,DAS
12416,EDAS
12417,DAS
12418,EDAS
12419,DAS
12420,DAS
12421,EDAS
12422,EDAS
12423,DAS
12424,EDAS
12427,EDAS
12428,EDAS
12430,EDAS
12431,DAS
12432,DAS
12433,DAS
12434,EDAS
12435,EDAS
12436,DAS
12438,EDAS
12439,EDAS
12440,DAS
12441,EDAS
12442,EDAS
12443,DAS
12444,EDAS
12446,EDAS
12448,EDAS
12450,EDAS
12451,DAS
12452,EDAS
12453,DAS
12454,EDAS
12455,EDAS
12456,DAS
12457,EDAS
12458,DAS
12459,EDAS
12460,EDAS
12461,EDAS
12463,EDAS
12464,EDAS
12465,EDAS
12466,DAS
12468,EDAS
12469,EDAS
12470,EDAS
12472,DAS
12473,DAS
12474,EDAS
12475,EDAS
12477,DAS
12480,EDAS
12481,EDAS
12482,DAS
12483,EDAS
12484,DAS
12485,EDAS
12486,DAS
12487,DAS
12489,EDAS
12490,EDAS
12491,DAS
12492,EDAS
12493,EDAS
12494,EDAS
12495,EDAS
12496,EDAS
12498,DAS
12501,EDAS
12502,EDAS
12503,EDAS
12504,DAS
12506,DAS
12507,DAS
12513,DAS
12514,DAS
12515,DAS
12516,EDAS
12517,EDAS
12521,EDAS
12522,EDAS
12523,EDAS
12525,DAS
12526,EDAS
12528,DAS
12529,EDAS
12530,DAS
12531,DAS
12533,DAS
12534,DAS
12538,DAS
12541,DAS
12542,DAS
12544,DAS
12545,DAS
12546,EDAS
12547,DAS
12548,DAS
12561,DAS
12563,DAS
12564,DAS
12565,DAS
12566,DAS
12567,EDAS
12568,DAS
12569,DAS
12570,DAS
12571,DAS
12572,DAS
12574,DAS
12575,DAS
12578,DAS
12580,DAS
12581,EDAS
12582,DAS
12583,EDAS
12585,DAS
12588,EDAS
12592,DAS
12594,DAS
12602,DAS
12701,DAS
12719,EDAS
12720,EDAS
12721,DAS
12722,DAS
12723,EDAS
12724,DAS
12725,EDAS
12726,REMOTE
12727,EDAS
12729,DAS
12732,EDAS
12733,DAS
12734,EDAS
12736,EDAS
12737,EDAS
12738,EDAS
12740,EDAS
12741,EDAS
12742,DAS
12743,EDAS
12745,EDAS
12746,EDAS
12747,EDAS
12748,EDAS
12749,EDAS
12750,EDAS
12751,EDAS
12752,EDAS
12754,DAS
12758,EDAS
12759,DAS
12760,EDAS
12762,EDAS
12763,EDAS
12764,EDAS
12765,EDAS
12766,EDAS
12767,DAS
12768,REMOTE
12769,DAS
12770,EDAS
12771,DAS
12775,DAS
12776,EDAS
12777,EDAS
12778,EDAS
12779,DAS
12780,EDAS
12781,DAS
12782,EDAS
12783,EDAS
12784,EDAS
12785,DAS
12786,EDAS
12787,DAS
12788,EDAS
12789,EDAS
12790,EDAS
12791,EDAS
12792,EDAS
12803,DAS
12804,DAS
12808,EDAS
12809,EDAS
12810,EDAS
12811,EDAS
12812,EDAS
12814,EDAS
12815,EDAS
12816,EDAS
12817,EDAS
12819,REMOTE
12820,DAS
12821,DAS
12822,EDAS
12823,EDAS
12824,EDAS
12827,EDAS
12828,EDAS
12831,DAS
12832,EDAS
12833,DAS
12834,DAS
12835,EDAS
12836,EDAS
12837,EDAS
12838,EDAS
12839,DAS
12841,REMOTE
12842,EDAS
12843,EDAS
12844,EDAS
12845,DAS
12846,EDAS
12847,REMOTE
12848,DAS
12849,EDAS
12850,EDAS
12851,EDAS
12852,EDAS
12853,EDAS
12854,DAS
12855,EDAS
12856,EDAS
12857,EDAS
12858,REMOTE
12859,EDAS
12860,EDAS
12861,REMOTE
12862,REMOTE
12863,DAS
12865,EDAS
12870,EDAS
12871,EDAS
12872,REMOTE
12873,EDAS
12874,EDAS
12878,EDAS
12879,EDAS
12883,EDAS
12884,DAS
12885,EDAS
12886,DAS
12887,EDAS
12910,EDAS
12911,DAS
12912,EDAS
12913,EDAS
12914,EDAS
12915,DAS
12916,REMOTE
12917,EDAS
12918,EDAS
12920,EDAS
12921,DAS
12922,EDAS
12923,EDAS
12924,DAS
12926,REMOTE
12927,EDAS
12928,EDAS
12930,EDAS
12932,EDAS
12933,DAS
12934,EDAS
12935,EDAS
12936,EDAS
12937,EDAS
12939,EDAS
12941,EDAS
12942,EDAS
12943,EDAS
12944,EDAS
12945,EDAS
12946,DAS
12949,DAS
12950,EDAS
12952,EDAS
12953,DAS
12955,EDAS
12956,EDAS
12957,EDAS
12958,DAS
12959,EDAS
12960,EDAS
12961,EDAS
12962,DAS
12964,EDAS
12965,EDAS
12966,EDAS
12967,EDAS
12969,EDAS
12970,EDAS
12972,DAS
12973,EDAS
12974,EDAS
12975,DAS
12976,EDAS
12977,DAS
12978,DAS
12979,DAS
12980,EDAS
12981,EDAS
12983,DAS
12985,EDAS
12986,REMOTE
12987,EDAS
12989,EDAS
12992,DAS
12993,EDAS
12995,DAS
12996,EDAS
12997,EDAS
12998,EDAS
13026,EDAS
13028,EDAS
13030,DAS
13032,DAS
13033,DAS
13034,EDAS
13035,DAS
13036,DAS
13037,DAS
13040,EDAS
13042,EDAS
13043,DAS
13044,EDAS
13045,DAS
13052,EDAS
13053,EDAS
13054,EDAS
13056,DAS
13060,DAS
13061,EDAS
13062,DAS
13063,EDAS
13064,DAS
13065,DAS
13068,DAS
13069,DAS
13071,EDAS
13072,EDAS
13073,DAS
13074,DAS
13076,DAS
13077,EDAS
13078,DAS
13080,DAS
13081,EDAS
13082,DAS
13083,EDAS
13084,DAS
13087,EDAS
13092,EDAS
13093,DAS
13101,EDAS
13102,EDAS
13103,DAS
13107,DAS
13108,DAS
13110,EDAS
13111,EDAS
13112,DAS
13114,EDAS
13117,DAS
13118,EDAS
13119,DAS
13120,DAS
13121,DAS
13122,EDAS
13123,EDAS
13124,EDAS
13126,DAS
13131,DAS
13132,DAS
13135,DAS
13136,EDAS
13138,DAS
13139,DAS
13140,EDAS
13141,EDAS
13142,DAS
13143,EDAS
13144,EDAS
13145,EDAS
13146,EDAS
13147,EDAS
13148,DAS
13152,DAS
13154,DAS
13155,EDAS
13156,EDAS
13158,EDAS
13159,DAS
13160,EDAS
13162,EDAS
13164,DAS
13166,DAS
13167,DAS
13301,DAS
13302,EDAS
13303,EDAS
13304,DAS
13305,DAS
13308,DAS
13309,EDAS
13310,DAS
13312,EDAS
13313,DAS
13314,DAS
13315,EDAS
13316,EDAS
13317,EDAS
13318,EDAS
13320,EDAS
13322,EDAS
13324,EDAS
13325,EDAS
13326,DAS
13327,EDAS
13328,DAS
13329,EDAS
13331,EDAS
13332,EDAS
13333,EDAS
13334,EDAS
13335,DAS
13337,DAS
13338,EDAS
13339,EDAS
13342,EDAS
13343,EDAS
13345,EDAS
13346,DAS
13348,EDAS
13352,DAS
13353,EDAS
13354,DAS
13355,REMOTE
13357,DAS
13360,EDAS
13361,EDAS
13363,DAS
13364,DAS
13365,EDAS
13367,EDAS
13368,EDAS
13401,DAS
13402,DAS
13404,REMOTE
13406,EDAS
13407,DAS
13408,DAS
13409,DAS
13411,EDAS
13415,DAS
13416,EDAS
13418,EDAS
13420,EDAS
13425,DAS
13426,EDAS
13428,DAS
13431,EDAS
13433,EDAS
13435,EDAS
13436,EDAS
13437,EDAS
13438,EDAS
13439,EDAS
13450,EDAS
13452,EDAS
13454,EDAS
13455,DAS
13456,DAS
13457,EDAS
13459,EDAS
13460,EDAS
13461,DAS
13464,EDAS
13468,EDAS
13469,DAS
13470,EDAS
13471,EDAS
13472,EDAS
13473,EDAS
13475,DAS
13476,DAS
13477,EDAS
13480,DAS
13482,DAS
13483,EDAS
13484,EDAS
13485,EDAS
13486,EDAS
13488,EDAS
13489,EDAS
13490,DAS
13491,EDAS
13493,EDAS
13494,EDAS
13602,EDAS
13605,DAS
13606,DAS
13607,DAS
13608,EDAS
13611,DAS
13612,DAS
13613,EDAS
13614,EDAS
13615,DAS
13616,DAS
13617,DAS
13618,EDAS
13619,DAS
13620,EDAS
13621,EDAS
13622,EDAS
13623,DAS
13624,DAS
13625,EDAS
13626,EDAS
13627,DAS
13628,DAS
13630,EDAS
13631,EDAS
13632,EDAS
13633,EDAS
13634,DAS
13635,EDAS
13636,DAS
13637,EDAS
13638,DAS
13639,EDAS
13640,DAS
13641,EDAS
13642,DAS
13643,EDAS
13645,DAS
13646,EDAS
13647,DAS
13648,EDAS
13649,DAS
13650,EDAS
13651,DAS
13652,EDAS
13654,EDAS
13655,EDAS
13656,EDAS
13657,DAS
13658,EDAS
13659,EDAS
13660,EDAS
13661,EDAS
13664,EDAS
13665,EDAS
13666,EDAS
13667,EDAS
13668,EDAS
13670,EDAS
13671,EDAS
13672,EDAS
13673,EDAS
13674,EDAS
13675,EDAS
13676,DAS
13677,DAS
13678,EDAS
13679,EDAS
13680,EDAS
13681,EDAS
13682,EDAS
13684,EDAS
13685,DAS
13687,EDAS
13688,DAS
13690,EDAS
13691,EDAS
13692,EDAS
13693,EDAS
13694,EDAS
13695,EDAS
13696,EDAS
13697,REMOTE
13730,EDAS
13731,EDAS
13732,DAS
13733,EDAS
13734,EDAS
13736,EDAS
13738,DAS
13739,EDAS
13740,EDAS
13743,EDAS
13744,DAS
13746,EDAS
13750,EDAS
13751,EDAS
13752,EDAS
13753,EDAS
13754,EDAS
13755,EDAS
13756,EDAS
13757,EDAS
13758,DAS
13774,EDAS
13775,EDAS
13776,EDAS
13777,DAS
13778,DAS
13780,EDAS
13782,EDAS
13783,EDAS
13784,DAS
13786,EDAS
13787,EDAS
13788,EDAS
13794,DAS
13795,DAS
13796,EDAS
13797,EDAS
13801,EDAS
13802,DAS
13803,EDAS
13804,REMOTE
13806,EDAS
13807,EDAS
13808,EDAS
13809,EDAS
13810,EDAS
13811,EDAS
13813,EDAS
13815,DAS
13820,DAS
13825,EDAS
13826,DAS
13827,DAS
13830,EDAS
13832,REMOTE
13833,DAS
13834,DAS
13835,EDAS
13837,DAS
13838,DAS
13839,EDAS
13840,DAS
13841,EDAS
13842,EDAS
13843,EDAS
13844,EDAS
13845,DAS
13846,EDAS
13847,REMOTE
13848,DAS
13849,EDAS
13856,EDAS
13859,EDAS
13861,DAS
13862,EDAS
13863,EDAS
13864,EDAS
13865,EDAS
14001,DAS
14005,DAS
14008,EDAS
14009,DAS
14011,DAS
14012,EDAS
14013,EDAS
14020,DAS
14024,EDAS
14025,DAS
14027,DAS
14028,EDAS
14029,DAS
14030,DAS
14033,DAS
14034,EDAS
14035,EDAS
14036,DAS
14037,EDAS
14039,REMOTE
14040,EDAS
14041,DAS
14042,EDAS
14054,EDAS
14055,EDAS
14057,DAS
14058,EDAS
14060,EDAS
14061,DAS
14062,EDAS
14063,DAS
14065,EDAS
14066,EDAS
14067,EDAS
14069,EDAS
14070,DAS
14080,DAS
14081,DAS
14082,EDAS
14083,EDAS
14091,EDAS
14098,EDAS
14101,EDAS
14103,DAS
14105,DAS
14108,DAS
14109,EDAS
14111,DAS
14113,EDAS
14125,EDAS
14126,DAS
14129,DAS
14131,DAS
14132,DAS
14133,DAS
14134,DAS
14135,DAS
14136,DAS
14138,EDAS
14139,DAS
14141,DAS
14143,DAS
14145,EDAS
14166,EDAS
14167,EDAS
14168,DAS
14169,DAS
14170,DAS
14171,EDAS
14172,DAS
14173,DAS
14174,DAS
14206,DAS
14411,DAS
14413,DAS
14414,DAS
14415,EDAS
14416,DAS
14418,EDAS
14422,DAS
14423,DAS
14424,DAS
14427,EDAS
14428,DAS
14429,DAS
14432,DAS
14433,EDAS
14435,EDAS
14437,DAS
14443,DAS
14449,DAS
14452,DAS
14454,DAS
14456,DAS
14461,EDAS
14462,EDAS
14464,DAS
14466,EDAS
14469,DAS
14470,DAS
14471,EDAS
14472,DAS
14475,DAS
14476,EDAS
14477,EDAS
14478,DAS
14479,DAS
14480,DAS
14481,EDAS
14482,DAS
14485,DAS
14486,EDAS
14487,DAS
14489,DAS
14504,DAS
14505,DAS
14506,DAS
14507,EDAS
14510,EDAS
14511,DAS
14512,EDAS
14516,EDAS
14517,EDAS
14518,DAS
14519,DAS
14520,DAS
14521,EDAS
14522,DAS
14525,EDAS
14527,DAS
14530,DAS
14532,DAS
14533,DAS
14536,EDAS
14538,DAS
14539,EDAS
14541,EDAS
14543,DAS
14544,DAS
14545,DAS
14546,DAS
14547,EDAS
14548,DAS
14549,EDAS
14550,EDAS
14551,DAS
14555,DAS
14556,DAS
14557,DAS
14560,EDAS
14561,EDAS
14563,DAS
14568,DAS
14569,DAS
14571,EDAS
14572,DAS
14589,DAS
14590,EDAS
14591,EDAS
14592,DAS
14701,DAS
14706,EDAS
14707,DAS
14708,EDAS
14709,EDAS
14710,DAS
14711,EDAS
14712,DAS
14714,EDAS
14715,EDAS
14716,DAS
14717,EDAS
14718,EDAS
14719,EDAS
14720,DAS
14721,EDAS
14723,EDAS
14724,EDAS
14726,EDAS
14727,EDAS
14728,EDAS
14729,EDAS
14730,EDAS
14731,EDAS
14732,DAS
14733,DAS
14735,EDAS
14736,EDAS
14737,EDAS
14738,EDAS
14739,EDAS
14740,EDAS
14741,EDAS
14743,EDAS
14744,EDAS
14745,DAS
14747,EDAS
14748,EDAS
14751,REMOTE
14752,DAS
14753,EDAS
14754,EDAS
14755,EDAS
14757,DAS
14758,EDAS
14760,DAS
14766,DAS
14767,EDAS
14769,EDAS
14770,EDAS
14772,EDAS
14774,EDAS
14775,EDAS
14777,EDAS
14779,EDAS
14781,EDAS
14782,EDAS
14783,DAS
14784,EDAS
14786,DAS
14787,DAS
14788,DAS
14801,EDAS
14802,DAS
14803,EDAS
14804,EDAS
14805,EDAS
14806,EDAS
14807,EDAS
14808,EDAS
14809,EDAS
14810,DAS
14812,EDAS
14813,EDAS
14815,EDAS
14816,DAS
14817,DAS
14818,DAS
14819,EDAS
14820,EDAS
14821,EDAS
14822,EDAS
14823,EDAS
14824,DAS
14825,DAS
14826,EDAS
14830,DAS
14831,DAS
14836,EDAS
14837,EDAS
14838,DAS
14839,EDAS
14840,EDAS
14841,EDAS
14842,EDAS
14843,DAS
14846,EDAS
14847,DAS
14854,DAS
14855,EDAS
14857,DAS
14858,EDAS
14859,EDAS
14860,EDAS
14861,EDAS
14863,DAS
14864,DAS
14865,DAS
14867,DAS
14869,DAS
14871,DAS
14872,DAS
14873,EDAS
14874,EDAS
14876,DAS
14877,EDAS
14878,EDAS
14879,EDAS
14880,EDAS
14881,DAS
14882,DAS
14883,EDAS
14884,EDAS
14885,EDAS
14886,DAS
14887,DAS
14889,EDAS
14891,DAS
14893,DAS
14894,DAS
14895,EDAS
14897,EDAS
14898,EDAS
15018,EDAS
15019,DAS
15020,DAS
15021,EDAS
15026,DAS
15030,DAS
15031,DAS
15033,DAS
15036,EDAS
15037,DAS
15043,EDAS
15050,DAS
15052,DAS
15053,DAS
15054,DAS
15057,DAS
15059,DAS
15060,DAS
15064,EDAS
15072,DAS
15075,DAS
15076,DAS
15077,DAS
15078,EDAS
15081,DAS
15083,EDAS
15088,DAS
15126,DAS
15310,REMOTE
15311,EDAS
15312,EDAS
15313,DAS
15314,DAS
15315,DAS
15316,DAS
15320,DAS
15322,EDAS
15323,EDAS
15324,DAS
15325,DAS
15327,DAS
15329,EDAS
15330,DAS
15331,DAS
15332,DAS
15333,EDAS
15334,DAS
15337,EDAS
15338,EDAS
15340,DAS
15341,EDAS
15344,DAS
15345,EDAS
15346,DAS
15347,DAS
15348,DAS
15349,EDAS
15351,DAS
15352,EDAS
15354,EDAS
15357,DAS
15358,DAS
15359,EDAS
15360,EDAS
15362,REMOTE
15364,EDAS
15365,DAS
15366,DAS
15368,DAS
15370,DAS
15376,EDAS
15377,REMOTE
15379,DAS
15380,EDAS
15410,EDAS
15411,EDAS
15412,EDAS
15413,DAS
15415,DAS
15417,DAS
15420,DAS
15421,DAS
15422,DAS
15423,DAS
15424,EDAS
15427,DAS
15428,DAS
15429,DAS
15430,DAS
15431,DAS
15433,EDAS
15435,DAS
15437,DAS
15438,DAS
15439,DAS
15440,EDAS
15442,DAS
15443,DAS
15444,DAS
15445,DAS
15446,DAS
15447,DAS
15449,DAS
15450,DAS
15451,EDAS
15454,DAS
15458,DAS
15459,EDAS
15460,DAS
15461,DAS
15462,DAS
15463,DAS
15464,EDAS
15466,DAS
15467,EDAS
15468,DAS
15469,DAS
15470,EDAS
15473,DAS
15474,DAS
15475,DAS
15477,DAS
15478,DAS
15479,DAS
15480,DAS
15482,DAS
15483,DAS
15484,DAS
15485,EDAS
15486,EDAS
15488,EDAS
15490,DAS
15501,DAS
15510,EDAS
15520,DAS
15521,DAS
15522,DAS
15530,EDAS
15531,EDAS
15532,EDAS
15533,EDAS
15534,EDAS
15535,REMOTE
15536,EDAS
15537,DAS
15538,REMOTE
15539,DAS
15540,EDAS
15541,DAS
15542,EDAS
15544,EDAS
15545,EDAS
15546,DAS
15547,EDAS
15548,DAS
15549,DAS
15550,EDAS
15551,EDAS
15552,EDAS
15553,DAS
15554,DAS
15555,DAS
15557,EDAS
15558,EDAS
15559,EDAS
15560,REMOTE
15562,DAS
15563,EDAS
15564,EDAS
15565,DAS
15610,DAS
15612,DAS
15613,DAS
15617,DAS
15618,DAS
15622,DAS
15627,DAS
15628,DAS
15630,DAS
15641,DAS
15646,DAS
15655,EDAS
15656,DAS
15658,DAS
15670,DAS
15671,DAS
15673,EDAS
15677,EDAS
15679,DAS
15680,DAS
15681,DAS
15682,DAS
15684,DAS
15686,EDAS
15687,EDAS
15688,DAS
15690,EDAS
15693,EDAS
15698,DAS
15710,DAS
15711,EDAS
15712,DAS
15713,EDAS
15714,DAS
15716,EDAS
15717,DAS
15721,DAS
15722,DAS
15723,DAS
15724,EDAS
15725,EDAS
15727,EDAS
15728,DAS
15729,EDAS
15730,DAS
15731,DAS
15732,EDAS
15734,DAS
15736,EDAS
15737,EDAS
15738,DAS
15739,DAS
15741,DAS
15742,EDAS
15745,EDAS
15746,EDAS
15747,EDAS
15748,DAS
15750,DAS
15752,DAS
15753,EDAS
15754,DAS
15756,EDAS
15757,EDAS
15758,EDAS
15759,EDAS
15760,DAS
15762,DAS
15763,REMOTE
15764,DAS
15765,EDAS
15767,EDAS
15770,EDAS
15771,EDAS
15772,EDAS
15773,EDAS
15774,EDAS
15775,DAS
15776,DAS
15777,DAS
15778,EDAS
15779,EDAS
15780,EDAS
15783,DAS
15821,EDAS
15823,DAS
15824,DAS
15825,DAS
15827,DAS
15828,EDAS
15829,EDAS
15831,EDAS
15832,EDAS
15834,EDAS
15840,DAS
15841,DAS
15845,DAS
15846,DAS
15847,EDAS
15848,EDAS
15849,EDAS
15851,DAS
15853,DAS
15856,EDAS
15857,DAS
15860,EDAS
15861,EDAS
15863,EDAS
15864,EDAS
15865,DAS
15866,DAS
15868,EDAS
15870,EDAS
15906,DAS
15909,DAS
15920,DAS
15922,DAS
15923,EDAS
15924,EDAS
15926,EDAS
15927,DAS
15928,DAS
15929,EDAS
15930,DAS
15931,DAS
15934,DAS
15935,DAS
15936,EDAS
15937,DAS
15938,DAS
15940,EDAS
15942,EDAS
15943,DAS
15944,EDAS
15946,DAS
15949,DAS
15953,DAS
15954,DAS
15955,EDAS
15957,EDAS
15958,DAS
15960,DAS
15961,EDAS
15963,DAS
16002,DAS
16020,EDAS
16021,EDAS
16022,DAS
16023,DAS
16024,DAS
16025,DAS
16027,DAS
16028,EDAS
16030,DAS
16033,DAS
16034,EDAS
16035,EDAS
16036,EDAS
16037,DAS
16038,DAS
16039,DAS
16040,EDAS
16041,EDAS
16048,DAS
16049,EDAS
16050,EDAS
16051,DAS
16052,DAS
16053,DAS
16055,DAS
16056,DAS
16057,DAS
16058,REMOTE
16061,DAS
16102,DAS
16105,DAS
16110,EDAS
16111,EDAS
16112,DAS
16113,DAS
16114,EDAS
16115,EDAS
16116,DAS
16117,DAS
16120,EDAS
16123,DAS
16124,EDAS
16125,DAS
16130,EDAS
16131,EDAS
16132,DAS
16133,DAS
16134,DAS
16136,DAS
16137,DAS
16140,DAS
16141,EDAS
16142,DAS
16143,DAS
16145,EDAS
16150,DAS
16151,DAS
16153,DAS
16154,DAS
16155,DAS
16156,DAS
16157,EDAS
16159,DAS
16160,DAS
16172,DAS
16201,DAS
16210,EDAS
16212,EDAS
16213,EDAS
16217,DAS
16218,EDAS
16220,REMOTE
16221,EDAS
16222,EDAS
16223,DAS
16224,EDAS
16225,REMOTE
16226,EDAS
16229,DAS
16230,EDAS
16232,DAS
16233,EDAS
16234,EDAS
16235,EDAS
16236,EDAS
16239,EDAS
16240,EDAS
16242,EDAS
16244,EDAS
16245,EDAS
16246,DAS
16248,EDAS
16249,EDAS
16250,DAS
16253,DAS
16254,DAS
16255,EDAS
16256,EDAS
16258,EDAS
16259,EDAS
16260,EDAS
16262,DAS
16263,EDAS
16301,DAS
16311,DAS
16312,EDAS
16313,EDAS
16314,DAS
16316,DAS
16317,EDAS
16319,DAS
16321,DAS
16322,REMOTE
16323,DAS
16326,DAS
16327,DAS
16328,DAS
16329,EDAS
16331,DAS
16332,EDAS
16333,DAS
16334,EDAS
16340,EDAS
16341,EDAS
16342,EDAS
16345,EDAS
16346,DAS
16347,EDAS
16350,EDAS
16351,EDAS
16352,EDAS
16353,EDAS
16354,DAS
16360,DAS
16361,EDAS
16362,EDAS
16364,EDAS
16365,DAS
16366,DAS
16367,DAS
16369,DAS
16370,EDAS
16371,EDAS
16372,DAS
16373,EDAS
16374,EDAS
16375,DAS
16401,DAS
16402,EDAS
16403,DAS
16404,EDAS
16405,EDAS
16406,EDAS
16407,DAS
16410,DAS
16411,DAS
16412,DAS
16413,DAS
16416,DAS
16417,DAS
16420,EDAS
16422,DAS
16424,DAS
16426,DAS
16428,DAS
16430,DAS
16432,DAS
16433,DAS
16434,EDAS
16435,EDAS
16436,EDAS
16438,DAS
16440,DAS
16441,DAS
16442,EDAS
16443,DAS
16475,DAS
16611,EDAS
16613,DAS
16614,DAS
16616,EDAS
16619,EDAS
16620,DAS
16621,EDAS
16622,EDAS
16623,EDAS
16624,DAS
16625,EDAS
16627,EDAS
16630,DAS
16633,DAS
16634,EDAS
16636,EDAS
16637,DAS
16638,EDAS
16639,EDAS
16640,DAS
16641,DAS
16644,EDAS
16645,EDAS
16646,DAS
16647,EDAS
16650,EDAS
16651,EDAS
16652,EDAS
16654,DAS
16655,EDAS
16656,EDAS
16657,EDAS
16659,DAS
16660,DAS
16661,EDAS
16662,DAS
16663,EDAS
16664,EDAS
16666,EDAS
16667,EDAS
16668,EDAS
16669,EDAS
16670,DAS
16671,DAS
16672,EDAS
16674,EDAS
16675,DAS
16677,EDAS
16678,EDAS
16679,EDAS
16680,EDAS
16681,DAS
16683,EDAS
16684,DAS
16685,EDAS
16686,DAS
16689,EDAS
16691,EDAS
16692,EDAS
16693,EDAS
16694,EDAS
16695,EDAS
16698,EDAS
16701,DAS
16720,EDAS
16724,DAS
16725,DAS
16726,EDAS
16727,EDAS
16729,EDAS
16730,EDAS
16731,EDAS
16732,EDAS
16733,EDAS
16734,EDAS
16735,EDAS
16738,EDAS
16740,EDAS
16743,EDAS
16744,EDAS
16745,EDAS
16746,REMOTE
16748,EDAS
16749,EDAS
16750,EDAS
16751,EDAS
16801,DAS
16803,DAS
16820,EDAS
16821,DAS
16822,EDAS
16823,DAS
16826,EDAS
16827,DAS
16828,DAS
16829,EDAS
16830,EDAS
16832,EDAS
16833,DAS
16834,EDAS
16835,EDAS
16836,EDAS
16837,REMOTE
16838,EDAS
16839,EDAS
16840,DAS
16841,EDAS
16844,DAS
16845,EDAS
16847,DAS
16848,DAS
16849,EDAS
16851,DAS
16852,EDAS
16854,EDAS
16855,EDAS
16856,EDAS
16858,EDAS
16859,EDAS
16860,EDAS
16861,EDAS
16863,EDAS
16864,REMOTE
16865,EDAS
16866,EDAS
16870,DAS
16871,REMOTE
16872,EDAS
16873,DAS
16874,EDAS
16875,EDAS
16876,DAS
16877,DAS
16878,EDAS
16879,DAS
16881,EDAS
16882,EDAS
16901,DAS
16910,DAS
16911,EDAS
16912,EDAS
16914,EDAS
16915,EDAS
16917,EDAS
16918,EDAS
16920,DAS
16921,REMOTE
16922,EDAS
16923,EDAS
16925,EDAS
16926,EDAS
16927,EDAS
16928,EDAS
16929,EDAS
16930,EDAS
16932,EDAS
16933,DAS
16935,REMOTE
16936,REMOTE
16937,EDAS
16938,EDAS
16939,EDAS
16940,EDAS
16941,EDAS
16942,REMOTE
16943,EDAS
16945,EDAS
16946,EDAS
16947,EDAS
16948,EDAS
16950,REMOTE
17002,EDAS
17004,EDAS
17006,EDAS
17007,DAS
17009,DAS
17014,DAS
17017,EDAS
17018,DAS
17020,DAS
17021,EDAS
17023,DAS
17024,DAS
17026,DAS
17028,DAS
17029,EDAS
17030,EDAS
17032,DAS
17035,EDAS
17037,EDAS
17040,EDAS
17041,DAS
17044,EDAS
17045,EDAS
17047,EDAS
17048,EDAS
17049,EDAS
17051,EDAS
17052,EDAS
17053,DAS
17054,DAS
17056,DAS
17058,EDAS
17059,EDAS
17060,EDAS
17061,DAS
17062,EDAS
17063,EDAS
17065,DAS
17066,EDAS
17067,DAS
17068,EDAS
17071,EDAS
17073,DAS
17074,DAS
17075,EDAS
17076,REMOTE
17080,DAS
17082,EDAS
17084,DAS
17086,EDAS
17087,EDAS
17090,DAS
17094,DAS
17097,EDAS
17098,DAS
17099,EDAS
17210,EDAS
17211,REMOTE
17212,EDAS
17213,EDAS
17214,DAS
17215,EDAS
17217,EDAS
17219,EDAS
17220,EDAS
17221,DAS
17222,EDAS
17223,DAS
17224,EDAS
17225,DAS
17228,EDAS
17229,EDAS
17232,DAS
17233,DAS
17235,DAS
17236,DAS
17237,DAS
17238,EDAS
17239,EDAS
17240,EDAS
17241,DAS
17243,EDAS
17244,EDAS
17246,EDAS
17249,DAS
17251,EDAS
17252,DAS
17253,DAS
17255,EDAS
17256,DAS
17257,DAS
17260,EDAS
17261,DAS
17262,EDAS
17263,EDAS
17264,EDAS
17265,EDAS
17266,DAS
17267,EDAS
17270,DAS
17271,EDAS
17301,DAS
17302,EDAS
17303,DAS
17304,DAS
17306,DAS
17307,DAS
17309,DAS
17314,DAS
17315,DAS
17316,DAS
17318,DAS
17320,DAS
17321,DAS
17322,DAS
17324,EDAS
17325,DAS
17327,DAS
17329,DAS
17337,EDAS
17340,DAS
17342,EDAS
17349,DAS
17350,DAS
17352,DAS
17353,REMOTE
17358,DAS
17360,DAS
17362,DAS
17363,DAS
17364,DAS
17365,DAS
17372,DAS
17375,EDAS
17502,DAS
17503,DAS
17505,DAS
17506,DAS
17507,DAS
17509,EDAS
17516,DAS
17518,EDAS
17519,DAS
17528,DAS
17529,DAS
17532,DAS
17534,DAS
17535,DAS
17536,EDAS
17555,EDAS
17562,DAS
17563,EDAS
17565,DAS
17566,DAS
17567,DAS
17569,DAS
17572,DAS
17578,DAS
17579,DAS
17581,DAS
17582,DAS
17702,DAS
17720,DAS
17721,DAS
17723,DAS
17724,EDAS
17726,DAS
17727,DAS
17728,DAS
17729,REMOTE
17731,DAS
17735,EDAS
17737,DAS
17738,EDAS
17740,DAS
17742,EDAS
17744,DAS
17745,DAS
17747,EDAS
17748,DAS
17750,DAS
17751,DAS
17752,DAS
17756,EDAS
17758,EDAS
17760,EDAS
17762,DAS
17763,EDAS
17764,EDAS
17765,EDAS
17767,DAS
17768,REMOTE
17769,DAS
17771,EDAS
17772,DAS
17774,EDAS
17776,EDAS
17777,DAS
17778,REMOTE
17801,DAS
17810,DAS
17812,EDAS
17813,EDAS
17814,EDAS
17820,DAS
17821,EDAS
17823,EDAS
17824,EDAS
17825,EDAS
17827,DAS
17828,EDAS
17830,EDAS
17832,DAS
17833,DAS
17834,DAS
17835,DAS
17836,EDAS
17840,DAS
17841,EDAS
17842,DAS
17843,EDAS
17844,DAS
17845,EDAS
17846,DAS
17847,DAS
17850,DAS
17851,DAS
17853,EDAS
17855,DAS
17856,DAS
17857,DAS
17858,DAS
17859,EDAS
17860,DAS
17861,EDAS
17862,EDAS
17864,DAS
17867,EDAS
17872,DAS
17876,DAS
17877,EDAS
17878,EDAS
17880,DAS
17881,DAS
17882,DAS
17883,EDAS
17885,EDAS
17888,EDAS
17889,DAS
17921,DAS
17922,DAS
17923,EDAS
17925,DAS
17927,EDAS
17932,DAS
17933,DAS
17934,DAS
17935,DAS
17936,DAS
17938,EDAS
17941,EDAS
17942,DAS
17943,DAS
17945,DAS
17946,DAS
17948,DAS
17949,DAS
17951,DAS
17952,EDAS
17959,DAS
17960,EDAS
17963,DAS
17964,EDAS
17966,DAS
17967,DAS
17968,EDAS
17974,DAS
17976,DAS
17978,DAS
17980,DAS
17981,DAS
17983,EDAS
17985,EDAS
18012,DAS
18013,DAS
18038,DAS
18039,EDAS
18051,DAS
18053,DAS
18054,DAS
18055,DAS
18056,DAS
18058,EDAS
18063,EDAS
18065,EDAS
18066,EDAS
18069,DAS
18070,DAS
18071,DAS
18074,DAS
18077,DAS
18080,DAS
18083,DAS
18084,DAS
18092,DAS
18201,DAS
18210,DAS
18211,DAS
18212,DAS
18214,DAS
18216,DAS
18219,DAS
18220,EDAS
18222,DAS
18224,DAS
18229,DAS
18230,DAS
18231,DAS
18235,DAS
18237,DAS
18240,DAS
18241,EDAS
18242,EDAS
18243,EDAS
18244,DAS
18246,EDAS
18247,DAS
18248,EDAS
18249,EDAS
18250,DAS
18251,DAS
18252,DAS
18254,DAS
18255,DAS
18256,DAS
18301,DAS
18302,DAS
18320,DAS
18323,EDAS
18324,EDAS
18325,EDAS
18326,DAS
18327,EDAS
18328,DAS
18330,DAS
18331,DAS
18332,DAS
18333,DAS
18334,EDAS
18335,EDAS
18336,DAS
18337,DAS
18340,EDAS
18341,DAS
18342,DAS
18343,DAS
18346,DAS
18347,DAS
18348,EDAS
18350,EDAS
18351,EDAS
18352,DAS
18353,DAS
18354,DAS
18355,DAS
18356,DAS
18357,EDAS
18360,DAS
18370,DAS
18371,EDAS
18401,EDAS
18405,EDAS
18407,DAS
18411,EDAS
18413,EDAS
18414,DAS
18415,REMOTE
18417,EDAS
18419,EDAS
18420,EDAS
18421,EDAS
18424,DAS
18425,EDAS
18426,EDAS
18427,DAS
18428,EDAS
18430,DAS
18431,DAS
18433,DAS
18435,EDAS
18436,DAS
18437,EDAS
18438,DAS
18439,EDAS
18440,DAS
18441,EDAS
18443,EDAS
18444,DAS
18445,EDAS
18446,EDAS
18447,DAS
18449,EDAS
18451,DAS
18453,EDAS
18454,EDAS
18455,REMOTE
18456,EDAS
18457,EDAS
18458,EDAS
18459,DAS
18460,EDAS
18461,EDAS
18462,EDAS
18463,DAS
18464,EDAS
18465,EDAS
18466,EDAS
18469,EDAS
18470,EDAS
18472,DAS
18473,EDAS
18503,DAS
18601,DAS
18603,DAS
18610,DAS
18611,EDAS
18612,DAS
18614,EDAS
18615,DAS
18616,EDAS
18617,DAS
18618,DAS
18619,EDAS
18621,DAS
18622,EDAS
18623,EDAS
18624,EDAS
18625,EDAS
18626,EDAS
18628,EDAS
18629,REMOTE
18630,REMOTE
18631,EDAS
18632,EDAS
18635,EDAS
18636,EDAS
18644,DAS
18653,DAS
18654,DAS
18655,DAS
18656,EDAS
18657,DAS
18660,DAS
18661,EDAS
18707,DAS
18708,DAS
18801,EDAS
18810,DAS
18812,REMOTE
18814,DAS
18815,EDAS
18816,EDAS
18817,DAS
18818,EDAS
18821,DAS
18822,DAS
18823,EDAS
18824,EDAS
18825,EDAS
18826,DAS
18827,DAS
18828,EDAS
18829,REMOTE
18830,EDAS
18831,REMOTE
18832,REMOTE
18833,REMOTE
18834,DAS
18837,EDAS
18839,EDAS
18840,EDAS
18842,EDAS
18843,DAS
18844,EDAS
18845,EDAS
18846,EDAS
18847,DAS
18848,DAS
18850,EDAS
18851,EDAS
18853,EDAS
18854,EDAS
18911,DAS
18917,DAS
18920,EDAS
18922,DAS
18923,DAS
18927,DAS
18928,EDAS
18930,DAS
18933,EDAS
18934,DAS
18938,DAS
18942,DAS
18944,DAS
18947,DAS
18949,DAS
18951,DAS
18953,DAS
18963,DAS
18972,DAS
18981,DAS
18991,DAS
19009,DAS
19052,EDAS
19310,DAS
19330,DAS
19343,DAS
19344,DAS
19350,DAS
19362,DAS
19363,DAS
19390,DAS
19421,DAS
19425,DAS
19435,DAS
19451,DAS
19465,DAS
19470,DAS
19472,DAS
19474,DAS
19475,DAS
19481,DAS
19494,DAS
19504,DAS
19506,DAS
19507,EDAS
19508,DAS
19512,DAS
19516,EDAS
19518,DAS
19519,DAS
19522,DAS
19525,DAS
19526,DAS
19529,EDAS
19530,DAS
19534,DAS
19535,DAS
19536,DAS
19539,DAS
19540,DAS
19541,DAS
19543,DAS
19544,EDAS
19545,DAS
19547,DAS
19548,DAS
19549,DAS
19551,DAS
19554,DAS
19555,DAS
19564,DAS
19565,DAS
19567,DAS
19640,DAS
19706,DAS
19716,DAS
19730,DAS
19734,DAS
19735,DAS
19736,EDAS
19930,DAS
19931,DAS
19933,DAS
19934,DAS
19938,DAS
19939,DAS
19940,DAS
19941,DAS
19943,DAS
19944,DAS
19945,DAS
19946,DAS
19947,DAS
19950,DAS
19951,DAS
19952,DAS
19953,EDAS
19954,DAS
19955,EDAS
19956,DAS
19960,DAS
19962,DAS
19963,DAS
19964,EDAS
19968,DAS
19975,EDAS
19977,DAS
19979,DAS
19980,EDAS
20106,DAS
20107,DAS
20112,DAS
20115,EDAS
20116,EDAS
20117,EDAS
20118,REMOTE
20119,DAS
20124,DAS
20128,EDAS
20129,DAS
20130,REMOTE
20131,DAS
20132,DAS
20134,DAS
20135,DAS
20137,DAS
20138,DAS
20139,DAS
20140,DAS
20141,DAS
20142,DAS
20143,DAS
20144,EDAS
20158,DAS
20160,DAS
20180,EDAS
20181,EDAS
20182,DAS
20184,DAS
20186,DAS
20187,DAS
20197,DAS
20198,EDAS
20242,DAS
20602,DAS
20604,DAS
20606,EDAS
20607,DAS
20608,EDAS
20609,EDAS
20611,DAS
20612,DAS
20613,DAS
20615,DAS
20616,DAS
20617,DAS
20618,EDAS
20620,DAS
20621,EDAS
20622,DAS
20623,DAS
20624,EDAS
20625,EDAS
20626,EDAS
20627,DAS
20628,EDAS
20629,DAS
20630,EDAS
20632,DAS
20634,DAS
20635,DAS
20636,DAS
20637,DAS
20639,EDAS
20640,DAS
20643,DAS
20645,EDAS
20646,DAS
20650,DAS
20653,DAS
20656,EDAS
20657,DAS
20658,DAS
20659,DAS
20660,DAS
20661,REMOTE
20662,EDAS
20664,EDAS
20667,DAS
20670,EDAS
20674,EDAS
20675,DAS
20676,DAS
20677,DAS
20678,DAS
20680,EDAS
20682,EDAS
20684,DAS
20685,EDAS
20686,REMOTE
20687,EDAS
20688,DAS
20689,DAS
20690,DAS
20692,EDAS
20693,DAS
20695,DAS
20711,DAS
20732,DAS
20733,DAS
20736,DAS
20744,DAS
20749,DAS
20751,DAS
20754,DAS
20758,DAS
20764,DAS
20765,DAS
20770,DAS
20776,DAS
20777,DAS
20778,DAS
20779,DAS
20833,DAS
20837,EDAS
20838,EDAS
20839,EDAS
20841,DAS
20842,EDAS
20860,DAS
20861,DAS
20862,DAS
20872,DAS
20882,DAS
20993,DAS
21005,DAS
21010,DAS
21013,DAS
21020,DAS
21023,DAS
21028,DAS
21032,DAS
21034,EDAS
21035,EDAS
21036,DAS
21037,DAS
21042,DAS
21047,DAS
21048,DAS
21050,DAS
21051,DAS
21053,EDAS
21056,DAS
21057,DAS
21071,DAS
21074,DAS
21078,DAS
21082,DAS
21084,DAS
21102,DAS
21104,DAS
21111,DAS
21120,EDAS
21131,DAS
21132,EDAS
21136,DAS
21153,DAS
21154,EDAS
21155,DAS
21156,DAS
21157,DAS
21158,DAS
21160,EDAS
21161,EDAS
21163,DAS
21520,EDAS
21521,EDAS
21522,DAS
21523,EDAS
21524,EDAS
21529,DAS
21530,EDAS
21531,EDAS
21532,DAS
21536,EDAS
21538,EDAS
21539,DAS
21541,DAS
21542,DAS
21543,EDAS
21545,DAS
21550,DAS
21555,EDAS
21556,DAS
21557,REMOTE
21561,EDAS
21562,DAS
21601,DAS
21607,EDAS
21610,REMOTE
21612,EDAS
21613,DAS
21617,DAS
21619,DAS
21620,DAS
21622,EDAS
21623,DAS
21624,EDAS
21625,EDAS
21626,REMOTE
21627,EDAS
21628,DAS
21629,DAS
21631,EDAS
21632,DAS
21634,EDAS
21635,REMOTE
21636,EDAS
21638,DAS
21639,DAS
21640,EDAS
21641,EDAS
21643,DAS
21644,EDAS
21645,EDAS
21647,DAS
21648,EDAS
21649,DAS
21650,EDAS
21651,DAS
21652,DAS
21653,DAS
21654,DAS
21655,DAS
21657,EDAS
21658,EDAS
21659,EDAS
21660,DAS
21661,EDAS
21662,EDAS
21663,DAS
21664,DAS
21665,EDAS
21666,DAS
21667,EDAS
21668,EDAS
21669,REMOTE
21670,DAS
21671,DAS
21672,EDAS
21673,EDAS
21675,EDAS
21676,EDAS
21677,EDAS
21678,EDAS
21679,EDAS
21710,DAS
21711,EDAS
21713,DAS
21715,DAS
21716,DAS
21719,DAS
21720,DAS
21721,DAS
21722,DAS
21723,DAS
21727,DAS
21733,DAS
21737,DAS
21738,DAS
21746,DAS
21750,EDAS
21754,DAS
21755,DAS
21756,DAS
21757,EDAS
21758,DAS
21762,EDAS
21765,EDAS
21766,EDAS
21769,DAS
21771,DAS
21773,DAS
21774,DAS
21776,DAS
21777,DAS
21778,EDAS
21779,DAS
21780,DAS
21781,DAS
21782,DAS
21783,DAS
21784,DAS
21787,DAS
21788,DAS
21790,EDAS
21791,DAS
21794,DAS
21797,DAS
21798,DAS
21810,DAS
21811,DAS
21813,DAS
21814,EDAS
21817,EDAS
21821,EDAS
21822,EDAS
21824,REMOTE
21829,EDAS
21830,DAS
21835,EDAS
21836,EDAS
21837,EDAS
21838,REMOTE
21840,EDAS
21841,EDAS
21849,DAS
21850,DAS
21851,DAS
21853,EDAS
21856,EDAS
21857,EDAS
21861,EDAS
21862,DAS
21863,EDAS
21864,EDAS
21865,EDAS
21866,REMOTE
21867,REMOTE
21869,EDAS
21871,EDAS
21872,EDAS
21874,DAS
21875,DAS
21890,DAS
21901,DAS
21903,DAS
21904,DAS
21911,DAS
21912,EDAS
21913,EDAS
21915,EDAS
21917,DAS
21918,EDAS
21919,EDAS
21920,EDAS
21921,DAS
21922,DAS
21930,EDAS
22037,DAS
22039,DAS
22066,DAS
22134,DAS
22135,DAS
22172,DAS
22427,EDAS
22432,EDAS
22433,DAS
22435,EDAS
22436,EDAS
22437,EDAS
22438,REMOTE
22442,EDAS
22443,EDAS
22446,EDAS
22451,DAS
22454,EDAS
22460,EDAS
22469,EDAS
22472,EDAS
22473,EDAS
22476,EDAS
22480,DAS
22481,DAS
22482,EDAS
22485,DAS
22488,EDAS
22503,EDAS
22504,EDAS
22507,DAS
22508,DAS
22509,REMOTE
22511,EDAS
22513,EDAS
22514,EDAS
22517,DAS
22520,EDAS
22523,EDAS
22524,DAS
22526,EDAS
22529,EDAS
22530,EDAS
22534,EDAS
22535,EDAS
22538,REMOTE
22539,EDAS
22542,EDAS
22544,DAS
22546,EDAS
22548,EDAS
22551,DAS
22552,DAS
22553,DAS
22558,EDAS
22560,DAS
22565,EDAS
22567,EDAS
22570,EDAS
22572,EDAS
22576,EDAS
22578,EDAS
22579,EDAS
22580,EDAS
22610,EDAS
22611,DAS
22620,DAS
22623,DAS
22625,DAS
22626,DAS
22627,EDAS
22637,EDAS
22639,EDAS
22640,EDAS
22641,EDAS
22642,DAS
22643,EDAS
22644,EDAS
22645,DAS
22646,DAS
22649,DAS
22650,EDAS
22652,EDAS
22654,EDAS
22657,DAS
22660,DAS
22663,DAS
22664,DAS
22701,DAS
22709,EDAS
22711,EDAS
22712,DAS
22713,EDAS
22714,EDAS
22715,EDAS
22716,EDAS
22718,EDAS
22719,EDAS
22720,DAS
22721,EDAS
22722,DAS
22723,EDAS
22724,DAS
22725,DAS
22726,EDAS
22727,EDAS
22728,DAS
22729,REMOTE
22730,EDAS
22731,DAS
22732,EDAS
22733,EDAS
22734,DAS
22735,EDAS
22736,EDAS
22737,EDAS
22738,EDAS
22740,EDAS
22741,EDAS
22742,DAS
22743,EDAS
22746,EDAS
22747,EDAS
22748,DAS
22749,EDAS
22802,DAS
22803,DAS
22810,EDAS
22811,REMOTE
22815,DAS
22820,EDAS
22821,DAS
22824,DAS
22827,DAS
22830,REMOTE
22831,DAS
22832,EDAS
22834,EDAS
22835,DAS
22840,DAS
22841,EDAS
22842,EDAS
22843,EDAS
22844,DAS
22845,DAS
22846,DAS
22847,EDAS
22848,EDAS
22849,EDAS
22850,EDAS
22851,EDAS
22853,DAS
22920,EDAS
22922,EDAS
22923,DAS
22931,EDAS
22932,DAS
22935,EDAS
22936,DAS
22937,EDAS
22938,EDAS
22940,EDAS
22942,DAS
22943,EDAS
22946,EDAS
22947,DAS
22948,EDAS
22949,EDAS
22952,EDAS
22954,EDAS
22957,DAS
22958,DAS
22959,EDAS
22960,DAS
22963,DAS
22964,DAS
22965,DAS
22967,EDAS
22968,DAS
22969,EDAS
22971,EDAS
22972,EDAS
22973,EDAS
22974,DAS
22976,EDAS
22989,DAS
23001,DAS
23002,EDAS
23003,EDAS
23004,EDAS
23009,EDAS
23011,EDAS
23014,DAS
23015,EDAS
23021,EDAS
23022,EDAS
23023,EDAS
23024,EDAS
23025,EDAS
23027,EDAS
23030,EDAS
23031,EDAS
23032,EDAS
23035,EDAS
23038,EDAS
23039,EDAS
23040,EDAS
23043,DAS
23045,EDAS
23047,EDAS
23050,EDAS
23055,EDAS
23056,EDAS
23061,DAS
23063,REMOTE
23064,DAS
23065,EDAS
23066,DAS
23067,EDAS
23068,EDAS
23069,DAS
23070,EDAS
23071,EDAS
23072,DAS
23076,EDAS
23079,REMOTE
23083,REMOTE
23084,EDAS
23085,REMOTE
23086,EDAS
23089,EDAS
23091,EDAS
23092,DAS
23093,EDAS
23102,DAS
23103,DAS
23106,EDAS
23108,EDAS
23109,EDAS
23110,EDAS
23115,EDAS
23117,EDAS
23119,EDAS
23120,DAS
23123,REMOTE
23124,DAS
23125,DAS
23126,EDAS
23128,EDAS
23129,DAS
23130,EDAS
23131,DAS
23138,EDAS
23139,DAS
23140,EDAS
23141,DAS
23146,DAS
23147,DAS
23148,EDAS
23149,EDAS
23153,EDAS
23154,EDAS
23156,EDAS
23160,DAS
23161,EDAS
23163,EDAS
23169,EDAS
23175,EDAS
23176,EDAS
23177,EDAS
23178,EDAS
23180,REMOTE
23181,EDAS
23184,DAS
23192,EDAS
23301,EDAS
23302,EDAS
23303,EDAS
23306,EDAS
23307,EDAS
23308,EDAS
23310,EDAS
23313,REMOTE
23315,EDAS
23316,REMOTE
23322,DAS
23336,EDAS
23337,DAS
23341,REMOTE
23345,EDAS
23347,EDAS
23350,EDAS
23354,REMOTE
23356,EDAS
23357,EDAS
23358,EDAS
23359,EDAS
23389,REMOTE
23395,EDAS
23396,EDAS
23397,DAS
23398,REMOTE
23399,EDAS
23401,EDAS
23404,EDAS
23405,EDAS
23407,REMOTE
23408,EDAS
23409,REMOTE
23410,EDAS
23412,EDAS
23413,REMOTE
23414,REMOTE
23415,EDAS
23416,EDAS
23417,EDAS
23418,DAS
23419,EDAS
23420,REMOTE
23421,EDAS
23422,EDAS
23423,EDAS
23426,EDAS
23427,EDAS
23429,EDAS
23430,DAS
23431,DAS
23432,EDAS
23434,DAS
23437,EDAS
23438,EDAS
23440,REMOTE
23441,EDAS
23442,DAS
23443,REMOTE
23457,EDAS
23480,EDAS
23483,DAS
23486,EDAS
23487,EDAS
23488,REMOTE
23651,DAS
23691,DAS
23803,DAS
23804,DAS
23805,DAS
23806,DAS
23821,EDAS
23824,DAS
23827,EDAS
23828,EDAS
23829,DAS
23830,EDAS
23833,EDAS
23837,EDAS
23838,DAS
23839,EDAS
23840,EDAS
23841,EDAS
23842,DAS
23843,EDAS
23844,EDAS
23845,EDAS
23846,EDAS
23847,DAS
23850,EDAS
23851,DAS
23856,EDAS
23857,EDAS
23860,DAS
23866,EDAS
23867,EDAS
23868,EDAS
23870,DAS
23872,REMOTE
23873,REMOTE
23874,EDAS
23876,EDAS
23878,EDAS
23879,EDAS
23881,REMOTE
23882,EDAS
23883,EDAS
23884,DAS
23885,EDAS
23887,EDAS
23888,EDAS
23889,EDAS
23890,EDAS
23891,DAS
23893,EDAS
23894,EDAS
23897,EDAS
23898,EDAS
23899,DAS
23901,DAS
23909,DAS
23915,EDAS
23917,EDAS
23919,DAS
23920,EDAS
23921,REMOTE
23922,EDAS
23923,EDAS
23924,EDAS
23927,EDAS
23930,EDAS
23934,EDAS
23936,EDAS
23937,EDAS
23938,EDAS
23939,DAS
23942,REMOTE
23944,EDAS
23947,EDAS
23950,DAS
23952,EDAS
23954,REMOTE
23955,DAS
23958,EDAS
23959,EDAS
23960,REMOTE
23962,EDAS
23963,EDAS
23964,EDAS
23966,EDAS
23967,EDAS
23968,EDAS
23970,DAS
23974,EDAS
23976,EDAS
24053,REMOTE
24054,EDAS
24055,EDAS
24058,DAS
24059,EDAS
24064,DAS
24065,EDAS
24066,EDAS
24067,REMOTE
24069,EDAS
24070,EDAS
24072,EDAS
24076,REMOTE
24078,DAS
24079,EDAS
24082,EDAS
24083,DAS
24085,EDAS
24086,EDAS
24087,EDAS
24088,REMOTE
24089,DAS
24090,EDAS
24091,REMOTE
24092,DAS
24093,DAS
24094,EDAS
24095,DAS
24101,EDAS
24102,EDAS
24104,EDAS
24105,EDAS
24112,DAS
24115,DAS
24120,REMOTE
24121,EDAS
24122,DAS
24124,EDAS
24127,REMOTE
24128,REMOTE
24130,EDAS
24131,REMOTE
24132,EDAS
24133,EDAS
24134,DAS
24136,EDAS
24137,REMOTE
24138,REMOTE
24139,EDAS
24147,EDAS
24148,EDAS
24149,EDAS
24150,EDAS
24151,DAS
24157,DAS
24161,EDAS
24162,REMOTE
24165,EDAS
24167,EDAS
24168,DAS
24171,REMOTE
24174,DAS
24175,DAS
24176,DAS
24177,DAS
24179,DAS
24184,DAS
24185,EDAS
24202,DAS
24210,DAS
24211,DAS
24212,DAS
24216,DAS
24217,REMOTE
24218,DAS
24219,EDAS
24220,REMOTE
24221,REMOTE
24224,EDAS
24225,EDAS
24226,REMOTE
24228,REMOTE
24230,EDAS
24236,EDAS
24237,EDAS
24239,REMOTE
24243,REMOTE
24244,REMOTE
24245,REMOTE
24246,EDAS
24248,EDAS
24250,REMOTE
24251,EDAS
24256,EDAS
24258,EDAS
24260,EDAS
24263,REMOTE
24265,REMOTE
24266,DAS
24269,EDAS
24270,EDAS
24271,EDAS
24272,REMOTE
24273,DAS
24277,DAS
24279,EDAS
24280,EDAS
24281,EDAS
24282,REMOTE
24283,EDAS
24285,EDAS
24290,DAS
24292,EDAS
24293,DAS
24301,DAS
24311,DAS
24312,EDAS
24313,EDAS
24314,EDAS
24315,EDAS
24316,DAS
24317,EDAS
24318,EDAS
24319,EDAS
24322,EDAS
24323,EDAS
24324,REMOTE
24325,REMOTE
24326,REMOTE
24327,EDAS
24328,EDAS
24330,REMOTE
24333,DAS
24340,EDAS
24343,EDAS
24347,EDAS
24348,EDAS
24350,EDAS
24351,EDAS
24352,EDAS
24354,DAS
24360,EDAS
24361,EDAS
24363,EDAS
24366,REMOTE
24368,EDAS
24370,EDAS
24374,EDAS
24375,EDAS
24377,REMOTE
24378,EDAS
24380,EDAS
24381,EDAS
24382,DAS
24411,REMOTE
24412,DAS
24413,EDAS
24415,DAS
24416,DAS
24421,EDAS
24422,EDAS
24426,EDAS
24430,EDAS
24431,DAS
24432,EDAS
24433,EDAS
24435,EDAS
24437,DAS
24439,EDAS
24440,DAS
24441,DAS
24442,REMOTE
24445,EDAS
24448,EDAS
24450,DAS
24457,DAS
24458,EDAS
24459,EDAS
24460,REMOTE
24464,EDAS
24465,REMOTE
24467,DAS
24468,EDAS
24469,DAS
24471,DAS
24472,EDAS
24473,EDAS
24474,EDAS
24476,EDAS
24479,EDAS
24483,EDAS
24484,REMOTE
24485,EDAS
24486,DAS
24487,EDAS
24517,DAS
24520,EDAS
24521,EDAS
24522,EDAS
24523,DAS
24526,REMOTE
24527,DAS
24528,EDAS
24529,EDAS
24530,REMOTE
24531,EDAS
24533,EDAS
24534,EDAS
24536,EDAS
24538,EDAS
24539,EDAS
24540,DAS
24541,DAS
24543,DAS
24549,EDAS
24550,DAS
24553,EDAS
24554,EDAS
24555,EDAS
24556,REMOTE
24557,EDAS
24558,EDAS
24562,EDAS
24563,EDAS
24565,REMOTE
24566,EDAS
24569,EDAS
24570,DAS
24571,EDAS
24572,DAS
24574,EDAS
24576,EDAS
24577,EDAS
24578,EDAS
24579,EDAS
24580,REMOTE
24581,DAS
24585,EDAS
24586,EDAS
24588,DAS
24589,EDAS
24590,EDAS
24592,EDAS
24593,EDAS
24594,REMOTE
24595,EDAS
24597,EDAS
24598,EDAS
24599,EDAS
24601,DAS
24602,REMOTE
24603,EDAS
24605,DAS
24606,DAS
24607,EDAS
24609,EDAS
24612,DAS
24613,EDAS
24614,EDAS
24618,EDAS
24619,EDAS
24620,REMOTE
24622,EDAS
24624,EDAS
24627,EDAS
24628,REMOTE
24630,EDAS
24631,EDAS
24634,EDAS
24635,DAS
24637,DAS
24639,EDAS
24640,EDAS
24641,DAS
24646,EDAS
24649,EDAS
24651,EDAS
24656,EDAS
24657,REMOTE
24658,EDAS
24701,DAS
24712,DAS
24714,EDAS
24715,EDAS
24716,EDAS
24719,EDAS
24724,DAS
24726,REMOTE
24731,DAS
24733,EDAS
24736,REMOTE
24737,DAS
24738,DAS
24739,DAS
24740,DAS
24747,REMOTE
24751,DAS
24801,EDAS
24808,EDAS
24811,REMOTE
24813,EDAS
24815,REMOTE
24817,REMOTE
24818,EDAS
24821,EDAS
24822,EDAS
24823,EDAS
24824,EDAS
24825,EDAS
24826,EDAS
24827,REMOTE
24828,REMOTE
24829,DAS
24830,EDAS
24831,EDAS
24832,EDAS
24834,EDAS
24836,EDAS
24839,EDAS
24841,EDAS
24842,EDAS
24843,DAS
24844,REMOTE
24845,EDAS
24846,EDAS
24847,EDAS
24848,REMOTE
24849,REMOTE
24850,REMOTE
24851,EDAS
24852,EDAS
24853,EDAS
24855,DAS
24856,EDAS
24857,DAS
24859,EDAS
24860,EDAS
24861,EDAS
24862,EDAS
24866,REMOTE
24867,EDAS
24868,EDAS
24869,EDAS
24870,EDAS
24871,EDAS
24872,REMOTE
24873,REMOTE
24874,EDAS
24877,EDAS
24878,EDAS
24879,EDAS
24880,EDAS
24881,DAS
24882,EDAS
24883,EDAS
24884,REMOTE
24887,EDAS
24888,EDAS
24892,EDAS
24894,EDAS
24895,EDAS
24898,EDAS
24899,EDAS
24901,DAS
24910,EDAS
24915,EDAS
24916,EDAS
24917,EDAS
24918,REMOTE
24919,EDAS
24920,REMOTE
24924,EDAS
24925,EDAS
24927,REMOTE
24931,EDAS
24934,REMOTE
24935,EDAS
24936,EDAS
24938,EDAS
24941,EDAS
24942,EDAS
24943,EDAS
24944,EDAS
24945,EDAS
24946,EDAS
24950,EDAS
24951,EDAS
24954,EDAS
24957,DAS
24958,EDAS
24961,DAS
24962,REMOTE
24963,EDAS
24966,REMOTE
24970,DAS
24974,REMOTE
24976,EDAS
24977,EDAS
24981,EDAS
24983,EDAS
24984,REMOTE
24985,EDAS
24986,DAS
24991,EDAS
24993,REMOTE
25002,EDAS
25003,EDAS
25004,EDAS
25005,EDAS
25007,EDAS
25008,EDAS
25009,REMOTE
25010,EDAS
25015,DAS
25018,EDAS
25019,EDAS
25021,EDAS
25022,EDAS
25024,DAS
25025,EDAS
25028,EDAS
25030,REMOTE
25031,EDAS
25033,DAS
25035,EDAS
25036,EDAS
25039,EDAS
25040,DAS
25043,REMOTE
25044,EDAS
25045,EDAS
25046,EDAS
25047,REMOTE
25048,EDAS
25049,EDAS
25051,DAS
25053,EDAS
25054,EDAS
25057,EDAS
25059,EDAS
25060,REMOTE
25061,EDAS
25062,EDAS
25063,REMOTE
25067,EDAS
25070,DAS
25071,EDAS
25075,EDAS
25076,DAS
25081,DAS
25082,EDAS
25083,REMOTE
25085,EDAS
25086,DAS
25088,REMOTE
25090,DAS
25093,EDAS
25102,EDAS
25103,DAS
25106,EDAS
25107,EDAS
25108,DAS
25109,EDAS
25110,DAS
25111,REMOTE
25113,REMOTE
25114,EDAS
25115,EDAS
25118,EDAS
25119,EDAS
25121,EDAS
25122,EDAS
25123,REMOTE
25124,EDAS
25125,REMOTE
25126,EDAS
25130,EDAS
25132,EDAS
25133,REMOTE
25134,EDAS
25136,EDAS
25139,DAS
25140,EDAS
25141,EDAS
25142,EDAS
25143,DAS
25148,EDAS
25149,EDAS
25150,EDAS
25152,EDAS
25154,EDAS
25156,DAS
25159,DAS
25160,EDAS
25161,EDAS
25162,DAS
25164,REMOTE
25165,DAS
25168,DAS
25169,EDAS
25173,EDAS
25174,EDAS
25180,REMOTE
25181,EDAS
25182,EDAS
25183,EDAS
25185,DAS
25186,DAS
25187,EDAS
25193,EDAS
25201,EDAS
25202,DAS
25203,EDAS
25204,REMOTE
25205,EDAS
25206,EDAS
25208,EDAS
25209,EDAS
25211,REMOTE
25213,DAS
25214,EDAS
25231,EDAS
25234,REMOTE
25235,REMOTE
25239,EDAS
25241,EDAS
25243,REMOTE
25244,EDAS
25245,EDAS
25247,EDAS
25248,EDAS
25250,EDAS
25251,EDAS
25252,REMOTE
25253,REMOTE
25258,EDAS
25259,REMOTE
25260,DAS
25261,EDAS
25262,DAS
25264,DAS
25266,REMOTE
25267,REMOTE
25268,REMOTE
25270,REMOTE
25271,REMOTE
25275,REMOTE
25276,EDAS
25279,EDAS
25281,EDAS
25283,EDAS
25285,EDAS
25286,REMOTE
25287,REMOTE
25306,DAS
25311,DAS
25312,EDAS
25315,DAS
25320,EDAS
25404,DAS
25410,DAS
25411,EDAS
25413,EDAS
25414,DAS
25420,DAS
25421,DAS
25422,REMOTE
25425,DAS
25427,EDAS
25429,DAS
25430,DAS
25431,REMOTE
25432,DAS
25434,REMOTE
25437,REMOTE
25441,EDAS
25442,EDAS
25443,DAS
25444,REMOTE
25446,EDAS
25501,EDAS
25502,EDAS
25503,EDAS
25505,EDAS
25506,EDAS
25508,EDAS
25510,DAS
25511,REMOTE
25512,REMOTE
25514,REMOTE
25515,REMOTE
25517,REMOTE
25520,REMOTE
25521,REMOTE
25523,EDAS
25524,REMOTE
25526,DAS
25529,EDAS
25530,DAS
25534,REMOTE
25535,DAS
25537,EDAS
25540,EDAS
25541,EDAS
25544,REMOTE
25545,DAS
25547,DAS
25550,EDAS
25555,EDAS
25557,REMOTE
25559,DAS
25560,DAS
25562,DAS
25564,EDAS
25565,EDAS
25567,EDAS
25570,DAS
25571,EDAS
25572,EDAS
25573,EDAS
25601,DAS
25606,DAS
25607,EDAS
25608,EDAS
25611,DAS
25612,DAS
25614,DAS
25617,EDAS
25621,EDAS
25624,DAS
25625,EDAS
25628,DAS
25630,DAS
25632,REMOTE
25634,EDAS
25635,EDAS
25636,EDAS
25637,EDAS
25638,EDAS
25639,DAS
25644,EDAS
25645,EDAS
25646,EDAS
25647,EDAS
25649,EDAS
25650,EDAS
25651,EDAS
25652,DAS
25653,DAS
25654,REMOTE
25661,EDAS
25665,EDAS
25666,EDAS
25667,DAS
25669,REMOTE
25670,EDAS
25671,REMOTE
25672,EDAS
25674,EDAS
25676,EDAS
25678,EDAS
25682,EDAS
25685,EDAS
25686,REMOTE
25687,EDAS
25688,REMOTE
25690,DAS
25692,REMOTE
25694,EDAS
25696,EDAS
25699,REMOTE
25810,DAS
25811,EDAS
25812,EDAS
25813,DAS
25816,EDAS
25817,EDAS
25820,REMOTE
25823,DAS
25825,EDAS
25826,DAS
25831,EDAS
25836,EDAS
25837,EDAS
25839,EDAS
25840,DAS
25841,EDAS
25843,EDAS
25844,EDAS
25845,EDAS
25846,EDAS
25847,EDAS
25848,EDAS
25849,DAS
25851,REMOTE
25853,DAS
25854,REMOTE
25855,DAS
25856,EDAS
25857,EDAS
25862,EDAS
25864,EDAS
25865,EDAS
25866,EDAS
25868,EDAS
25870,EDAS
25873,DAS
25875,EDAS
25876,EDAS
25878,DAS
25879,EDAS
25880,EDAS
25882,EDAS
25901,DAS
25902,REMOTE
25904,EDAS
25907,EDAS
25908,REMOTE
25909,DAS
25911,DAS
25913,EDAS
25915,EDAS
25917,EDAS
25918,EDAS
25920,EDAS
25922,EDAS
25928,EDAS
25932,EDAS
25936,DAS
25938,REMOTE
25942,REMOTE
25951,EDAS
25958,EDAS
25962,EDAS
25965,DAS
25966,EDAS
25967,EDAS
25969,EDAS
25971,EDAS
25972,DAS
25976,EDAS
25977,EDAS
25978,EDAS
25979,EDAS
25981,REMOTE
25984,EDAS
25985,EDAS
25986,DAS
25988,EDAS
25989,EDAS
26030,DAS
26031,DAS
26032,EDAS
26033,EDAS
26034,EDAS
26035,DAS
26036,EDAS
26037,DAS
26039,REMOTE
26041,DAS
26047,EDAS
26050,DAS
26055,REMOTE
26056,EDAS
26058,DAS
26060,DAS
26062,DAS
26070,EDAS
26075,DAS
26104,DAS
26120,DAS
26121,EDAS
26133,REMOTE
26134,DAS
26135,EDAS
26136,EDAS
26137,EDAS
26138,EDAS
26141,REMOTE
26142,EDAS
26143,EDAS
26146,EDAS
26147,EDAS
26148,EDAS
26149,EDAS
26150,DAS
26151,REMOTE
26152,REMOTE
26155,DAS
26159,DAS
26160,REMOTE
26161,REMOTE
26162,REMOTE
26164,DAS
26167,REMOTE
26169,REMOTE
26170,EDAS
26173,EDAS
26175,EDAS
26178,REMOTE
26180,EDAS
26181,DAS
26184,REMOTE
26186,EDAS
26187,DAS
26201,DAS
26202,EDAS
26203,REMOTE
26205,EDAS
26206,REMOTE
26208,EDAS
26209,EDAS
26210,EDAS
26215,REMOTE
26217,REMOTE
26218,REMOTE
26222,REMOTE
26224,REMOTE
26228,REMOTE
26229,EDAS
26230,REMOTE
26234,REMOTE
26236,EDAS
26237,REMOTE
26238,EDAS
26241,DAS
26250,EDAS
26253,EDAS
26254,REMOTE
26257,EDAS
26259,DAS
26260,EDAS
26261,EDAS
26263,EDAS
26264,REMOTE
26266,EDAS
26267,EDAS
26268,REMOTE
26269,EDAS
26270,REMOTE
26271,EDAS
26273,REMOTE
26275,DAS
26276,EDAS
26278,EDAS
26280,EDAS
26282,REMOTE
26283,EDAS
26285,EDAS
26287,EDAS
26288,REMOTE
26289,EDAS
26291,EDAS
26292,DAS
26293,EDAS
26294,REMOTE
26296,REMOTE
26298,EDAS
26320,REMOTE
26321,REMOTE
26325,REMOTE
26327,EDAS
26328,EDAS
26332,EDAS
26334,EDAS
26335,REMOTE
26337,EDAS
26338,REMOTE
26339,REMOTE
26342,REMOTE
26343,REMOTE
26346,DAS
26347,DAS
26348,EDAS
26351,REMOTE
26354,EDAS
26361,EDAS
26362,REMOTE
26366,DAS
26369,DAS
26372,REMOTE
26374,EDAS
26375,EDAS
26376,EDAS
26377,EDAS
26378,DAS
26384,REMOTE
26385,EDAS
26386,DAS
26404,DAS
26405,EDAS
26408,EDAS
26410,REMOTE
26411,REMOTE
26412,REMOTE
26415,EDAS
26416,EDAS
26419,REMOTE
26421,REMOTE
26422,DAS
26424,DAS
26425,REMOTE
26426,EDAS
26430,EDAS
26431,DAS
26434,EDAS
26435,EDAS
26436,EDAS
26437,REMOTE
26438,DAS
26440,REMOTE
26443,REMOTE
26444,REMOTE
26447,REMOTE
26448,REMOTE
26452,DAS
26456,REMOTE
26461,EDAS
26501,DAS
26508,DAS
26519,EDAS
26520,DAS
26521,EDAS
26524,DAS
26525,REMOTE
26527,DAS
26529,EDAS
26531,DAS
26534,DAS
26535,EDAS
26537,EDAS
26541,EDAS
26542,DAS
26543,DAS
26544,DAS
26546,EDAS
26547,DAS
26554,DAS
26559,EDAS
26560,DAS
26561,EDAS
26562,REMOTE
26563,EDAS
26566,DAS
26568,DAS
26570,EDAS
26571,EDAS
26572,EDAS
26574,DAS
26575,EDAS
26576,DAS
26581,REMOTE
26582,REMOTE
26585,REMOTE
26586,EDAS
26587,DAS
26588,DAS
26589,EDAS
26590,EDAS
26591,DAS
26601,REMOTE
26610,REMOTE
26611,REMOTE
26615,REMOTE
26617,REMOTE
26619,REMOTE
26621,REMOTE
26623,REMOTE
26624,EDAS
26627,REMOTE
26629,EDAS
26631,REMOTE
26634,EDAS
26636,REMOTE
26638,REMOTE
26639,EDAS
26641,EDAS
26651,EDAS
26656,EDAS
26660,EDAS
26662,EDAS
26667,DAS
26671,REMOTE
26674,EDAS
26675,EDAS
26676,EDAS
26678,EDAS
26679,REMOTE
26680,REMOTE
26681,EDAS
26684,EDAS
26690,EDAS
26691,EDAS
26704,EDAS
26705,REMOTE
26707,REMOTE
26710,EDAS
26711,EDAS
26714,REMOTE
26716,REMOTE
26717,REMOTE
26719,DAS
26720,REMOTE
26722,REMOTE
26726,DAS
26731,REMOTE
26734,EDAS
26739,REMOTE
26743,EDAS
26750,DAS
26753,DAS
26755,REMOTE
26757,EDAS
26761,EDAS
26763,EDAS
26764,REMOTE
26767,DAS
26801,REMOTE
26802,EDAS
26804,REMOTE
26807,REMOTE
26808,EDAS
26810,EDAS
26812,REMOTE
26814,REMOTE
26815,REMOTE
26817,EDAS
26818,REMOTE
26823,REMOTE
26824,EDAS
26833,EDAS
26836,EDAS
26838,REMOTE
26845,EDAS
26847,DAS
26851,REMOTE
26852,REMOTE
26855,DAS
26865,REMOTE
26866,REMOTE
26884,REMOTE
26886,EDAS
27006,DAS
27007,EDAS
27009,DAS
27011,EDAS
27013,EDAS
27016,REMOTE
27017,EDAS
27018,DAS
27019,DAS
27020,EDAS
27021,DAS
27022,EDAS
27024,EDAS
27025,DAS
27027,EDAS
27028,DAS
27030,DAS
27041,DAS
27042,DAS
27043,DAS
27045,DAS
27046,EDAS
27047,EDAS
27048,EDAS
27049,DAS
27050,DAS
27052,EDAS
27053,EDAS
27054,EDAS
27055,DAS
27099,DAS
27202,DAS
27205,DAS
27207,EDAS
27208,EDAS
27209,DAS
27212,EDAS
27213,EDAS
27214,DAS
27217,DAS
27228,DAS
27229,EDAS
27231,EDAS
27233,DAS
27239,EDAS
27242,EDAS
27243,EDAS
27244,DAS
27247,EDAS
27248,DAS
27249,DAS
27252,EDAS
27253,DAS
27256,DAS
27258,DAS
27259,DAS
27278,DAS
27281,EDAS
27283,DAS
27288,DAS
27289,DAS
27291,REMOTE
27292,DAS
27293,DAS
27294,DAS
27295,DAS
27298,DAS
27299,EDAS
27305,EDAS
27306,REMOTE
27311,EDAS
27312,DAS
27313,DAS
27314,REMOTE
27315,EDAS
27316,EDAS
27317,DAS
27320,DAS
27321,DAS
27323,DAS
27325,EDAS
27326,EDAS
27330,DAS
27331,DAS
27340,EDAS
27341,REMOTE
27343,REMOTE
27344,EDAS
27349,EDAS
27350,DAS
27351,DAS
27355,EDAS
27356,EDAS
27357,DAS
27358,DAS
27359,DAS
27370,DAS
27371,EDAS
27375,DAS
27376,DAS
27379,EDAS
27501,DAS
27503,DAS
27504,DAS
27505,EDAS
27506,EDAS
27507,EDAS
27508,DAS
27521,EDAS
27522,DAS
27524,EDAS
27525,DAS
27527,DAS
27530,DAS
27533,DAS
27536,DAS
27537,DAS
27541,EDAS
27542,DAS
27544,EDAS
27546,DAS
27549,EDAS
27551,EDAS
27553,EDAS
27555,DAS
27556,DAS
27557,EDAS
27559,EDAS
27562,DAS
27563,EDAS
27565,EDAS
27568,DAS
27569,EDAS
27570,EDAS
27572,EDAS
27573,DAS
27574,EDAS
27576,DAS
27581,DAS
27582,EDAS
27583,EDAS
27584,DAS
27586,DAS
27589,EDAS
27591,DAS
27592,DAS
27593,DAS
27594,DAS
27596,DAS
27597,DAS
27801,DAS
27802,DAS
27803,DAS
27805,EDAS
27806,EDAS
27807,DAS
27808,REMOTE
27809,DAS
27810,EDAS
27812,EDAS
27813,DAS
27814,EDAS
27816,EDAS
27817,EDAS
27818,EDAS
27819,DAS
27820,EDAS
27821,EDAS
27822,EDAS
27823,DAS
27824,EDAS
27825,DAS
27826,EDAS
27828,DAS
27829,EDAS
27830,EDAS
27831,EDAS
27832,EDAS
27837,DAS
27839,EDAS
27840,EDAS
27841,DAS
27842,EDAS
27843,EDAS
27844,EDAS
27845,REMOTE
27846,REMOTE
27847,EDAS
27849,EDAS
27850,EDAS
27851,EDAS
27852,EDAS
27853,EDAS
27855,DAS
27856,DAS
27857,EDAS
27860,EDAS
27861,EDAS
27862,EDAS
27863,DAS
27864,DAS
27865,REMOTE
27866,REMOTE
27867,DAS
27868,DAS
27869,EDAS
27870,DAS
27871,EDAS
27872,EDAS
27873,EDAS
27874,EDAS
27875,EDAS
27876,EDAS
27877,EDAS
27878,EDAS
27880,DAS
27881,DAS
27882,EDAS
27883,EDAS
27884,EDAS
27885,EDAS
27886,DAS
27887,EDAS
27888,EDAS
27889,DAS
27890,EDAS
27891,DAS
27892,DAS
27897,EDAS
27906,DAS
27909,DAS
27910,DAS
27915,EDAS
27916,DAS
27917,DAS
27919,EDAS
27920,EDAS
27921,EDAS
27922,EDAS
27923,EDAS
27924,EDAS
27925,EDAS
27926,EDAS
27927,EDAS
27928,EDAS
27929,DAS
27930,DAS
27932,DAS
27935,EDAS
27936,REMOTE
27937,EDAS
27938,EDAS
27939,DAS
27941,DAS
27942,EDAS
27943,EDAS
27944,DAS
27946,EDAS
27947,DAS
27948,DAS
27949,EDAS
27950,EDAS
27953,EDAS
27954,EDAS
27956,EDAS
27957,EDAS
27958,DAS
27959,EDAS
27960,EDAS
27962,EDAS
27964,DAS
27965,EDAS
27966,DAS
27967,EDAS
27968,EDAS
27969,EDAS
27970,EDAS
27972,EDAS
27973,EDAS
27974,EDAS
27976,EDAS
27978,EDAS
27979,EDAS
27980,REMOTE
27981,DAS
27982,DAS
27983,EDAS
27985,EDAS
27986,DAS
28001,DAS
28002,DAS
28006,EDAS
28007,EDAS
28009,DAS
28010,EDAS
28016,DAS
28017,DAS
28018,EDAS
28020,EDAS
28021,DAS
28023,DAS
28024,DAS
28033,DAS
28034,DAS
28039,DAS
28040,DAS
28042,EDAS
28043,DAS
28071,EDAS
28073,DAS
28074,EDAS
28076,EDAS
28077,DAS
28080,EDAS
28086,DAS
28090,EDAS
28091,EDAS
28092,DAS
28097,DAS
28102,REMOTE
28103,EDAS
28107,DAS
28108,DAS
28109,EDAS
28111,DAS
28112,DAS
28114,EDAS
28115,DAS
28119,EDAS
28123,DAS
28124,DAS
28125,EDAS
28127,EDAS
28128,EDAS
28129,EDAS
28133,EDAS
28135,EDAS
28136,DAS
28137,REMOTE
28138,DAS
28139,EDAS
28150,DAS
28151,DAS
28152,DAS
28160,DAS
28163,EDAS
28164,DAS
28166,DAS
28167,EDAS
28168,EDAS
28169,DAS
28170,EDAS
28174,DAS
28312,DAS
28315,EDAS
28318,EDAS
28319,EDAS
28320,EDAS
28323,EDAS
28325,EDAS
28326,DAS
28327,DAS
28328,DAS
28329,DAS
28330,DAS
28332,EDAS
28333,DAS
28334,DAS
28335,DAS
28337,EDAS
28338,EDAS
28339,DAS
28340,EDAS
28341,EDAS
28342,EDAS
28343,DAS
28344,EDAS
28345,DAS
28347,EDAS
28349,DAS
28350,EDAS
28351,EDAS
28352,DAS
28355,DAS
28356,DAS
28357,DAS
28360,DAS
28361,EDAS
28362,EDAS
28363,EDAS
28364,DAS
28365,EDAS
28366,EDAS
28367,EDAS
28368,DAS
28369,EDAS
28371,DAS
28372,DAS
28373,DAS
28375,DAS
28376,DAS
28377,EDAS
28379,DAS
28380,DAS
28382,EDAS
28383,EDAS
28384,DAS
28385,EDAS
28386,EDAS
28391,DAS
28392,DAS
28393,EDAS
28394,DAS
28395,EDAS
28396,EDAS
28398,EDAS
28399,EDAS
28403,DAS
28409,DAS
28420,EDAS
28421,EDAS
28422,DAS
28423,EDAS
28424,EDAS
28425,DAS
28428,DAS
28429,DAS
28430,EDAS
28431,EDAS
28432,EDAS
28433,EDAS
28434,EDAS
28435,EDAS
28436,EDAS
28438,EDAS
28439,EDAS
28441,EDAS
28442,EDAS
28443,DAS
28444,EDAS
28445,DAS
28447,EDAS
28448,EDAS
28450,EDAS
28451,DAS
28452,EDAS
28453,EDAS
28454,EDAS
28455,EDAS
28456,EDAS
28457,DAS
28458,EDAS
28459,EDAS
28460,DAS
28461,EDAS
28462,EDAS
28463,EDAS
28464,EDAS
28465,DAS
28466,EDAS
28467,DAS
28468,EDAS
28469,EDAS
28470,EDAS
28472,DAS
28478,EDAS
28479,DAS
28501,EDAS
28502,DAS
28503,DAS
28504,EDAS
28508,EDAS
28509,REMOTE
28510,REMOTE
28511,EDAS
28512,EDAS
28513,DAS
28515,EDAS
28516,EDAS
28518,REMOTE
28519,DAS
28520,EDAS
28521,EDAS
28522,DAS
28523,EDAS
28524,EDAS
28525,EDAS
28526,EDAS
28527,EDAS
28528,EDAS
28529,DAS
28530,DAS
28531,REMOTE
28532,DAS
28533,DAS
28537,EDAS
28538,EDAS
28539,EDAS
28540,DAS
28544,DAS
28545,DAS
28547,DAS
28551,DAS
28552,EDAS
28553,EDAS
28554,EDAS
28555,EDAS
28556,REMOTE
28557,EDAS
28560,DAS
28562,DAS
28570,EDAS
28571,EDAS
28572,EDAS
28573,EDAS
28574,EDAS
28577,DAS
28578,EDAS
28579,EDAS
28580,EDAS
28581,EDAS
28582,DAS
28583,DAS
28584,EDAS
28585,EDAS
28586,EDAS
28587,EDAS
28589,DAS
28594,EDAS
28604,EDAS
28605,DAS
28606,REMOTE
28607,DAS
28609,DAS
28611,REMOTE
28612,DAS
28615,REMOTE
28616,REMOTE
28617,REMOTE
28618,EDAS
28619,DAS
28621,DAS
28622,EDAS
28623,EDAS
28624,EDAS
28625,DAS
28626,EDAS
28627,EDAS
28628,DAS
28629,REMOTE
28630,DAS
28631,REMOTE
28634,EDAS
28635,REMOTE
28636,EDAS
28638,DAS
28640,EDAS
28641,REMOTE
28642,DAS
28643,REMOTE
28644,REMOTE
28645,DAS
28646,EDAS
28647,REMOTE
28649,REMOTE
28650,DAS
28651,EDAS
28652,DAS
28653,REMOTE
28654,EDAS
28655,DAS
28656,DAS
28657,REMOTE
28659,DAS
28660,EDAS
28661,DAS
28662,REMOTE
28663,EDAS
28664,EDAS
28665,EDAS
28666,DAS
28668,DAS
28669,EDAS
28670,EDAS
28671,DAS
28672,EDAS
28673,DAS
28675,EDAS
28676,EDAS
28678,DAS
28679,REMOTE
28680,DAS
28681,DAS
28682,DAS
28683,EDAS
28684,REMOTE
28685,EDAS
28688,DAS
28689,EDAS
28691,DAS
28692,REMOTE
28693,REMOTE
28694,DAS
28697,DAS
28698,REMOTE
28701,DAS
28702,EDAS
28705,REMOTE
28707,REMOTE
28708,EDAS
28709,EDAS
28710,EDAS
28711,DAS
28712,EDAS
28713,EDAS
28714,REMOTE
28715,DAS
28716,DAS
28717,DAS
28718,EDAS
28719,DAS
28720,DAS
28721,DAS
28722,EDAS
28723,DAS
28725,DAS
28729,DAS
28730,EDAS
28731,DAS
28733,DAS
28734,DAS
28735,DAS
28736,EDAS
28739,EDAS
28740,EDAS
28741,DAS
28742,DAS
28743,EDAS
28744,DAS
28745,DAS
28746,EDAS
28747,EDAS
28748,EDAS
28749,EDAS
28751,EDAS
28752,DAS
28753,REMOTE
28754,EDAS
28755,EDAS
28756,REMOTE
28757,DAS
28759,DAS
28760,DAS
28761,EDAS
28762,EDAS
28763,EDAS
28765,EDAS
28766,DAS
28768,EDAS
28770,DAS
28771,EDAS
28772,REMOTE
28773,REMOTE
28774,EDAS
28775,EDAS
28777,EDAS
28778,DAS
28779,DAS
28781,REMOTE
28782,EDAS
28783,REMOTE
28784,EDAS
28785,EDAS
28786,DAS
28787,DAS
28788,DAS
28789,EDAS
28790,REMOTE
28792,DAS
28804,DAS
28901,DAS
28902,REMOTE
28903,DAS
28904,EDAS
28905,EDAS
28906,EDAS
28909,EDAS
29001,EDAS
29003,EDAS
29006,DAS
29009,EDAS
29010,EDAS
29014,EDAS
29015,EDAS
29018,EDAS
29020,DAS
29021,DAS
29030,EDAS
29031,REMOTE
29032,EDAS
29037,EDAS
29038,EDAS
29039,EDAS
29040,EDAS
29041,EDAS
29042,EDAS
29044,DAS
29045,EDAS
29046,DAS
29047,EDAS
29048,EDAS
29051,EDAS
29052,EDAS
29053,DAS
29054,DAS
29055,EDAS
29056,REMOTE
29058,EDAS
29059,EDAS
29062,EDAS
29065,EDAS
29067,EDAS
29069,EDAS
29070,DAS
29074,DAS
29075,DAS
29078,EDAS
29079,DAS
29080,EDAS
29081,EDAS
29082,EDAS
29101,EDAS
29102,DAS
29104,EDAS
29105,EDAS
29107,EDAS
29108,DAS
29111,EDAS
29112,EDAS
29113,EDAS
29114,EDAS
29115,DAS
29118,DAS
29122,DAS
29123,DAS
29124,EDAS
29125,EDAS
29126,EDAS
29127,DAS
29128,EDAS
29129,EDAS
29130,EDAS
29133,EDAS
29135,EDAS
29137,EDAS
29138,EDAS
29142,EDAS
29143,EDAS
29145,EDAS
29146,EDAS
29148,EDAS
29153,DAS
29154,DAS
29160,DAS
29161,DAS
29162,EDAS
29163,EDAS
29164,EDAS
29166,EDAS
29168,EDAS
29175,EDAS
29178,EDAS
29180,EDAS
29321,EDAS
29322,DAS
29323,DAS
29325,DAS
29330,DAS
29331,REMOTE
29332,REMOTE
29333,DAS
29335,EDAS
29340,DAS
29342,DAS
29346,DAS
29348,DAS
29349,DAS
29351,EDAS
29353,EDAS
29355,REMOTE
29356,DAS
29360,DAS
29364,EDAS
29368,EDAS
29369,DAS
29370,EDAS
29372,EDAS
29373,EDAS
29374,EDAS
29375,REMOTE
29376,DAS
29377,EDAS
29379,EDAS
29384,EDAS
29386,DAS
29388,DAS
29426,REMOTE
29429,EDAS
29430,DAS
29431,EDAS
29432,EDAS
29433,DAS
29434,EDAS
29435,EDAS
29436,EDAS
29437,EDAS
29438,EDAS
29440,EDAS
29442,REMOTE
29446,REMOTE
29447,EDAS
29448,EDAS
29449,EDAS
29450,EDAS
29452,EDAS
29453,EDAS
29455,EDAS
29458,EDAS
29461,DAS
29468,EDAS
29469,EDAS
29470,EDAS
29471,EDAS
29472,EDAS
29474,EDAS
29475,EDAS
29476,EDAS
29477,EDAS
29479,EDAS
29481,EDAS
29486,DAS
29487,DAS
29488,DAS
29493,DAS
29510,EDAS
29511,DAS
29512,EDAS
29516,EDAS
29518,EDAS
29519,DAS
29520,DAS
29525,EDAS
29527,DAS
29530,EDAS
29532,DAS
29536,DAS
29540,EDAS
29541,DAS
29543,REMOTE
29544,EDAS
29545,EDAS
29546,REMOTE
29547,EDAS
29550,DAS
29554,REMOTE
29555,EDAS
29556,EDAS
29560,DAS
29563,REMOTE
29564,REMOTE
29565,EDAS
29566,DAS
29567,EDAS
29568,DAS
29569,DAS
29570,EDAS
29571,DAS
29574,EDAS
29576,DAS
29580,REMOTE
29581,EDAS
29583,EDAS
29584,EDAS
29585,DAS
29588,DAS
29589,EDAS
29590,REMOTE
29591,DAS
29592,EDAS
29593,REMOTE
29594,DAS
29596,EDAS
29620,EDAS
29627,DAS
29628,EDAS
29630,DAS
29635,EDAS
29638,EDAS
29639,EDAS
29641,DAS
29643,DAS
29644,DAS
29645,EDAS
29653,DAS
29654,DAS
29655,EDAS
29656,DAS
29657,DAS
29658,EDAS
29659,EDAS
29661,EDAS
29664,EDAS
29665,DAS
29666,EDAS
29667,DAS
29669,DAS
29670,DAS
29671,EDAS
29672,DAS
29676,EDAS
29677,DAS
29678,DAS
29682,DAS
29683,EDAS
29684,EDAS
29685,REMOTE
29686,EDAS
29688,DAS
29689,DAS
29690,DAS
29691,DAS
29692,EDAS
29693,DAS
29695,DAS
29696,EDAS
29697,DAS
29702,DAS
29704,DAS
29706,EDAS
29709,EDAS
29710,DAS
29712,EDAS
29714,DAS
29717,EDAS
29718,EDAS
29720,DAS
29721,DAS
29726,EDAS
29727,EDAS
29728,EDAS
29729,EDAS
29741,EDAS
29742,REMOTE
29743,EDAS
29744,DAS
29745,DAS
29805,DAS
29809,DAS
29810,EDAS
29812,EDAS
29813,EDAS
29817,EDAS
29819,EDAS
29821,EDAS
29822,EDAS
29824,EDAS
29826,DAS
29827,EDAS
29829,DAS
29831,EDAS
29832,EDAS
29835,EDAS
29836,REMOTE
29838,EDAS
29839,DAS
29840,DAS
29842,EDAS
29843,REMOTE
29844,EDAS
29845,REMOTE
29846,DAS
29847,EDAS
29848,REMOTE
29849,EDAS
29853,EDAS
29856,EDAS
29860,DAS
29899,EDAS
29906,DAS
29907,DAS
29911,EDAS
29914,EDAS
29915,REMOTE
29916,EDAS
29918,EDAS
29920,DAS
29921,EDAS
29922,REMOTE
29923,DAS
29924,EDAS
29927,DAS
29929,EDAS
29931,DAS
29932,EDAS
29933,DAS
29934,REMOTE
29935,DAS
29936,EDAS
29939,EDAS
29940,EDAS
29941,EDAS
29943,REMOTE
29944,EDAS
29945,EDAS
30008,DAS
30011,DAS
30014,DAS
30016,DAS
30018,EDAS
30025,DAS
30028,DAS
30052,DAS
30054,EDAS
30055,EDAS
30056,EDAS
30088,DAS
30094,DAS
30103,EDAS
30104,EDAS
30105,EDAS
30107,DAS
30108,EDAS
30110,DAS
30113,EDAS
30114,DAS
30116,DAS
30117,DAS
30124,EDAS
30125,DAS
30129,DAS
30132,DAS
30139,EDAS
30140,DAS
30143,DAS
30145,DAS
30147,EDAS
30148,EDAS
30149,DAS
30150,DAS
30151,EDAS
30153,DAS
30157,DAS
30161,DAS
30162,DAS
30165,DAS
30170,EDAS
30171,EDAS
30172,DAS
30173,EDAS
30175,REMOTE
30176,EDAS
30177,EDAS
30178,EDAS
30179,DAS
30180,DAS
30182,EDAS
30183,EDAS
30184,EDAS
30185,EDAS
30187,DAS
30204,EDAS
30205,EDAS
30206,EDAS
30215,DAS
30216,REMOTE
30217,EDAS
30218,EDAS
30220,EDAS
30222,EDAS
30223,DAS
30224,DAS
30228,DAS
30230,EDAS
30232,EDAS
30233,EDAS
30234,EDAS
30241,DAS
30248,DAS
30250,DAS
30251,EDAS
30252,DAS
30256,EDAS
30257,EDAS
30258,REMOTE
30259,EDAS
30261,DAS
30263,DAS
30264,DAS
30268,EDAS
30271,DAS
30272,DAS
30273,DAS
30275,DAS
30276,DAS
30277,DAS
30281,DAS
30285,EDAS
30286,EDAS
30289,EDAS
30290,DAS
30292,EDAS
30293,EDAS
30295,EDAS
30298,DAS
30337,DAS
30401,DAS
30410,EDAS
30411,EDAS
30412,EDAS
30413,EDAS
30414,DAS
30415,DAS
30417,DAS
30420,EDAS
30421,EDAS
30424,EDAS
30425,EDAS
30426,EDAS
30427,EDAS
30428,REMOTE
30429,DAS
30434,EDAS
30436,DAS
30438,EDAS
30439,EDAS
30441,REMOTE
30442,EDAS
30445,EDAS
30446,EDAS
30447,EDAS
30449,REMOTE
30450,EDAS
30451,EDAS
30452,EDAS
30453,EDAS
30454,REMOTE
30455,EDAS
30456,EDAS
30457,EDAS
30461,DAS
30464,DAS
30467,EDAS
30470,EDAS
30471,EDAS
30473,EDAS
30474,DAS
30475,DAS
30477,EDAS
30499,EDAS
30506,DAS
30510,DAS
30511,DAS
30512,EDAS
30513,EDAS
30514,DAS
30516,EDAS
30520,EDAS
30521,EDAS
30522,REMOTE
30523,EDAS
30525,EDAS
30527,DAS
30528,EDAS
30529,EDAS
30530,DAS
30531,DAS
30533,EDAS
30534,EDAS
30535,DAS
30536,REMOTE
30537,EDAS
30538,DAS
30539,DAS
30540,EDAS
30541,REMOTE
30543,DAS
30545,EDAS
30546,REMOTE
30547,EDAS
30548,DAS
30549,DAS
30552,REMOTE
30553,DAS
30554,EDAS
30555,REMOTE
30557,EDAS
30558,EDAS
30559,REMOTE
30560,REMOTE
30562,REMOTE
30563,DAS
30564,EDAS
30565,DAS
30567,EDAS
30568,EDAS
30571,EDAS
30572,EDAS
30573,EDAS
30575,DAS
30576,EDAS
30577,DAS
30580,EDAS
30581,EDAS
30582,EDAS
30597,DAS
30598,DAS
30599,EDAS
30619,EDAS
30620,DAS
30621,DAS
30623,DAS
30624,EDAS
30625,EDAS
30627,EDAS
30628,EDAS
30629,EDAS
30630,EDAS
30631,EDAS
30633,EDAS
30634,REMOTE
30635,DAS
30638,DAS
30639,REMOTE
30641,EDAS
30642,EDAS
30643,DAS
30646,DAS
30647,EDAS
30648,EDAS
30650,DAS
30655,DAS
30656,DAS
30660,EDAS
30662,EDAS
30663,EDAS
30664,EDAS
30665,DAS
30666,DAS
30667,EDAS
30668,EDAS
30669,EDAS
30671,DAS
30673,EDAS
30677,DAS
30678,EDAS
30683,EDAS
30701,DAS
30705,DAS
30707,EDAS
30708,EDAS
30710,DAS
30711,EDAS
30724,EDAS
30725,DAS
30728,DAS
30730,REMOTE
30731,REMOTE
30732,DAS
30733,REMOTE
30734,REMOTE
30735,EDAS
30736,DAS
30738,REMOTE
30739,DAS
30740,DAS
30741,DAS
30746,EDAS
30747,EDAS
30750,DAS
30751,DAS
30752,EDAS
30753,DAS
30755,DAS
30756,DAS
30757,DAS
30802,EDAS
30803,EDAS
30805,REMOTE
30807,EDAS
30808,EDAS
30810,EDAS
30811,EDAS
30814,DAS
30815,DAS
30816,REMOTE
30817,EDAS
30818,EDAS
30819,EDAS
30820,EDAS
30821,REMOTE
30822,EDAS
30823,EDAS
30824,DAS
30828,EDAS
30830,DAS
30833,EDAS
31001,REMOTE
31002,REMOTE
31003,REMOTE
31004,DAS
31006,EDAS
31007,EDAS
31008,DAS
31009,REMOTE
31010,DAS
31011,REMOTE
31012,EDAS
31013,EDAS
31014,EDAS
31015,DAS
31016,EDAS
31017,REMOTE
31018,EDAS
31019,EDAS
31020,EDAS
31021,EDAS
31022,EDAS
31023,EDAS
31024,EDAS
31025,REMOTE
31026,EDAS
31027,EDAS
31029,DAS
31030,DAS
31031,EDAS
31032,DAS
31033,EDAS
31034,DAS
31035,EDAS
31036,EDAS
31037,EDAS
31038,REMOTE
31041,EDAS
31042,EDAS
31044,EDAS
31045,DAS
31046,DAS
31047,DAS
31049,REMOTE
31050,EDAS
31051,EDAS
31052,DAS
31054,EDAS
31055,EDAS
31057,EDAS
31058,EDAS
31059,DAS
31060,REMOTE
31061,DAS
31063,EDAS
31064,EDAS
31065,REMOTE
31066,EDAS
31067,REMOTE
31068,EDAS
31069,DAS
31070,EDAS
31071,EDAS
31072,EDAS
31075,EDAS
31076,EDAS
31077,REMOTE
31078,EDAS
31079,EDAS
31081,REMOTE
31082,EDAS
31083,EDAS
31084,DAS
31085,REMOTE
31087,REMOTE
31089,EDAS
31090,EDAS
31091,EDAS
31092,EDAS
31094,REMOTE
31096,EDAS
31097,REMOTE
31211,DAS
31220,DAS
31301,DAS
31302,DAS
31303,EDAS
31304,EDAS
31305,EDAS
31307,DAS
31308,DAS
31309,EDAS
31310,DAS
31312,DAS
31313,DAS
31314,EDAS
31315,DAS
31316,EDAS
31318,DAS
31319,EDAS
31320,EDAS
31321,EDAS
31323,EDAS
31324,DAS
31326,DAS
31327,DAS
31328,DAS
31329,EDAS
31331,EDAS
31333,DAS
31411,DAS
31503,DAS
31510,EDAS
31512,EDAS
31513,EDAS
31515,EDAS
31516,DAS
31518,EDAS
31519,EDAS
31522,DAS
31523,DAS
31527,EDAS
31532,EDAS
31533,EDAS
31534,DAS
31535,DAS
31537,EDAS
31539,EDAS
31542,EDAS
31543,REMOTE
31544,EDAS
31545,DAS
31546,EDAS
31547,DAS
31548,DAS
31549,EDAS
31550,EDAS
31551,EDAS
31552,EDAS
31553,EDAS
31554,REMOTE
31555,REMOTE
31556,DAS
31557,EDAS
31558,DAS
31560,EDAS
31562,EDAS
31563,EDAS
31565,EDAS
31566,EDAS
31567,EDAS
31568,EDAS
31569,EDAS
31598,EDAS
31599,EDAS
31605,DAS
31606,EDAS
31620,DAS
31622,EDAS
31623,DAS
31624,REMOTE
31625,EDAS
31626,EDAS
31627,EDAS
31629,REMOTE
31630,EDAS
31631,EDAS
31632,DAS
31634,EDAS
31635,EDAS
31636,DAS
31637,EDAS
31638,EDAS
31639,EDAS
31641,EDAS
31642,EDAS
31643,EDAS
31645,EDAS
31646,EDAS
31647,EDAS
31648,EDAS
31649,EDAS
31650,EDAS
31709,DAS
31711,EDAS
31712,EDAS
31713,EDAS
31714,EDAS
31715,EDAS
31716,EDAS
31717,EDAS
31719,DAS
31720,DAS
31721,DAS
31722,DAS
31723,EDAS
31724,EDAS
31725,EDAS
31726,EDAS
31728,DAS
31729,DAS
31730,EDAS
31732,EDAS
31733,EDAS
31734,EDAS
31735,EDAS
31736,EDAS
31737,EDAS
31738,EDAS
31740,EDAS
31741,EDAS
31742,EDAS
31743,EDAS
31744,EDAS
31745,EDAS
31746,EDAS
31747,EDAS
31749,EDAS
31750,EDAS
31751,EDAS
31752,EDAS
31754,EDAS
31756,EDAS
31757,DAS
31759,EDAS
31760,DAS
31761,EDAS
31762,EDAS
31763,DAS
31764,REMOTE
31765,EDAS
31766,EDAS
31767,EDAS
31768,DAS
31769,DAS
31770,EDAS
31771,EDAS
31772,EDAS
31773,EDAS
31774,EDAS
31775,EDAS
31776,DAS
31777,EDAS
31778,EDAS
31779,EDAS
31780,EDAS
31781,EDAS
31782,DAS
31783,EDAS
31784,EDAS
31785,EDAS
31786,EDAS
31787,EDAS
31788,DAS
31789,EDAS
31790,EDAS
31791,DAS
31792,DAS
31794,DAS
31795,EDAS
31796,EDAS
31797,EDAS
31798,EDAS
31801,EDAS
31803,EDAS
31804,DAS
31805,EDAS
31806,EDAS
31807,DAS
31808,DAS
31810,REMOTE
31811,EDAS
31812,REMOTE
31815,EDAS
31816,EDAS
31821,REMOTE
31822,DAS
31823,EDAS
31824,EDAS
31825,EDAS
31826,EDAS
31827,EDAS
31829,DAS
31830,EDAS
31831,DAS
31832,EDAS
31833,DAS
31836,EDAS
31903,DAS
31905,DAS
31909,DAS
32007,DAS
32008,REMOTE
32009,EDAS
32011,DAS
32013,EDAS
32024,DAS
32025,DAS
32033,EDAS
32038,EDAS
32040,EDAS
32041,DAS
32042,EDAS
32043,DAS
32044,EDAS
32046,EDAS
32052,EDAS
32053,EDAS
32054,EDAS
32055,DAS
32056,DAS
32058,EDAS
32059,EDAS
32060,EDAS
32061,REMOTE
32062,EDAS
32063,DAS
32064,DAS
32066,EDAS
32068,DAS
32071,REMOTE
32072,EDAS
32079,DAS
32080,DAS
32083,DAS
32084,DAS
32087,REMOTE
32091,EDAS
32094,EDAS
32096,EDAS
32097,DAS
32102,EDAS
32105,EDAS
32110,REMOTE
32112,EDAS
32113,DAS
32130,EDAS
32131,EDAS
32132,DAS
32133,EDAS
32134,EDAS
32136,DAS
32137,DAS
32138,EDAS
32139,EDAS
32140,REMOTE
32145,EDAS
32147,EDAS
32148,EDAS
32149,EDAS
32157,EDAS
32160,EDAS
32168,DAS
32177,DAS
32178,DAS
32179,EDAS
32180,EDAS
32181,EDAS
32182,EDAS
32183,EDAS
32185,EDAS
32187,EDAS
32189,EDAS
32190,EDAS
32192,EDAS
32193,DAS
32195,DAS
32227,EDAS
32234,EDAS
32305,DAS
32310,DAS
32320,EDAS
32321,EDAS
32322,EDAS
32323,EDAS
32324,REMOTE
32326,DAS
32327,DAS
32328,EDAS
32330,DAS
32331,REMOTE
32332,DAS
32333,DAS
32334,EDAS
32335,EDAS
32336,REMOTE
32337,DAS
32340,EDAS
32341,EDAS
32344,EDAS
32345,EDAS
32346,EDAS
32347,EDAS
32348,EDAS
32350,EDAS
32351,DAS
32352,EDAS
32353,DAS
32355,DAS
32356,EDAS
32357,REMOTE
32358,REMOTE
32359,EDAS
32360,EDAS
32361,DAS
32409,DAS
32420,EDAS
32421,EDAS
32422,DAS
32423,EDAS
32424,DAS
32425,EDAS
32426,EDAS
32427,EDAS
32428,DAS
32430,EDAS
32431,EDAS
32432,DAS
32433,EDAS
32434,EDAS
32435,EDAS
32437,REMOTE
32438,EDAS
32439,DAS
32440,DAS
32442,EDAS
32443,REMOTE
32445,EDAS
32446,DAS
32447,DAS
32448,DAS
32449,EDAS
32452,EDAS
32455,REMOTE
32456,DAS
32457,DAS
32460,REMOTE
32462,EDAS
32463,DAS
32464,REMOTE
32465,EDAS
32466,EDAS
32531,EDAS
32533,DAS
32535,EDAS
32536,DAS
32537,EDAS
32538,EDAS
32539,DAS
32563,DAS
32564,EDAS
32565,EDAS
32567,EDAS
32568,REMOTE
32570,DAS
32577,EDAS
32583,DAS
32615,DAS
32617,DAS
32618,DAS
32619,EDAS
32621,EDAS
32622,EDAS
32625,EDAS
32626,EDAS
32628,EDAS
32631,EDAS
32633,DAS
32634,DAS
32639,EDAS
32640,EDAS
32641,EDAS
32643,DAS
32644,EDAS
32648,REMOTE
32654,REMOTE
32655,DAS
32656,EDAS
32658,DAS
32662,EDAS
32663,EDAS
32664,DAS
32666,EDAS
32667,EDAS
32668,EDAS
32669,DAS
32680,EDAS
32681,EDAS
32683,REMOTE
32686,EDAS
32692,EDAS
32693,EDAS
32694,EDAS
32696,DAS
32697,DAS
32702,REMOTE
32709,EDAS
32713,DAS
32720,DAS
32724,DAS
32732,EDAS
32736,EDAS
32744,DAS
32745,DAS
32754,DAS
32757,DAS
32759,REMOTE
32764,EDAS
32766,DAS
32767,EDAS
32775,EDAS
32776,DAS
32777,DAS
32778,DAS
32784,DAS
32798,DAS
32815,DAS
32833,EDAS
32834,EDAS
32908,DAS
32911,DAS
32948,EDAS
32949,DAS
32960,DAS
32962,DAS
32963,DAS
32965,DAS
32967,DAS
32968,DAS
32970,DAS
32976,DAS
33001,EDAS
33031,DAS
33035,DAS
33036,EDAS
33037,DAS
33040,DAS
33042,EDAS
33043,EDAS
33044,DAS
33050,EDAS
33051,DAS
33052,DAS
33070,EDAS
33109,EDAS
33131,DAS
33132,DAS
33139,DAS
33149,DAS
33187,DAS
33327,DAS
33430,EDAS
33438,EDAS
33439,EDAS
33440,EDAS
33455,DAS
33459,EDAS
33470,DAS
33471,EDAS
33475,DAS
33476,REMOTE
33493,EDAS
33513,DAS
33514,EDAS
33521,DAS
33523,EDAS
33525,DAS
33526,DAS
33527,DAS
33530,DAS
33538,EDAS
33540,DAS
33541,DAS
33545,DAS
33547,DAS
33565,EDAS
33567,EDAS
33570,DAS
33574,DAS
33576,DAS
33585,EDAS
33587,DAS
33592,DAS
33593,DAS
33597,EDAS
33598,DAS
33810,DAS
33825,DAS
33826,DAS
33827,DAS
33830,DAS
33831,DAS
33834,EDAS
33835,EDAS
33839,DAS
33841,EDAS
33843,DAS
33844,DAS
33847,DAS
33848,DAS
33849,EDAS
33852,EDAS
33854,DAS
33855,REMOTE
33856,DAS
33857,REMOTE
33859,DAS
33860,DAS
33862,EDAS
33863,DAS
33865,REMOTE
33867,EDAS
33868,DAS
33870,DAS
33872,DAS
33873,DAS
33875,EDAS
33876,EDAS
33877,DAS
33890,REMOTE
33898,EDAS
33917,DAS
33920,DAS
33921,DAS
33922,DAS
33924,REMOTE
33930,EDAS
33935,EDAS
33936,DAS
33944,EDAS
33945,DAS
33946,REMOTE
33947,DAS
33955,DAS
33956,DAS
33957,DAS
33960,EDAS
33972,DAS
33974,DAS
33975,EDAS
33980,DAS
33981,DAS
33982,EDAS
33993,DAS
34113,DAS
34114,DAS
34117,DAS
34120,DAS
34137,REMOTE
34138,EDAS
34139,EDAS
34140,DAS
34141,EDAS
34142,EDAS
34143,EDAS
34219,DAS
34223,DAS
34228,DAS
34237,DAS
34241,DAS
34251,EDAS
34265,EDAS
34266,EDAS
34267,REMOTE
34268,EDAS
34269,DAS
34275,DAS
34286,DAS
34289,DAS
34290,DAS
34291,DAS
34292,DAS
34420,DAS
34423,DAS
34428,DAS
34429,DAS
34430,DAS
34431,DAS
34432,DAS
34433,EDAS
34434,DAS
34436,EDAS
34441,DAS
34442,DAS
34445,DAS
34446,DAS
34447,DAS
34448,DAS
34449,EDAS
34450,DAS
34451,DAS
34452,DAS
34453,DAS
34460,DAS
34461,DAS
34465,DAS
34473,DAS
34482,DAS
34484,EDAS
34487,DAS
34488,EDAS
34489,DAS
34491,DAS
34498,EDAS
34601,DAS
34603,DAS
34605,DAS
34607,DAS
34610,DAS
34614,EDAS
34636,DAS
34639,DAS
34654,DAS
34669,DAS
34679,EDAS
34688,DAS
34692,DAS
34705,EDAS
34714,DAS
34715,DAS
34729,DAS
34736,DAS
34737,DAS
34739,REMOTE
34753,DAS
34755,DAS
34759,DAS
34762,DAS
34771,DAS
34772,DAS
34773,EDAS
34785,DAS
34797,DAS
34945,EDAS
34946,DAS
34947,DAS
34949,DAS
34951,DAS
34956,EDAS
34957,DAS
34972,EDAS
34973,EDAS
34974,EDAS
34987,DAS
34990,DAS
35005,EDAS
35006,EDAS
35010,DAS
35011,DAS
35013,DAS
35014,EDAS
35016,DAS
35019,REMOTE
35020,DAS
35023,DAS
35031,EDAS
35032,DAS
35033,EDAS
35034,EDAS
35035,EDAS
35036,EDAS
35040,DAS
35042,EDAS
35043,DAS
35044,EDAS
35045,DAS
35046,EDAS
35049,EDAS
35051,EDAS
35052,DAS
35053,EDAS
35054,DAS
35057,DAS
35058,DAS
35060,EDAS
35062,DAS
35063,EDAS
35070,DAS
35072,EDAS
35073,DAS
35074,EDAS
35077,EDAS
35078,EDAS
35079,EDAS
35083,EDAS
35085,EDAS
35087,EDAS
35089,EDAS
35091,DAS
35096,DAS
35097,EDAS
35098,EDAS
35112,DAS
35114,DAS
35115,DAS
35116,DAS
35117,DAS
35118,EDAS
35119,DAS
35120,DAS
35121,DAS
35125,DAS
35126,DAS
35127,DAS
35128,DAS
35130,EDAS
35131,EDAS
35133,EDAS
35135,DAS
35136,REMOTE
35139,DAS
35143,EDAS
35146,DAS
35147,DAS
35148,DAS
35149,DAS
35150,DAS
35151,EDAS
35160,DAS
35161,DAS
35171,EDAS
35172,EDAS
35175,EDAS
35176,DAS
35178,EDAS
35179,EDAS
35180,DAS
35181,DAS
35183,EDAS
35184,EDAS
35185,DAS
35186,EDAS
35187,DAS
35188,EDAS
35224,DAS
35441,REMOTE
35442,EDAS
35443,REMOTE
35444,EDAS
35446,EDAS
35447,REMOTE
35452,EDAS
35453,EDAS
35456,EDAS
35457,EDAS
35458,EDAS
35459,REMOTE
35460,EDAS
35461,REMOTE
35462,EDAS
35463,EDAS
35464,REMOTE
35466,EDAS
35469,REMOTE
35470,EDAS
35471,DAS
35474,EDAS
35475,DAS
35477,REMOTE
35480,EDAS
35481,EDAS
35490,EDAS
35501,DAS
35503,EDAS
35504,DAS
35540,EDAS
35541,EDAS
35542,EDAS
35543,EDAS
35544,EDAS
35545,DAS
35546,EDAS
35548,EDAS
35549,EDAS
35550,EDAS
35552,EDAS
35553,REMOTE
35554,EDAS
35555,EDAS
35559,DAS
35560,EDAS
35563,EDAS
35564,EDAS
35565,EDAS
35570,EDAS
35571,EDAS
35572,REMOTE
35573,EDAS
35574,EDAS
35575,DAS
35576,EDAS
35577,EDAS
35578,EDAS
35579,EDAS
35580,EDAS
35581,REMOTE
35582,DAS
35584,DAS
35585,EDAS
35586,EDAS
35587,EDAS
35592,EDAS
35593,EDAS
35594,EDAS
35610,REMOTE
35611,DAS
35614,EDAS
35616,EDAS
35618,EDAS
35619,EDAS
35620,DAS
35621,EDAS
35622,EDAS
35633,EDAS
35634,DAS
35640,DAS
35643,EDAS
35645,EDAS
35646,EDAS
35647,EDAS
35648,EDAS
35650,DAS
35651,REMOTE
35652,EDAS
35653,DAS
35654,REMOTE
35660,DAS
35670,EDAS
35671,EDAS
35672,EDAS
35673,DAS
35674,DAS
35677,REMOTE
35739,DAS
35740,EDAS
35741,DAS
35744,EDAS
35745,REMOTE
35746,EDAS
35747,EDAS
35748,DAS
35750,DAS
35751,EDAS
35752,EDAS
35754,DAS
35755,EDAS
35756,EDAS
35759,DAS
35760,DAS
35761,DAS
35764,EDAS
35765,EDAS
35766,REMOTE
35768,DAS
35769,EDAS
35771,EDAS
35772,EDAS
35773,DAS
35774,EDAS
35775,EDAS
35776,EDAS
35901,DAS
35904,DAS
35905,DAS
35906,DAS
35950,DAS
35951,DAS
35952,EDAS
35953,EDAS
35954,DAS
35956,DAS
35957,DAS
35958,REMOTE
35959,EDAS
35960,EDAS
35961,EDAS
35962,EDAS
35963,EDAS
35964,EDAS
35966,EDAS
35967,DAS
35968,DAS
35971,EDAS
35972,EDAS
35973,REMOTE
35974,EDAS
35975,EDAS
35976,DAS
35978,EDAS
35979,EDAS
35980,EDAS
35981,EDAS
35983,EDAS
35984,EDAS
35986,DAS
35987,DAS
35988,EDAS
35989,EDAS
35990,EDAS
36003,REMOTE
36005,EDAS
36006,EDAS
36009,EDAS
36010,EDAS
36013,EDAS
36015,REMOTE
36016,REMOTE
36017,REMOTE
36020,DAS
36022,DAS
36024,EDAS
36025,DAS
36026,EDAS
36027,REMOTE
36028,EDAS
36029,REMOTE
36030,REMOTE
36031,REMOTE
36032,EDAS
36033,EDAS
36034,EDAS
36035,REMOTE
36036,EDAS
36037,EDAS
36039,REMOTE
36040,REMOTE
36041,EDAS
36042,EDAS
36043,EDAS
36046,REMOTE
36047,REMOTE
36048,EDAS
36049,EDAS
36051,REMOTE
36052,EDAS
36053,REMOTE
36057,DAS
36061,EDAS
36062,EDAS
36064,EDAS
36065,DAS
36067,DAS
36069,EDAS
36071,EDAS
36072,DAS
36075,EDAS
36078,DAS
36079,EDAS
36080,EDAS
36081,DAS
36082,DAS
36083,EDAS
36087,DAS
36088,DAS
36089,REMOTE
36091,REMOTE
36092,DAS
36093,DAS
36105,DAS
36125,DAS
36205,DAS
36250,DAS
36251,EDAS
36253,DAS
36255,EDAS
36256,EDAS
36258,REMOTE
36260,DAS
36261,EDAS
36262,REMOTE
36263,EDAS
36264,EDAS
36265,DAS
36266,REMOTE
36267,EDAS
36268,DAS
36269,REMOTE
36270,EDAS
36271,DAS
36272,EDAS
36273,REMOTE
36274,EDAS
36275,DAS
36276,EDAS
36277,DAS
36278,EDAS
36279,EDAS
36280,REMOTE
36301,DAS
36305,DAS
36310,REMOTE
36311,EDAS
36312,DAS
36314,EDAS
36316,EDAS
36317,REMOTE
36318,REMOTE
36319,EDAS
36320,EDAS
36321,DAS
36322,DAS
36323,EDAS
36330,DAS
36340,DAS
36343,REMOTE
36344,EDAS
36345,DAS
36346,EDAS
36349,DAS
36350,DAS
36351,EDAS
36352,DAS
36353,EDAS
36360,EDAS
36361,DAS
36362,DAS
36370,DAS
36371,DAS
36373,EDAS
36374,EDAS
36375,EDAS
36376,DAS
36401,EDAS
36420,EDAS
36421,EDAS
36425,REMOTE
36426,DAS
36427,DAS
36429,DAS
36431,EDAS
36432,EDAS
36435,REMOTE
36436,EDAS
36439,EDAS
36441,EDAS
36442,REMOTE
36444,REMOTE
36445,EDAS
36446,EDAS
36451,EDAS
36453,EDAS
36454,EDAS
36455,EDAS
36456,EDAS
36458,DAS
36460,DAS
36461,DAS
36467,REMOTE
36470,EDAS
36471,EDAS
36473,EDAS
36474,EDAS
36475,EDAS
36476,DAS
36477,EDAS
36480,REMOTE
36481,REMOTE
36482,REMOTE
36483,EDAS
36502,DAS
36504,DAS
36505,EDAS
36507,EDAS
36509,DAS
36511,EDAS
36512,DAS
36513,REMOTE
36515,EDAS
36518,REMOTE
36521,EDAS
36522,EDAS
36523,DAS
36524,REMOTE
36525,EDAS
36528,DAS
36529,REMOTE
36530,EDAS
36538,REMOTE
36539,REMOTE
36540,REMOTE
36541,EDAS
36542,DAS
36543,DAS
36544,DAS
36545,EDAS
36548,EDAS
36549,DAS
36550,REMOTE
36551,EDAS
36553,REMOTE
36555,DAS
36556,REMOTE
36558,REMOTE
36560,EDAS
36561,DAS
36562,EDAS
36567,DAS
36568,DAS
36569,EDAS
36571,DAS
36572,DAS
36574,DAS
36576,DAS
36578,DAS
36579,REMOTE
36580,DAS
36581,REMOTE
36583,EDAS
36584,EDAS
36585,REMOTE
36586,EDAS
36587,DAS
36612,DAS
36613,DAS
36633,DAS
36701,DAS
36702,DAS
36703,DAS
36720,EDAS
36721,EDAS
36722,EDAS
36723,REMOTE
36726,EDAS
36727,REMOTE
36728,EDAS
36732,DAS
36736,EDAS
36738,REMOTE
36740,REMOTE
36741,DAS
36742,REMOTE
36744,EDAS
36745,DAS
36748,EDAS
36749,REMOTE
36750,EDAS
36751,REMOTE
36752,REMOTE
36753,EDAS
36754,REMOTE
36756,REMOTE
36758,EDAS
36759,EDAS
36761,REMOTE
36762,EDAS
36763,EDAS
36764,DAS
36765,EDAS
36766,EDAS
36767,REMOTE
36768,REMOTE
36769,EDAS
36773,EDAS
36775,EDAS
36776,REMOTE
36779,EDAS
36782,EDAS
36783,EDAS
36784,EDAS
36785,REMOTE
36786,REMOTE
36790,EDAS
36792,EDAS
36793,REMOTE
36804,DAS
36850,EDAS
36851,EDAS
36852,EDAS
36853,EDAS
36854,EDAS
36855,REMOTE
36856,DAS
36858,REMOTE
36859,DAS
36860,REMOTE
36861,EDAS
36862,EDAS
36863,EDAS
36866,EDAS
36867,DAS
36869,EDAS
36870,DAS
36871,EDAS
36874,EDAS
36875,EDAS
36877,EDAS
36879,EDAS
36901,REMOTE
36904,EDAS
36907,EDAS
36908,REMOTE
36910,EDAS
36912,REMOTE
36913,EDAS
36915,REMOTE
36916,EDAS
36919,REMOTE
36921,EDAS
36922,REMOTE
36925,EDAS
37010,EDAS
37012,REMOTE
37014,DAS
37015,DAS
37016,EDAS
37018,EDAS
37019,EDAS
37020,EDAS
37022,EDAS
37023,EDAS
37025,EDAS
37026,EDAS
37028,EDAS
37029,DAS
37030,DAS
37031,DAS
37032,EDAS
37033,EDAS
37034,DAS
37035,DAS
37036,EDAS
37037,DAS
37046,DAS
37047,EDAS
37048,DAS
37049,EDAS
37050,EDAS
37051,EDAS
37052,EDAS
37055,DAS
37056,DAS
37057,EDAS
37058,REMOTE
37059,EDAS
37060,EDAS
37061,EDAS
37062,DAS
37073,DAS
37074,DAS
37077,DAS
37078,EDAS
37079,EDAS
37080,DAS
37082,EDAS
37083,EDAS
37085,DAS
37090,DAS
37091,DAS
37095,EDAS
37096,REMOTE
37097,REMOTE
37098,EDAS
37101,EDAS
37110,DAS
37111,DAS
37118,EDAS
37134,EDAS
37137,EDAS
37140,REMOTE
37141,EDAS
37142,EDAS
37143,DAS
37144,REMOTE
37145,REMOTE
37146,DAS
37147,EDAS
37148,DAS
37149,EDAS
37150,REMOTE
37151,EDAS
37153,DAS
37160,DAS
37165,EDAS
37166,DAS
37171,EDAS
37172,DAS
37175,REMOTE
37178,REMOTE
37179,DAS
37180,DAS
37181,EDAS
37183,EDAS
37184,EDAS
37185,EDAS
37186,EDAS
37187,DAS
37188,DAS
37189,DAS
37190,EDAS
37191,EDAS
37301,REMOTE
37303,DAS
37304,DAS
37305,EDAS
37306,EDAS
37307,EDAS
37308,REMOTE
37309,REMOTE
37310,EDAS
37313,EDAS
37316,DAS
37317,EDAS
37318,DAS
37321,DAS
37322,EDAS
37323,DAS
37324,EDAS
37325,REMOTE
37326,DAS
37327,EDAS
37328,EDAS
37329,EDAS
37330,EDAS
37331,DAS
37332,REMOTE
37333,EDAS
37334,EDAS
37335,REMOTE
37336,DAS
37337,REMOTE
37338,EDAS
37339,EDAS
37340,EDAS
37341,DAS
37342,EDAS
37345,EDAS
37347,EDAS
37348,EDAS
37349,DAS
37352,DAS
37353,EDAS
37354,DAS
37355,DAS
37356,EDAS
37357,EDAS
37359,EDAS
37360,EDAS
37361,EDAS
37362,EDAS
37365,REMOTE
37366,EDAS
37367,REMOTE
37369,EDAS
37370,EDAS
37373,DAS
37374,EDAS
37375,EDAS
37376,REMOTE
37377,DAS
37378,EDAS
37379,DAS
37380,EDAS
37381,EDAS
37382,EDAS
37383,REMOTE
37385,REMOTE
37387,REMOTE
37388,DAS
37389,DAS
37391,REMOTE
37394,DAS
37396,REMOTE
37397,EDAS
37398,DAS
37419,DAS
37616,DAS
37617,EDAS
37618,DAS
37640,REMOTE
37641,DAS
37642,DAS
37643,DAS
37644,DAS
37650,EDAS
37656,DAS
37657,EDAS
37658,EDAS
37659,DAS
37680,REMOTE
37681,EDAS
37683,EDAS
37687,EDAS
37688,EDAS
37690,DAS
37691,EDAS
37692,DAS
37694,DAS
37705,EDAS
37707,EDAS
37708,EDAS
37709,DAS
37710,EDAS
37711,DAS
37713,EDAS
37714,EDAS
37715,EDAS
37719,DAS
37721,EDAS
37722,EDAS
37723,EDAS
37724,EDAS
37725,DAS
37726,REMOTE
37727,REMOTE
37729,REMOTE
37731,REMOTE
37732,EDAS
37733,REMOTE
37737,EDAS
37738,DAS
37742,EDAS
37743,DAS
37744,DAS
37745,EDAS
37748,DAS
37752,EDAS
37753,REMOTE
37754,EDAS
37755,EDAS
37756,EDAS
37757,DAS
37760,DAS
37762,EDAS
37763,DAS
37764,EDAS
37765,EDAS
37766,DAS
37769,EDAS
37770,EDAS
37771,DAS
37772,DAS
37773,EDAS
37774,DAS
37777,DAS
37778,DAS
37779,EDAS
37803,DAS
37806,DAS
37807,EDAS
37809,EDAS
37810,EDAS
37811,EDAS
37813,DAS
37818,EDAS
37819,EDAS
37820,DAS
37821,DAS
37822,DAS
37824,DAS
37825,EDAS
37826,EDAS
37829,EDAS
37840,DAS
37841,EDAS
37843,REMOTE
37845,DAS
37846,EDAS
37847,EDAS
37848,EDAS
37852,REMOTE
37854,EDAS
37857,DAS
37860,DAS
37861,EDAS
37862,EDAS
37863,EDAS
37865,DAS
37866,EDAS
37869,EDAS
37870,EDAS
37871,EDAS
37872,REMOTE
37873,EDAS
37874,DAS
37876,DAS
37877,DAS
37878,EDAS
37879,EDAS
37880,EDAS
37881,EDAS
37882,EDAS
37885,EDAS
37886,DAS
37887,EDAS
37888,REMOTE
37890,DAS
37891,DAS
37892,EDAS
37927,DAS
38001,DAS
38004,DAS
38006,DAS
38007,EDAS
38008,EDAS
38011,DAS
38012,EDAS
38015,EDAS
38019,DAS
38023,EDAS
38024,DAS
38025,DAS
38028,DAS
38030,EDAS
38034,EDAS
38036,DAS
38037,EDAS
38039,REMOTE
38040,EDAS
38041,EDAS
38042,REMOTE
38044,EDAS
38046,EDAS
38049,EDAS
38050,EDAS
38052,EDAS
38053,DAS
38057,EDAS
38058,EDAS
38059,DAS
38060,DAS
38061,EDAS
38063,DAS
38066,EDAS
38067,EDAS
38068,EDAS
38069,EDAS
38070,EDAS
38071,DAS
38074,EDAS
38075,EDAS
38076,EDAS
38077,EDAS
38079,EDAS
38080,EDAS
38127,DAS
38167,DAS
38201,EDAS
38220,EDAS
38221,EDAS
38222,REMOTE
38224,EDAS
38225,DAS
38226,EDAS
38229,EDAS
38230,EDAS
38231,EDAS
38232,EDAS
38233,EDAS
38235,DAS
38236,EDAS
38237,DAS
38238,DAS
38240,EDAS
38241,EDAS
38242,DAS
38251,REMOTE
38253,EDAS
38254,DAS
38255,DAS
38256,EDAS
38257,EDAS
38258,EDAS
38259,EDAS
38260,EDAS
38261,DAS
38271,DAS
38281,DAS
38310,EDAS
38311,REMOTE
38313,EDAS
38315,EDAS
38316,EDAS
38317,EDAS
38318,EDAS
38320,DAS
38321,REMOTE
38326,EDAS
38327,EDAS
38328,EDAS
38329,EDAS
38330,EDAS
38332,EDAS
38333,EDAS
38334,EDAS
38337,EDAS
38338,DAS
38339,EDAS
38340,DAS
38341,EDAS
38342,EDAS
38343,DAS
38344,DAS
38345,REMOTE
38347,EDAS
38348,EDAS
38351,DAS
38352,EDAS
38355,DAS
38356,EDAS
38357,REMOTE
38358,DAS
38359,EDAS
38361,EDAS
38362,DAS
38363,EDAS
38365,EDAS
38366,REMOTE
38367,EDAS
38368,EDAS
38369,EDAS
38370,EDAS
38371,EDAS
38372,EDAS
38374,EDAS
38375,DAS
38376,EDAS
38379,EDAS
38380,EDAS
38381,EDAS
38382,DAS
38387,EDAS
38388,EDAS
38389,DAS
38390,EDAS
38391,EDAS
38392,EDAS
38425,EDAS
38449,EDAS
38450,EDAS
38451,DAS
38452,EDAS
38453,REMOTE
38454,EDAS
38455,REMOTE
38456,DAS
38457,EDAS
38459,REMOTE
38460,EDAS
38461,EDAS
38462,EDAS
38463,EDAS
38464,DAS
38468,EDAS
38469,EDAS
38471,REMOTE
38472,EDAS
38473,EDAS
38474,DAS
38475,REMOTE
38476,EDAS
38477,REMOTE
38478,DAS
38481,EDAS
38482,EDAS
38483,DAS
38485,EDAS
38486,EDAS
38487,EDAS
38488,EDAS
38504,REMOTE
38541,REMOTE
38542,EDAS
38543,EDAS
38544,EDAS
38545,EDAS
38547,EDAS
38548,EDAS
38549,EDAS
38551,EDAS
38552,EDAS
38553,EDAS
38554,REMOTE
38555,EDAS
38556,REMOTE
38558,DAS
38559,DAS
38560,EDAS
38562,REMOTE
38563,EDAS
38564,EDAS
38565,EDAS
38567,EDAS
38568,REMOTE
38569,REMOTE
38570,DAS
38571,DAS
38572,EDAS
38573,REMOTE
38574,EDAS
38575,EDAS
38577,EDAS
38578,DAS
38579,EDAS
38580,EDAS
38581,EDAS
38582,EDAS
38583,DAS
38585,EDAS
38587,EDAS
38588,REMOTE
38589,REMOTE
38601,EDAS
38602,EDAS
38603,EDAS
38606,DAS
38610,EDAS
38611,EDAS
38614,EDAS
38617,EDAS
38618,EDAS
38619,EDAS
38620,EDAS
38621,EDAS
38622,REMOTE
38623,REMOTE
38625,EDAS
38626,EDAS
38627,EDAS
38628,EDAS
38629,EDAS
38631,EDAS
38632,DAS
38633,EDAS
38634,EDAS
38635,EDAS
38638,EDAS
38639,EDAS
38641,EDAS
38642,REMOTE
38643,EDAS
38644,DAS
38645,EDAS
38646,EDAS
38647,REMOTE
38649,REMOTE
38650,REMOTE
38651,DAS
38652,DAS
38655,DAS
38658,EDAS
38659,REMOTE
38661,EDAS
38663,EDAS
38664,DAS
38665,EDAS
38666,EDAS
38668,DAS
38670,EDAS
38673,EDAS
38674,EDAS
38675,EDAS
38676,EDAS
38680,DAS
38683,EDAS
38685,EDAS
38701,DAS
38703,DAS
38720,REMOTE
38721,EDAS
38722,DAS
38723,EDAS
38725,REMOTE
38726,EDAS
38730,EDAS
38731,DAS
38732,DAS
38733,DAS
38736,EDAS
38737,EDAS
38738,EDAS
38739,DAS
38740,EDAS
38744,EDAS
38745,REMOTE
38746,EDAS
38748,EDAS
38749,EDAS
38751,DAS
38753,EDAS
38754,EDAS
38756,DAS
38759,EDAS
38760,DAS
38761,EDAS
38762,EDAS
38764,EDAS
38765,EDAS
38767,EDAS
38768,EDAS
38769,REMOTE
38771,DAS
38772,DAS
38773,EDAS
38774,EDAS
38776,EDAS
38778,REMOTE
38781,DAS
38820,DAS
38821,DAS
38824,EDAS
38825,DAS
38826,DAS
38827,DAS
38828,EDAS
38829,DAS
38833,EDAS
38834,EDAS
38838,EDAS
38839,DAS
38841,DAS
38843,EDAS
38844,EDAS
38846,EDAS
38847,EDAS
38848,REMOTE
38849,DAS
38850,EDAS
38851,EDAS
38852,EDAS
38854,EDAS
38855,EDAS
38856,EDAS
38857,DAS
38858,EDAS
38859,REMOTE
38860,EDAS
38862,EDAS
38863,DAS
38864,EDAS
38865,DAS
38866,DAS
38868,EDAS
38869,DAS
38870,EDAS
38871,EDAS
38873,REMOTE
38874,EDAS
38876,EDAS
38877,REMOTE
38878,EDAS
38880,DAS
38901,EDAS
38902,EDAS
38912,EDAS
38913,EDAS
38914,EDAS
38915,DAS
38916,EDAS
38917,EDAS
38920,REMOTE
38921,EDAS
38922,EDAS
38923,EDAS
38924,REMOTE
38925,REMOTE
38926,DAS
38927,EDAS
38928,REMOTE
38929,REMOTE
38940,EDAS
38941,EDAS
38943,EDAS
38944,EDAS
38946,REMOTE
38947,DAS
38948,REMOTE
38949,EDAS
38950,REMOTE
38951,REMOTE
38952,EDAS
38953,EDAS
38954,EDAS
38955,EDAS
38957,DAS
38959,REMOTE
38960,EDAS
38961,REMOTE
38962,DAS
38963,REMOTE
38964,REMOTE
38965,EDAS
38966,DAS
38967,EDAS
39038,EDAS
39039,EDAS
39040,EDAS
39041,EDAS
39042,DAS
39044,REMOTE
39045,REMOTE
39046,DAS
39051,EDAS
39054,EDAS
39057,EDAS
39059,EDAS
39061,REMOTE
39062,EDAS
39063,EDAS
39066,EDAS
39067,REMOTE
39069,EDAS
39071,EDAS
39072,EDAS
39073,DAS
39074,DAS
39077,EDAS
39078,EDAS
39079,EDAS
39080,DAS
39082,EDAS
39083,EDAS
39086,REMOTE
39087,EDAS
39088,EDAS
39090,EDAS
39092,EDAS
39094,REMOTE
39095,REMOTE
39096,EDAS
39097,EDAS
39098,EDAS
39107,EDAS
39108,REMOTE
39109,DAS
39111,EDAS
39112,EDAS
39113,EDAS
39114,EDAS
39115,EDAS
39116,EDAS
39117,REMOTE
39119,REMOTE
39120,EDAS
39121,EDAS
39122,EDAS
39140,REMOTE
39144,EDAS
39145,EDAS
39146,REMOTE
39148,DAS
39149,EDAS
39150,EDAS
39152,REMOTE
39153,EDAS
39154,EDAS
39156,REMOTE
39159,EDAS
39160,REMOTE
39162,EDAS
39165,EDAS
39166,REMOTE
39167,DAS
39168,EDAS
39169,EDAS
39170,DAS
39175,EDAS
39176,EDAS
39177,REMOTE
39179,REMOTE
39180,DAS
39181,DAS
39182,DAS
39183,EDAS
39189,EDAS
39190,EDAS
39191,EDAS
39192,REMOTE
39194,EDAS
39212,DAS
39305,DAS
39320,DAS
39322,EDAS
39323,EDAS
39324,DAS
39325,DAS
39326,EDAS
39327,EDAS
39328,EDAS
39330,EDAS
39332,EDAS
39335,EDAS
39336,EDAS
39337,REMOTE
39338,REMOTE
39339,REMOTE
39341,EDAS
39342,DAS
39345,DAS
39346,EDAS
39347,EDAS
39348,EDAS
39350,DAS
39352,REMOTE
39354,REMOTE
39355,EDAS
39356,EDAS
39358,EDAS
39359,DAS
39360,EDAS
39361,REMOTE
39362,EDAS
39363,EDAS
39364,EDAS
39365,EDAS
39366,REMOTE
39367,EDAS
39421,EDAS
39422,REMOTE
39423,REMOTE
39425,EDAS
39426,EDAS
39427,EDAS
39428,EDAS
39429,DAS
39436,DAS
39437,DAS
39439,EDAS
39443,DAS
39451,REMOTE
39452,EDAS
39455,REMOTE
39456,REMOTE
39457,DAS
39459,DAS
39461,EDAS
39462,EDAS
39464,EDAS
39465,DAS
39466,DAS
39470,EDAS
39474,EDAS
39475,DAS
39476,EDAS
39477,DAS
39478,EDAS
39479,EDAS
39480,EDAS
39481,EDAS
39482,EDAS
39483,REMOTE
39520,DAS
39521,DAS
39553,DAS
39555,EDAS
39556,DAS
39558,DAS
39561,DAS
39562,EDAS
39563,DAS
39565,EDAS
39571,DAS
39572,EDAS
39573,REMOTE
39574,EDAS
39577,EDAS
39601,DAS
39602,DAS
39603,DAS
39629,EDAS
39630,DAS
39631,EDAS
39632,EDAS
39633,REMOTE
39635,EDAS
39638,EDAS
39641,REMOTE
39643,EDAS
39645,REMOTE
39647,REMOTE
39648,DAS
39649,DAS
39652,EDAS
39653,EDAS
39654,EDAS
39656,EDAS
39657,EDAS
39661,REMOTE
39662,EDAS
39663,REMOTE
39664,REMOTE
39665,REMOTE
39666,DAS
39667,EDAS
39668,EDAS
39669,REMOTE
39701,DAS
39702,DAS
39730,EDAS
39735,EDAS
39736,DAS
39737,EDAS
39739,EDAS
39740,REMOTE
39741,EDAS
39743,EDAS
39744,EDAS
39745,REMOTE
39746,EDAS
39747,REMOTE
39750,EDAS
39751,EDAS
39752,EDAS
39753,EDAS
39754,EDAS
39755,EDAS
39756,EDAS
39759,DAS
39762,EDAS
39766,DAS
39767,REMOTE
39769,REMOTE
39771,EDAS
39772,EDAS
39773,DAS
39776,REMOTE
39813,EDAS
39815,EDAS
39817,EDAS
39818,DAS
39819,DAS
39823,EDAS
39824,EDAS
39825,EDAS
39826,EDAS
39827,EDAS
39828,DAS
39829,REMOTE
39832,EDAS
39834,EDAS
39836,REMOTE
39837,REMOTE
39840,EDAS
39841,EDAS
39842,EDAS
39845,EDAS
39846,EDAS
39851,EDAS
39852,DAS
39854,EDAS
39859,EDAS
39861,REMOTE
39862,EDAS
39866,EDAS
39867,EDAS
39870,EDAS
39877,EDAS
39885,DAS
39886,EDAS
39897,EDAS
40003,EDAS
40004,DAS
40006,EDAS
40007,EDAS
40008,EDAS
40009,REMOTE
40010,DAS
40011,REMOTE
40012,DAS
40013,DAS
40014,DAS
40019,EDAS
40022,DAS
40023,DAS
40026,DAS
40031,DAS
40033,DAS
40036,REMOTE
40037,EDAS
40040,EDAS
40045,EDAS
40046,REMOTE
40050,REMOTE
40051,EDAS
40052,EDAS
40055,EDAS
40057,REMOTE
40058,EDAS
40060,EDAS
40061,DAS
40062,EDAS
40063,DAS
40065,DAS
40068,EDAS
40069,EDAS
40070,EDAS
40071,EDAS
40075,REMOTE
40076,EDAS
40077,EDAS
40078,REMOTE
40104,EDAS
40107,EDAS
40108,DAS
40110,EDAS
40111,EDAS
40115,REMOTE
40117,DAS
40119,REMOTE
40121,DAS
40140,REMOTE
40142,EDAS
40143,REMOTE
40144,EDAS
40145,REMOTE
40146,EDAS
40150,EDAS
40152,REMOTE
40153,REMOTE
40155,EDAS
40157,REMOTE
40161,EDAS
40162,EDAS
40164,EDAS
40165,DAS
40170,EDAS
40171,REMOTE
40175,EDAS
40176,EDAS
40177,EDAS
40178,REMOTE
40310,DAS
40311,EDAS
40312,EDAS
40313,EDAS
40316,EDAS
40317,DAS
40320,DAS
40322,EDAS
40328,EDAS
40330,EDAS
40334,EDAS
40336,EDAS
40337,EDAS
40339,DAS
40342,DAS
40346,EDAS
40347,DAS
40348,DAS
40350,EDAS
40351,DAS
40353,DAS
40355,EDAS
40357,DAS
40358,EDAS
40359,EDAS
40360,EDAS
40361,DAS
40362,DAS
40363,EDAS
40370,EDAS
40371,EDAS
40372,EDAS
40374,REMOTE
40376,EDAS
40379,EDAS
40380,EDAS
40385,EDAS
40387,EDAS
40390,DAS
40402,EDAS
40403,DAS
40404,DAS
40409,EDAS
40410,EDAS
40419,EDAS
40437,EDAS
40440,EDAS
40442,EDAS
40444,EDAS
40445,REMOTE
40447,EDAS
40448,DAS
40452,EDAS
40456,REMOTE
40460,REMOTE
40461,EDAS
40464,EDAS
40468,EDAS
40472,EDAS
40473,DAS
40481,EDAS
40484,DAS
40486,EDAS
40488,EDAS
40489,EDAS
40492,DAS
40601,DAS
40602,DAS
40621,DAS
40701,EDAS
40729,EDAS
40734,EDAS
40737,DAS
40740,DAS
40741,EDAS
40744,DAS
40754,EDAS
40759,REMOTE
40763,REMOTE
40769,EDAS
40771,EDAS
40801,DAS
40803,EDAS
40806,EDAS
40807,EDAS
40808,REMOTE
40810,REMOTE
40813,REMOTE
40815,EDAS
40816,EDAS
40818,DAS
40819,REMOTE
40820,EDAS
40823,EDAS
40824,REMOTE
40826,REMOTE
40827,DAS
40828,EDAS
40829,EDAS
40830,DAS
40831,DAS
40840,REMOTE
40843,EDAS
40844,EDAS
40845,DAS
40847,DAS
40849,DAS
40854,DAS
40855,EDAS
40856,EDAS
40858,REMOTE
40862,EDAS
40863,EDAS
40865,EDAS
40868,EDAS
40870,EDAS
40873,EDAS
40874,REMOTE
40902,EDAS
40903,EDAS
40906,DAS
40913,EDAS
40914,REMOTE
40915,EDAS
40921,EDAS
40923,EDAS
40927,EDAS
40930,DAS
40935,REMOTE
40939,REMOTE
40940,EDAS
40941,EDAS
40943,EDAS
40944,DAS
40946,REMOTE
40949,EDAS
40953,EDAS
40955,DAS
40958,EDAS
40962,EDAS
40964,REMOTE
40965,DAS
40972,REMOTE
40977,EDAS
40979,EDAS
40982,EDAS
40983,REMOTE
40988,REMOTE
40995,REMOTE
40997,REMOTE
40999,EDAS
41001,DAS
41002,EDAS
41003,EDAS
41004,EDAS
41006,EDAS
41007,EDAS
41008,EDAS
41010,REMOTE
41030,DAS
41031,DAS
41033,EDAS
41034,EDAS
41035,DAS
41039,EDAS
41040,REMOTE
41041,EDAS
41043,REMOTE
41044,EDAS
41045,EDAS
41046,EDAS
41049,REMOTE
41052,EDAS
41055,EDAS
41056,DAS
41059,DAS
41061,EDAS
41062,EDAS
41063,EDAS
41064,EDAS
41080,DAS
41081,EDAS
41083,REMOTE
41086,EDAS
41092,DAS
41093,EDAS
41095,DAS
41096,DAS
41097,EDAS
41098,REMOTE
41121,EDAS
41124,REMOTE
41127,EDAS
41128,DAS
41129,DAS
41132,REMOTE
41135,REMOTE
41137,EDAS
41141,EDAS
41142,DAS
41143,DAS
41144,EDAS
41146,DAS
41149,EDAS
41159,REMOTE
41160,DAS
41164,REMOTE
41166,EDAS
41168,DAS
41171,EDAS
41173,EDAS
41174,EDAS
41175,EDAS
41179,EDAS
41180,EDAS
41181,EDAS
41183,DAS
41189,EDAS
41201,REMOTE
41203,EDAS
41204,EDAS
41214,EDAS
41215,EDAS
41216,DAS
41219,REMOTE
41222,EDAS
41224,EDAS
41226,REMOTE
41228,EDAS
41230,EDAS
41231,EDAS
41232,REMOTE
41234,EDAS
41238,EDAS
41240,DAS
41250,EDAS
41254,EDAS
41255,EDAS
41256,EDAS
41257,REMOTE
41260,EDAS
41262,EDAS
41263,EDAS
41264,EDAS
41265,EDAS
41267,EDAS
41268,DAS
41271,EDAS
41274,DAS
41301,EDAS
41307,EDAS
41310,EDAS
41311,EDAS
41313,EDAS
41314,EDAS
41317,REMOTE
41332,EDAS
41338,EDAS
41339,REMOTE
41342,EDAS
41344,EDAS
41348,REMOTE
41351,REMOTE
41352,REMOTE
41360,EDAS
41364,EDAS
41365,DAS
41366,EDAS
41367,EDAS
41368,EDAS
41377,EDAS
41385,REMOTE
41386,EDAS
41390,EDAS
41397,EDAS
41408,EDAS
41413,DAS
41419,EDAS
41421,EDAS
41422,EDAS
41425,REMOTE
41426,EDAS
41464,REMOTE
41465,EDAS
41472,REMOTE
41477,EDAS
41501,DAS
41503,DAS
41512,EDAS
41513,EDAS
41514,EDAS
41517,DAS
41519,EDAS
41520,EDAS
41522,EDAS
41524,EDAS
41527,EDAS
41528,EDAS
41531,EDAS
41534,REMOTE
41535,EDAS
41537,EDAS
41538,DAS
41539,EDAS
41540,EDAS
41542,DAS
41543,EDAS
41544,EDAS
41546,EDAS
41547,EDAS
41548,EDAS
41549,EDAS
41553,EDAS
41554,EDAS
41555,EDAS
41557,EDAS
41558,EDAS
41559,EDAS
41560,DAS
41561,DAS
41562,EDAS
41563,EDAS
41564,EDAS
41566,EDAS
41567,EDAS
41568,EDAS
41571,EDAS
41572,EDAS
41601,DAS
41602,EDAS
41603,EDAS
41604,EDAS
41605,DAS
41606,EDAS
41607,EDAS
41612,DAS
41615,EDAS
41616,EDAS
41619,EDAS
41621,DAS
41622,DAS
41630,EDAS
41631,EDAS
41632,REMOTE
41635,DAS
41636,EDAS
41640,EDAS
41642,EDAS
41643,EDAS
41645,EDAS
41647,EDAS
41649,DAS
41650,DAS
41651,DAS
41653,DAS
41655,EDAS
41659,DAS
41660,EDAS
41663,EDAS
41666,DAS
41667,EDAS
41669,DAS
41701,DAS
41712,REMOTE
41713,REMOTE
41714,REMOTE
41719,EDAS
41721,REMOTE
41722,EDAS
41723,EDAS
41725,EDAS
41727,EDAS
41730,EDAS
41731,REMOTE
41735,EDAS
41739,DAS
41740,EDAS
41743,REMOTE
41745,REMOTE
41746,EDAS
41747,EDAS
41749,EDAS
41751,EDAS
41754,REMOTE
41759,REMOTE
41760,EDAS
41762,REMOTE
41763,REMOTE
41764,EDAS
41766,REMOTE
41772,EDAS
41773,EDAS
41774,EDAS
41775,EDAS
41776,REMOTE
41777,REMOTE
41778,DAS
41804,REMOTE
41810,DAS
41812,EDAS
41815,EDAS
41817,EDAS
41819,REMOTE
41821,REMOTE
41822,EDAS
41824,EDAS
41825,EDAS
41826,EDAS
41828,EDAS
41831,EDAS
41832,EDAS
41833,EDAS
41834,REMOTE
41835,EDAS
41836,REMOTE
41837,EDAS
41838,EDAS
41839,EDAS
41840,EDAS
41843,EDAS
41844,DAS
41845,EDAS
41847,REMOTE
41848,EDAS
41849,EDAS
41855,EDAS
41858,EDAS
41859,EDAS
41861,EDAS
41862,EDAS
42020,DAS
42021,EDAS
42022,EDAS
42023,EDAS
42024,EDAS
42025,DAS
42027,DAS
42028,EDAS
42029,DAS
42031,REMOTE
42032,REMOTE
42033,EDAS
42035,EDAS
42036,EDAS
42037,EDAS
42038,EDAS
42039,EDAS
42040,EDAS
42041,EDAS
42044,DAS
42045,EDAS
42047,EDAS
42048,REMOTE
42049,EDAS
42050,EDAS
42051,DAS
42053,EDAS
42054,EDAS
42055,EDAS
42056,EDAS
42058,EDAS
42060,DAS
42061,DAS
42064,EDAS
42066,DAS
42069,EDAS
42070,EDAS
42071,EDAS
42076,EDAS
42078,EDAS
42079,EDAS
42081,EDAS
42082,DAS
42083,REMOTE
42084,EDAS
42085,REMOTE
42086,DAS
42087,EDAS
42088,EDAS
42120,EDAS
42122,DAS
42123,EDAS
42124,REMOTE
42127,EDAS
42129,EDAS
42130,EDAS
42131,REMOTE
42133,REMOTE
42134,DAS
42135,DAS
42140,EDAS
42141,DAS
42142,DAS
42151,EDAS
42153,EDAS
42154,EDAS
42156,EDAS
42157,EDAS
42159,DAS
42160,EDAS
42163,DAS
42164,DAS
42166,REMOTE
42167,REMOTE
42170,EDAS
42171,DAS
42201,EDAS
42202,EDAS
42204,EDAS
42206,EDAS
42207,EDAS
42209,EDAS
42210,EDAS
42211,EDAS
42214,EDAS
42215,EDAS
42216,EDAS
42217,EDAS
42219,DAS
42220,EDAS
42221,EDAS
42232,EDAS
42234,DAS
42236,EDAS
42240,DAS
42241,DAS
42252,DAS
42254,EDAS
42256,EDAS
42257,EDAS
42259,EDAS
42261,EDAS
42262,DAS
42265,EDAS
42266,EDAS
42267,EDAS
42273,EDAS
42274,DAS
42275,EDAS
42276,DAS
42280,EDAS
42283,EDAS
42285,EDAS
42286,EDAS
42287,EDAS
42320,DAS
42321,EDAS
42322,DAS
42323,EDAS
42324,EDAS
42325,EDAS
42326,EDAS
42327,EDAS
42328,EDAS
42330,EDAS
42332,DAS
42333,EDAS
42337,EDAS
42338,EDAS
42339,EDAS
42343,EDAS
42344,EDAS
42345,EDAS
42347,DAS
42348,EDAS
42349,REMOTE
42350,EDAS
42351,EDAS
42352,EDAS
42354,DAS
42355,EDAS
42361,REMOTE
42364,EDAS
42365,EDAS
42366,EDAS
42367,DAS
42368,EDAS
42369,EDAS
42370,DAS
42371,EDAS
42372,EDAS
42374,DAS
42376,EDAS
42378,REMOTE
42402,DAS
42404,EDAS
42406,EDAS
42408,EDAS
42409,EDAS
42410,EDAS
42411,EDAS
42413,DAS
42420,DAS
42431,DAS
42436,EDAS
42437,EDAS
42440,DAS
42441,EDAS
42442,EDAS
42444,EDAS
42445,DAS
42450,EDAS
42451,EDAS
42452,DAS
42453,EDAS
42455,EDAS
42456,EDAS
42457,DAS
42458,EDAS
42459,EDAS
42461,EDAS
42462,EDAS
42463,DAS
42464,EDAS
42501,DAS
42503,DAS
42516,EDAS
42518,EDAS
42519,EDAS
42528,EDAS
42539,EDAS
42541,EDAS
42544,EDAS
42553,EDAS
42558,EDAS
42565,EDAS
42566,EDAS
42567,EDAS
42602,EDAS
42603,EDAS
42629,EDAS
42631,EDAS
42633,EDAS
42634,REMOTE
42635,EDAS
42642,EDAS
42647,EDAS
42649,EDAS
42653,EDAS
42711,EDAS
42712,REMOTE
42713,EDAS
42715,EDAS
42716,EDAS
42717,EDAS
42718,DAS
42719,DAS
42720,EDAS
42721,EDAS
42722,EDAS
42724,REMOTE
42726,EDAS
42728,EDAS
42729,REMOTE
42731,EDAS
42732,REMOTE
42733,EDAS
42735,EDAS
42740,REMOTE
42741,EDAS
42742,DAS
42743,EDAS
42746,EDAS
42748,EDAS
42749,EDAS
42753,EDAS
42754,EDAS
42755,DAS
42757,REMOTE
42758,EDAS
42759,DAS
42761,EDAS
42762,EDAS
42764,EDAS
42765,EDAS
42776,REMOTE
42782,REMOTE
42784,REMOTE
42786,EDAS
42788,EDAS
43001,DAS
43003,EDAS
43005,DAS
43006,EDAS
43008,DAS
43009,EDAS
43010,DAS
43011,EDAS
43013,EDAS
43014,EDAS
43019,DAS
43021,DAS
43022,DAS
43023,DAS
43025,DAS
43027,EDAS
43028,EDAS
43029,DAS
43030,DAS
43031,DAS
43036,DAS
43037,EDAS
43040,DAS
43044,EDAS
43045,EDAS
43046,DAS
43047,DAS
43048,DAS
43050,DAS
43055,DAS
43056,DAS
43058,DAS
43060,EDAS
43061,EDAS
43066,EDAS
43067,DAS
43070,DAS
43071,EDAS
43072,EDAS
43074,DAS
43076,DAS
43077,DAS
43078,DAS
43080,EDAS
43084,EDAS
43101,DAS
43102,DAS
43103,DAS
43105,DAS
43106,EDAS
43107,EDAS
43111,DAS
43112,DAS
43115,EDAS
43119,DAS
43126,DAS
43127,DAS
43128,EDAS
43135,EDAS
43138,EDAS
43140,DAS
43142,DAS
43143,EDAS
43144,DAS
43145,EDAS
43146,EDAS
43148,EDAS
43149,EDAS
43150,EDAS
43151,DAS
43152,EDAS
43153,EDAS
43154,DAS
43155,DAS
43156,REMOTE
43157,DAS
43158,REMOTE
43160,EDAS
43163,EDAS
43164,EDAS
43302,DAS
43310,EDAS
43311,DAS
43314,EDAS
43315,DAS
43316,DAS
43318,EDAS
43319,EDAS
43320,EDAS
43321,DAS
43322,DAS
43323,EDAS
43324,DAS
43325,DAS
43326,DAS
43330,DAS
43331,DAS
43332,EDAS
43333,EDAS
43334,EDAS
43335,DAS
43336,DAS
43337,EDAS
43338,DAS
43340,EDAS
43341,EDAS
43342,DAS
43343,EDAS
43344,EDAS
43345,EDAS
43346,DAS
43347,EDAS
43349,DAS
43351,DAS
43356,EDAS
43357,EDAS
43358,EDAS
43359,EDAS
43360,EDAS
43402,DAS
43406,EDAS
43407,EDAS
43410,DAS
43412,EDAS
43413,EDAS
43416,DAS
43420,DAS
43430,DAS
43431,DAS
43432,DAS
43433,DAS
43435,EDAS
43436,DAS
43437,DAS
43438,REMOTE
43440,REMOTE
43442,EDAS
43443,DAS
43445,EDAS
43446,REMOTE
43447,DAS
43449,DAS
43450,DAS
43451,EDAS
43452,DAS
43456,REMOTE
43457,EDAS
43462,EDAS
43464,EDAS
43466,EDAS
43467,EDAS
43468,DAS
43469,DAS
43501,EDAS
43502,EDAS
43504,DAS
43506,DAS
43510,DAS
43511,EDAS
43512,DAS
43515,DAS
43516,EDAS
43517,EDAS
43518,EDAS
43521,EDAS
43522,DAS
43523,DAS
43524,EDAS
43526,DAS
43527,EDAS
43529,DAS
43531,DAS
43532,EDAS
43533,EDAS
43534,EDAS
43535,EDAS
43536,EDAS
43540,EDAS
43541,DAS
43542,DAS
43543,EDAS
43545,DAS
43547,EDAS
43548,EDAS
43549,EDAS
43553,DAS
43554,EDAS
43555,DAS
43556,EDAS
43557,EDAS
43558,DAS
43567,DAS
43569,EDAS
43570,EDAS
43711,EDAS
43713,DAS
43716,EDAS
43717,DAS
43718,DAS
43719,DAS
43720,EDAS
43721,DAS
43722,EDAS
43723,DAS
43724,DAS
43725,DAS
43727,EDAS
43728,EDAS
43730,EDAS
43731,DAS
43732,EDAS
43733,DAS
43735,DAS
43738,DAS
43739,EDAS
43740,DAS
43746,EDAS
43747,EDAS
43748,EDAS
43749,EDAS
43752,DAS
43754,REMOTE
43755,EDAS
43756,EDAS
43757,EDAS
43758,EDAS
43759,DAS
43760,EDAS
43761,DAS
43762,EDAS
43764,DAS
43766,EDAS
43767,EDAS
43768,DAS
43771,EDAS
43772,EDAS
43773,EDAS
43777,EDAS
43778,EDAS
43779,EDAS
43780,EDAS
43782,EDAS
43783,EDAS
43786,DAS
43787,REMOTE
43788,EDAS
43789,EDAS
43793,EDAS
43802,EDAS
43803,DAS
43804,DAS
43805,REMOTE
43811,EDAS
43812,DAS
43821,EDAS
43822,DAS
43824,REMOTE
43830,DAS
43832,EDAS
43837,EDAS
43840,EDAS
43843,REMOTE
43844,EDAS
43845,DAS
43901,EDAS
43902,REMOTE
43903,EDAS
43906,DAS
43907,EDAS
43908,EDAS
43909,DAS
43910,EDAS
43912,DAS
43913,DAS
43914,EDAS
43915,EDAS
43916,DAS
43917,EDAS
43920,DAS
43925,EDAS
43926,DAS
43928,DAS
43930,EDAS
43931,EDAS
43932,EDAS
43933,EDAS
43934,DAS
43935,DAS
43938,EDAS
43939,DAS
43940,DAS
43941,EDAS
43942,EDAS
43943,DAS
43944,EDAS
43945,EDAS
43946,EDAS
43947,DAS
43948,EDAS
43951,DAS
43953,DAS
43961,DAS
43962,EDAS
43963,DAS
43964,DAS
43966,EDAS
43967,DAS
43968,EDAS
43971,DAS
43973,EDAS
43974,DAS
43976,EDAS
43977,EDAS
43981,DAS
43983,REMOTE
43986,EDAS
43988,EDAS
44003,DAS
44010,DAS
44021,DAS
44030,DAS
44032,EDAS
44033,EDAS
44041,DAS
44044,DAS
44046,EDAS
44047,DAS
44048,DAS
44050,DAS
44057,DAS
44062,DAS
44064,DAS
44065,DAS
44068,DAS
44074,DAS
44076,EDAS
44080,DAS
44082,EDAS
44084,DAS
44085,EDAS
44086,DAS
44089,DAS
44090,DAS
44093,EDAS
44099,EDAS
44201,DAS
44214,EDAS
44217,DAS
44231,DAS
44234,DAS
44235,DAS
44253,DAS
44254,DAS
44255,DAS
44264,DAS
44265,DAS
44270,DAS
44272,DAS
44273,DAS
44275,DAS
44276,EDAS
44280,DAS
44287,DAS
44288,DAS
44401,DAS
44402,DAS
44403,DAS
44404,EDAS
44408,DAS
44411,DAS
44412,DAS
44413,DAS
44415,DAS
44416,EDAS
44417,EDAS
44418,DAS
44423,DAS
44424,DAS
44427,EDAS
44428,EDAS
44431,DAS
44432,DAS
44436,DAS
44439,DAS
44441,EDAS
44443,DAS
44444,DAS
44445,DAS
44449,EDAS
44450,EDAS
44451,EDAS
44453,EDAS
44454,DAS
44455,DAS
44470,DAS
44473,DAS
44490,DAS
44491,DAS
44606,DAS
44607,DAS
44608,DAS
44609,DAS
44610,DAS
44611,EDAS
44612,DAS
44615,DAS
44617,DAS
44618,DAS
44620,EDAS
44621,DAS
44624,DAS
44625,EDAS
44626,DAS
44627,DAS
44628,EDAS
44629,EDAS
44633,DAS
44634,DAS
44636,EDAS
44637,EDAS
44638,EDAS
44639,DAS
44640,DAS
44643,DAS
44644,DAS
44645,DAS
44651,REMOTE
44653,DAS
44654,DAS
44656,EDAS
44657,DAS
44659,DAS
44660,DAS
44661,EDAS
44662,DAS
44666,DAS
44669,DAS
44670,DAS
44671,DAS
44675,DAS
44676,DAS
44677,DAS
44678,DAS
44680,EDAS
44681,DAS
44682,DAS
44683,DAS
44688,DAS
44689,DAS
44690,DAS
44693,DAS
44695,EDAS
44697,DAS
44699,EDAS
44721,DAS
44730,DAS
44801,DAS
44802,EDAS
44803,EDAS
44804,EDAS
44807,EDAS
44809,DAS
44811,DAS
44813,DAS
44814,DAS
44815,DAS
44816,DAS
44817,EDAS
44818,EDAS
44820,DAS
44822,DAS
44824,DAS
44825,DAS
44826,EDAS
44827,DAS
44830,DAS
44833,DAS
44836,EDAS
44837,EDAS
44838,DAS
44840,EDAS
44841,EDAS
44842,DAS
44843,DAS
44844,EDAS
44845,DAS
44846,DAS
44847,DAS
44849,EDAS
44850,DAS
44851,EDAS
44853,EDAS
44854,DAS
44855,EDAS
44856,DAS
44859,DAS
44860,EDAS
44861,DAS
44864,EDAS
44865,DAS
44866,DAS
44867,EDAS
44874,DAS
44875,DAS
44878,DAS
44880,DAS
44882,EDAS
44883,DAS
44887,EDAS
44888,DAS
44889,DAS
44890,DAS
45001,DAS
45003,DAS
45032,DAS
45033,EDAS
45041,EDAS
45042,DAS
45052,DAS
45053,EDAS
45054,EDAS
45064,EDAS
45068,DAS
45101,EDAS
45105,EDAS
45106,EDAS
45107,EDAS
45111,DAS
45112,DAS
45113,DAS
45114,EDAS
45115,EDAS
45118,DAS
45120,EDAS
45121,EDAS
45122,DAS
45123,EDAS
45130,EDAS
45132,REMOTE
45133,DAS
45135,EDAS
45138,EDAS
45142,EDAS
45144,EDAS
45145,DAS
45146,EDAS
45148,EDAS
45152,DAS
45153,EDAS
45154,DAS
45155,DAS
45156,DAS
45157,EDAS
45159,EDAS
45162,DAS
45164,DAS
45166,DAS
45167,EDAS
45168,EDAS
45169,EDAS
45171,EDAS
45172,DAS
45176,EDAS
45302,DAS
45303,EDAS
45304,DAS
45306,DAS
45307,DAS
45308,EDAS
45309,DAS
45310,DAS
45311,EDAS
45312,EDAS
45314,DAS
45316,DAS
45317,EDAS
45318,DAS
45320,DAS
45321,EDAS
45325,DAS
45326,EDAS
45327,DAS
45328,DAS
45330,DAS
45331,DAS
45332,EDAS
45333,EDAS
45334,EDAS
45335,DAS
45336,DAS
45337,EDAS
45338,DAS
45339,DAS
45340,EDAS
45341,DAS
45344,DAS
45345,DAS
45346,EDAS
45347,DAS
45348,EDAS
45350,DAS
45351,DAS
45352,DAS
45358,DAS
45359,DAS
45360,DAS
45362,EDAS
45363,DAS
45368,EDAS
45369,DAS
45370,DAS
45372,DAS
45378,DAS
45380,DAS
45381,DAS
45382,EDAS
45383,DAS
45388,EDAS
45389,DAS
45390,EDAS
45502,DAS
45612,EDAS
45613,EDAS
45614,EDAS
45616,REMOTE
45618,DAS
45619,DAS
45620,EDAS
45621,EDAS
45622,EDAS
45623,EDAS
45624,EDAS
45628,DAS
45629,DAS
45630,EDAS
45631,DAS
45633,EDAS
45634,EDAS
45638,DAS
45640,DAS
45642,EDAS
45643,EDAS
45644,DAS
45645,EDAS
45646,EDAS
45647,EDAS
45648,DAS
45650,EDAS
45651,EDAS
45652,EDAS
45653,DAS
45654,EDAS
45656,EDAS
45657,EDAS
45658,REMOTE
45659,EDAS
45660,EDAS
45661,DAS
45663,EDAS
45669,DAS
45671,EDAS
45672,EDAS
45673,DAS
45674,DAS
45675,EDAS
45677,DAS
45678,EDAS
45679,EDAS
45681,EDAS
45682,REMOTE
45683,EDAS
45684,EDAS
45685,REMOTE
45686,REMOTE
45687,EDAS
45688,REMOTE
45690,DAS
45692,DAS
45693,EDAS
45694,DAS
45695,EDAS
45696,EDAS
45697,EDAS
45698,DAS
45699,DAS
45701,DAS
45710,EDAS
45711,EDAS
45713,EDAS
45714,DAS
45715,EDAS
45719,EDAS
45720,DAS
45721,DAS
45723,EDAS
45724,REMOTE
45727,EDAS
45729,EDAS
45732,EDAS
45734,EDAS
45735,EDAS
45739,DAS
45740,DAS
45741,EDAS
45742,EDAS
45743,EDAS
45744,REMOTE
45745,REMOTE
45746,REMOTE
45760,DAS
45761,EDAS
45764,EDAS
45766,EDAS
45767,EDAS
45768,EDAS
45769,EDAS
45770,EDAS
45771,EDAS
45772,EDAS
45773,EDAS
45775,EDAS
45776,EDAS
45777,DAS
45778,EDAS
45779,EDAS
45780,DAS
45781,EDAS
45782,EDAS
45783,EDAS
45784,DAS
45786,REMOTE
45787,DAS
45788,EDAS
45789,EDAS
45806,DAS
45807,DAS
45808,DAS
45810,DAS
45812,EDAS
45813,EDAS
45814,EDAS
45815,EDAS
45817,DAS
45819,DAS
45820,EDAS
45821,EDAS
45822,DAS
45826,DAS
45827,EDAS
45828,DAS
45830,EDAS
45831,EDAS
45832,EDAS
45833,DAS
45835,EDAS
45836,EDAS
45837,DAS
45841,EDAS
45843,EDAS
45844,EDAS
45845,EDAS
45846,DAS
45848,DAS
45849,EDAS
45850,EDAS
45851,EDAS
45853,DAS
45854,DAS
45856,EDAS
45858,EDAS
45859,DAS
45860,EDAS
45862,EDAS
45863,EDAS
45864,EDAS
45865,DAS
45866,DAS
45867,EDAS
45868,EDAS
45869,DAS
45870,DAS
45871,DAS
45872,DAS
45873,EDAS
45874,EDAS
45875,DAS
45876,DAS
45877,DAS
45879,DAS
45880,EDAS
45881,EDAS
45882,EDAS
45883,DAS
45885,DAS
45886,EDAS
45887,DAS
45889,DAS
45890,EDAS
45891,DAS
45893,EDAS
45894,EDAS
45895,DAS
45896,EDAS
45897,EDAS
45898,EDAS
45899,DAS
46001,DAS
46011,DAS
46012,DAS
46017,EDAS
46030,DAS
46031,DAS
46034,DAS
46035,EDAS
46036,DAS
46039,EDAS
46040,DAS
46041,DAS
46044,DAS
46047,DAS
46049,EDAS
46050,EDAS
46051,DAS
46056,EDAS
46057,EDAS
46058,EDAS
46063,DAS
46064,DAS
46065,DAS
46067,DAS
46068,DAS
46069,DAS
46070,EDAS
46071,EDAS
46072,DAS
46076,DAS
46102,DAS
46103,DAS
46104,EDAS
46105,EDAS
46106,DAS
46110,DAS
46111,EDAS
46115,EDAS
46117,EDAS
46120,EDAS
46121,EDAS
46122,DAS
46125,EDAS
46126,DAS
46127,EDAS
46128,EDAS
46129,DAS
46130,DAS
46131,DAS
46133,EDAS
46135,DAS
46146,REMOTE
46147,EDAS
46148,EDAS
46149,DAS
46150,REMOTE
46151,EDAS
46154,DAS
46155,EDAS
46156,EDAS
46157,DAS
46158,DAS
46160,EDAS
46161,EDAS
46162,EDAS
46164,EDAS
46165,EDAS
46166,EDAS
46167,DAS
46171,EDAS
46172,EDAS
46173,EDAS
46175,EDAS
46176,DAS
46180,EDAS
46181,EDAS
46182,EDAS
46183,DAS
46186,EDAS
46231,DAS
46301,DAS
46303,DAS
46310,DAS
46340,EDAS
46341,DAS
46345,EDAS
46346,DAS
46347,EDAS
46348,EDAS
46349,EDAS
46356,DAS
46365,EDAS
46366,EDAS
46371,DAS
46372,DAS
46374,EDAS
46376,EDAS
46377,DAS
46379,DAS
46380,EDAS
46381,DAS
46382,EDAS
46390,EDAS
46391,DAS
46392,EDAS
46406,DAS
46407,DAS
46409,DAS
46501,EDAS
46504,EDAS
46506,DAS
46508,EDAS
46510,EDAS
46511,DAS
46524,DAS
46528,DAS
46531,EDAS
46532,EDAS
46534,EDAS
46536,DAS
46537,DAS
46538,DAS
46539,EDAS
46540,DAS
46542,DAS
46543,DAS
46550,DAS
46552,DAS
46553,DAS
46554,DAS
46555,DAS
46562,DAS
46563,DAS
46565,DAS
46566,EDAS
46567,DAS
46570,EDAS
46571,DAS
46572,DAS
46573,DAS
46574,DAS
46701,DAS
46702,EDAS
46703,DAS
46705,EDAS
46710,DAS
46711,DAS
46721,DAS
46723,DAS
46725,DAS
46730,EDAS
46731,DAS
46732,DAS
46733,DAS
46737,DAS
46740,EDAS
46741,EDAS
46742,EDAS
46743,DAS
46745,DAS
46746,EDAS
46747,DAS
46750,DAS
46755,DAS
46759,EDAS
46760,EDAS
46761,EDAS
46763,DAS
46764,EDAS
46766,EDAS
46767,DAS
46769,DAS
46770,DAS
46771,DAS
46772,EDAS
46773,EDAS
46776,EDAS
46777,DAS
46779,EDAS
46781,DAS
46782,DAS
46784,DAS
46785,EDAS
46787,DAS
46788,DAS
46791,DAS
46792,EDAS
46793,DAS
46794,EDAS
46795,DAS
46796,DAS
46797,DAS
46798,DAS
46799,DAS
46815,DAS
46910,EDAS
46911,EDAS
46912,EDAS
46913,EDAS
46914,DAS
46915,DAS
46916,DAS
46917,EDAS
46919,DAS
46920,EDAS
46922,DAS
46923,EDAS
46926,EDAS
46928,EDAS
46929,EDAS
46930,EDAS
46931,DAS
46932,DAS
46933,DAS
46936,DAS
46937,DAS
46938,DAS
46939,EDAS
46940,EDAS
46941,EDAS
46943,DAS
46945,DAS
46946,EDAS
46947,DAS
46950,EDAS
46951,EDAS
46952,DAS
46959,EDAS
46960,EDAS
46962,DAS
46967,DAS
46968,EDAS
46970,DAS
46974,EDAS
46975,DAS
46978,EDAS
46979,DAS
46980,DAS
46982,EDAS
46984,EDAS
46985,EDAS
46986,EDAS
46987,DAS
46988,EDAS
46989,DAS
46990,EDAS
46991,EDAS
46992,DAS
46994,DAS
46995,DAS
46996,EDAS
46998,DAS
47001,DAS
47003,DAS
47006,DAS
47010,EDAS
47011,EDAS
47012,EDAS
47016,REMOTE
47017,EDAS
47018,EDAS
47020,EDAS
47022,DAS
47023,EDAS
47024,EDAS
47025,DAS
47030,EDAS
47031,EDAS
47032,EDAS
47034,DAS
47035,EDAS
47036,EDAS
47037,EDAS
47038,REMOTE
47040,EDAS
47041,EDAS
47042,EDAS
47043,EDAS
47060,DAS
47102,DAS
47104,DAS
47106,DAS
47108,REMOTE
47110,EDAS
47111,DAS
47112,DAS
47114,DAS
47115,EDAS
47116,EDAS
47117,EDAS
47118,REMOTE
47119,DAS
47120,EDAS
47122,DAS
47123,EDAS
47124,DAS
47125,EDAS
47126,DAS
47135,REMOTE
47136,DAS
47137,EDAS
47138,EDAS
47140,EDAS
47141,EDAS
47142,EDAS
47143,DAS
47145,REMOTE
47147,EDAS
47160,EDAS
47161,DAS
47162,EDAS
47163,REMOTE
47164,DAS
47165,DAS
47166,DAS
47167,DAS
47170,DAS
47174,EDAS
47175,REMOTE
47177,DAS
47203,DAS
47220,EDAS
47223,EDAS
47224,EDAS
47225,DAS
47226,DAS
47227,EDAS
47228,DAS
47229,EDAS
47230,EDAS
47231,EDAS
47232,EDAS
47234,EDAS
47235,REMOTE
47236,DAS
47240,DAS
47243,EDAS
47244,DAS
47245,DAS
47246,EDAS
47247,DAS
47250,DAS
47260,EDAS
47263,EDAS
47264,EDAS
47265,EDAS
47270,EDAS
47272,EDAS
47273,EDAS
47274,DAS
47280,DAS
47281,EDAS
47282,EDAS
47283,EDAS
47302,DAS
47305,DAS
47306,DAS
47308,DAS
47320,EDAS
47322,DAS
47325,EDAS
47326,EDAS
47327,EDAS
47330,DAS
47331,DAS
47334,DAS
47335,DAS
47336,EDAS
47337,EDAS
47338,EDAS
47339,EDAS
47340,EDAS
47341,EDAS
47342,EDAS
47344,DAS
47345,EDAS
47346,EDAS
47348,EDAS
47351,EDAS
47352,EDAS
47353,EDAS
47354,EDAS
47355,EDAS
47356,DAS
47357,EDAS
47358,EDAS
47359,EDAS
47360,EDAS
47361,DAS
47362,DAS
47366,EDAS
47367,DAS
47368,EDAS
47369,EDAS
47370,EDAS
47371,DAS
47373,EDAS
47380,EDAS
47381,DAS
47382,EDAS
47383,DAS
47384,EDAS
47385,DAS
47386,EDAS
47387,EDAS
47390,EDAS
47393,EDAS
47394,DAS
47396,DAS
47420,DAS
47421,DAS
47424,EDAS
47427,EDAS
47429,DAS
47431,EDAS
47432,EDAS
47433,EDAS
47435,EDAS
47436,EDAS
47437,EDAS
47438,EDAS
47441,DAS
47443,EDAS
47446,EDAS
47448,EDAS
47449,EDAS
47451,DAS
47452,EDAS
47453,EDAS
47454,EDAS
47455,DAS
47456,EDAS
47457,DAS
47459,EDAS
47460,EDAS
47462,DAS
47464,DAS
47465,EDAS
47468,EDAS
47469,DAS
47470,EDAS
47471,EDAS
47501,DAS
47512,EDAS
47513,EDAS
47514,EDAS
47515,EDAS
47516,EDAS
47519,EDAS
47520,EDAS
47521,EDAS
47522,DAS
47523,DAS
47524,EDAS
47525,EDAS
47527,EDAS
47528,EDAS
47529,EDAS
47531,EDAS
47532,DAS
47535,DAS
47536,EDAS
47537,EDAS
47541,DAS
47542,DAS
47550,EDAS
47551,EDAS
47552,EDAS
47553,EDAS
47556,EDAS
47557,EDAS
47558,DAS
47561,EDAS
47562,EDAS
47564,EDAS
47567,EDAS
47568,EDAS
47573,DAS
47574,REMOTE
47575,EDAS
47576,EDAS
47577,EDAS
47578,EDAS
47579,DAS
47580,EDAS
47581,EDAS
47584,DAS
47585,EDAS
47586,DAS
47588,DAS
47590,EDAS
47591,DAS
47596,DAS
47597,EDAS
47598,EDAS
47601,DAS
47610,DAS
47611,EDAS
47612,EDAS
47613,DAS
47615,EDAS
47616,EDAS
47617,EDAS
47619,EDAS
47620,DAS
47631,EDAS
47633,EDAS
47634,EDAS
47635,EDAS
47637,EDAS
47638,DAS
47639,DAS
47640,EDAS
47647,DAS
47648,DAS
47649,EDAS
47654,DAS
47660,EDAS
47665,EDAS
47666,EDAS
47670,DAS
47683,EDAS
47719,DAS
47805,DAS
47830,EDAS
47832,EDAS
47833,EDAS
47834,DAS
47836,DAS
47837,EDAS
47838,EDAS
47840,EDAS
47841,REMOTE
47842,DAS
47845,DAS
47846,EDAS
47847,REMOTE
47848,DAS
47849,EDAS
47850,EDAS
47852,EDAS
47854,EDAS
47855,EDAS
47857,DAS
47858,EDAS
47859,EDAS
47860,EDAS
47861,EDAS
47862,EDAS
47866,EDAS
47868,REMOTE
47871,EDAS
47872,EDAS
47874,EDAS
47875,EDAS
47876,DAS
47879,EDAS
47881,DAS
47882,DAS
47884,DAS
47885,EDAS
47917,EDAS
47918,EDAS
47920,DAS
47921,EDAS
47922,EDAS
47923,EDAS
47925,DAS
47926,EDAS
47928,EDAS
47929,EDAS
47930,EDAS
47932,EDAS
47933,DAS
47935,DAS
47940,EDAS
47942,EDAS
47943,EDAS
47944,EDAS
47946,REMOTE
47948,EDAS
47949,EDAS
47950,EDAS
47951,EDAS
47952,REMOTE
47954,EDAS
47955,DAS
47957,EDAS
47959,EDAS
47960,DAS
47963,EDAS
47965,DAS
47966,EDAS
47967,EDAS
47968,EDAS
47969,EDAS
47970,EDAS
47971,EDAS
47974,EDAS
47975,EDAS
47977,EDAS
47978,EDAS
47980,EDAS
47981,EDAS
47982,EDAS
47986,DAS
47987,EDAS
47989,EDAS
47990,EDAS
47991,EDAS
47992,EDAS
47993,EDAS
47994,EDAS
47995,EDAS
47997,DAS
48001,REMOTE
48002,EDAS
48003,DAS
48004,DAS
48005,DAS
48006,EDAS
48014,DAS
48022,EDAS
48023,DAS
48027,DAS
48028,EDAS
48032,EDAS
48039,DAS
48041,DAS
48048,DAS
48049,DAS
48050,DAS
48054,DAS
48062,DAS
48063,DAS
48064,DAS
48079,DAS
48096,DAS
48097,EDAS
48110,EDAS
48115,DAS
48117,DAS
48118,DAS
48130,DAS
48131,DAS
48133,DAS
48137,EDAS
48140,EDAS
48143,EDAS
48145,EDAS
48157,DAS
48158,DAS
48159,EDAS
48160,DAS
48161,DAS
48166,DAS
48169,DAS
48179,DAS
48189,DAS
48190,DAS
48191,DAS
48353,DAS
48356,DAS
48357,DAS
48367,DAS
48370,DAS
48401,EDAS
48410,DAS
48411,EDAS
48412,DAS
48413,DAS
48414,EDAS
48415,EDAS
48416,EDAS
48417,DAS
48418,EDAS
48419,EDAS
48421,DAS
48422,EDAS
48426,EDAS
48427,EDAS
48428,DAS
48429,DAS
48432,EDAS
48434,DAS
48435,EDAS
48436,DAS
48438,DAS
48440,DAS
48441,EDAS
48442,DAS
48444,DAS
48445,EDAS
48446,DAS
48449,DAS
48450,EDAS
48451,DAS
48453,EDAS
48454,EDAS
48455,EDAS
48456,EDAS
48457,DAS
48458,DAS
48460,DAS
48461,DAS
48462,DAS
48463,DAS
48464,DAS
48465,EDAS
48466,EDAS
48467,EDAS
48468,EDAS
48469,EDAS
48470,EDAS
48471,DAS
48472,EDAS
48473,DAS
48475,EDAS
48476,DAS
48607,DAS
48610,EDAS
48611,DAS
48612,DAS
48613,EDAS
48614,EDAS
48615,EDAS
48616,DAS
48617,DAS
48618,EDAS
48619,EDAS
48620,EDAS
48621,EDAS
48622,DAS
48623,DAS
48624,EDAS
48625,EDAS
48626,DAS
48627,EDAS
48628,EDAS
48629,DAS
48630,DAS
48631,DAS
48632,EDAS
48633,DAS
48634,DAS
48635,EDAS
48636,EDAS
48637,EDAS
48647,EDAS
48649,EDAS
48650,DAS
48651,EDAS
48652,EDAS
48653,EDAS
48654,EDAS
48655,DAS
48656,EDAS
48657,DAS
48658,DAS
48659,EDAS
48661,DAS
48662,EDAS
48701,EDAS
48703,EDAS
48705,EDAS
48720,EDAS
48721,EDAS
48722,DAS
48723,DAS
48724,DAS
48725,EDAS
48726,EDAS
48727,EDAS
48728,EDAS
48729,EDAS
48730,EDAS
48731,EDAS
48733,EDAS
48734,DAS
48735,EDAS
48736,EDAS
48737,EDAS
48738,DAS
48739,EDAS
48740,EDAS
48741,EDAS
48742,EDAS
48743,DAS
48744,EDAS
48745,EDAS
48746,DAS
48747,EDAS
48748,REMOTE
48749,EDAS
48750,EDAS
48754,EDAS
48755,DAS
48756,EDAS
48757,DAS
48758,DAS
48759,EDAS
48760,EDAS
48761,EDAS
48762,EDAS
48763,DAS
48764,EDAS
48765,EDAS
48766,EDAS
48767,EDAS
48768,DAS
48769,DAS
48770,EDAS
48801,DAS
48804,DAS
48806,EDAS
48807,EDAS
48808,DAS
48809,EDAS
48811,EDAS
48812,DAS
48813,DAS
48815,EDAS
48816,DAS
48817,DAS
48818,EDAS
48819,EDAS
48820,DAS
48822,EDAS
48827,DAS
48829,EDAS
48830,DAS
48831,EDAS
48832,EDAS
48834,EDAS
48835,EDAS
48836,DAS
48837,DAS
48838,DAS
48841,EDAS
48845,EDAS
48846,DAS
48847,EDAS
48848,DAS
48849,EDAS
48850,EDAS
48851,EDAS
48852,DAS
48853,DAS
48856,EDAS
48857,DAS
48858,DAS
48859,DAS
48860,EDAS
48861,EDAS
48862,DAS
48865,EDAS
48866,EDAS
48867,EDAS
48870,EDAS
48871,EDAS
48872,DAS
48873,EDAS
48874,DAS
48875,DAS
48876,DAS
48877,EDAS
48878,EDAS
48879,DAS
48880,EDAS
48881,DAS
48882,DAS
48883,EDAS
48884,EDAS
48885,EDAS
48886,EDAS
48888,EDAS
48889,EDAS
48890,EDAS
48891,EDAS
48892,EDAS
48893,EDAS
48894,EDAS
48897,EDAS
49010,DAS
49011,EDAS
49012,DAS
49013,EDAS
49017,DAS
49021,EDAS
49026,EDAS
49027,DAS
49028,EDAS
49029,EDAS
49030,EDAS
49031,DAS
49032,DAS
49033,EDAS
49034,DAS
49035,DAS
49036,DAS
49038,DAS
49040,EDAS
49042,DAS
49043,DAS
49045,EDAS
49046,DAS
49047,DAS
49050,EDAS
49051,DAS
49052,EDAS
49055,DAS
49056,EDAS
49057,EDAS
49058,DAS
49060,DAS
49061,EDAS
49062,DAS
49063,DAS
49064,DAS
49065,DAS
49066,EDAS
49067,EDAS
49068,DAS
49070,DAS
49072,EDAS
49073,EDAS
49076,EDAS
49078,DAS
49079,DAS
49080,DAS
49082,EDAS
49083,DAS
49087,DAS
49088,DAS
49089,EDAS
49090,DAS
49091,DAS
49092,EDAS
49093,DAS
49094,EDAS
49095,EDAS
49096,EDAS
49097,DAS
49098,DAS
49099,EDAS
49101,DAS
49102,DAS
49103,DAS
49104,DAS
49106,DAS
49111,DAS
49112,DAS
49113,DAS
49115,DAS
49117,DAS
49126,DAS
49128,DAS
49129,DAS
49130,DAS
49220,EDAS
49221,DAS
49224,DAS
49227,EDAS
49228,DAS
49229,DAS
49230,DAS
49232,EDAS
49233,DAS
49234,DAS
49235,EDAS
49236,DAS
49237,DAS
49238,EDAS
49240,DAS
49241,EDAS
49242,DAS
49245,DAS
49246,EDAS
49247,EDAS
49248,EDAS
49249,EDAS
49250,DAS
49251,EDAS
49252,EDAS
49253,EDAS
49254,DAS
49255,EDAS
49256,EDAS
49257,DAS
49259,DAS
49261,DAS
49262,EDAS
49264,EDAS
49265,DAS
49266,EDAS
49267,DAS
49268,EDAS
49269,EDAS
49270,DAS
49271,EDAS
49272,EDAS
49274,EDAS
49275,EDAS
49276,EDAS
49277,DAS
49278,DAS
49279,EDAS
49282,DAS
49283,DAS
49284,EDAS
49285,DAS
49286,DAS
49287,DAS
49288,EDAS
49301,DAS
49302,DAS
49303,EDAS
49304,EDAS
49305,EDAS
49307,DAS
49309,REMOTE
49310,EDAS
49311,DAS
49312,DAS
49314,DAS
49318,EDAS
49319,DAS
49320,EDAS
49322,EDAS
49323,DAS
49325,EDAS
49326,EDAS
49327,EDAS
49328,EDAS
49329,DAS
49330,DAS
49331,DAS
49332,EDAS
49333,DAS
49336,EDAS
49337,DAS
49338,EDAS
49339,DAS
49340,EDAS
49342,REMOTE
49343,EDAS
49344,DAS
49345,DAS
49346,EDAS
49347,EDAS
49348,DAS
49349,EDAS
49402,EDAS
49403,EDAS
49404,DAS
49405,EDAS
49406,DAS
49408,EDAS
49409,DAS
49410,EDAS
49411,EDAS
49412,DAS
49413,DAS
49415,DAS
49416,EDAS
49419,EDAS
49420,EDAS
49421,EDAS
49425,EDAS
49430,DAS
49431,DAS
49434,DAS
49435,DAS
49436,EDAS
49437,DAS
49440,DAS
49445,DAS
49446,EDAS
49448,DAS
49449,EDAS
49450,EDAS
49451,EDAS
49452,EDAS
49453,DAS
49454,EDAS
49455,EDAS
49457,DAS
49458,DAS
49459,EDAS
49460,DAS
49461,DAS
49601,DAS
49610,DAS
49611,REMOTE
49612,EDAS
49613,EDAS
49614,EDAS
49615,EDAS
49616,DAS
49617,EDAS
49618,EDAS
49619,EDAS
49620,EDAS
49621,EDAS
49622,EDAS
49623,EDAS
49625,EDAS
49627,DAS
49628,DAS
49629,DAS
49630,EDAS
49631,EDAS
49632,EDAS
49633,EDAS
49634,DAS
49635,DAS
49636,DAS
49637,DAS
49638,EDAS
49639,REMOTE
49640,EDAS
49642,EDAS
49643,DAS
49644,EDAS
49645,EDAS
49646,DAS
49648,EDAS
49649,EDAS
49650,DAS
49651,EDAS
49653,EDAS
49654,EDAS
49655,EDAS
49656,EDAS
49657,DAS
49659,EDAS
49660,DAS
49663,EDAS
49664,EDAS
49665,EDAS
49666,EDAS
49667,EDAS
49668,EDAS
49670,EDAS
49673,REMOTE
49674,EDAS
49675,DAS
49676,DAS
49677,DAS
49679,EDAS
49680,EDAS
49682,EDAS
49683,EDAS
49684,DAS
49685,DAS
49688,EDAS
49689,EDAS
49690,DAS
49696,DAS
49701,DAS
49705,EDAS
49706,EDAS
49707,EDAS
49709,EDAS
49710,EDAS
49711,DAS
49712,DAS
49713,EDAS
49715,EDAS
49716,EDAS
49717,EDAS
49718,EDAS
49719,EDAS
49720,DAS
49721,EDAS
49723,DAS
49724,EDAS
49725,REMOTE
49726,EDAS
49727,EDAS
49728,REMOTE
49729,EDAS
49730,EDAS
49733,EDAS
49734,DAS
49735,DAS
49736,REMOTE
49737,DAS
49738,EDAS
49739,DAS
49740,DAS
49743,EDAS
49744,EDAS
49745,EDAS
49746,EDAS
49747,REMOTE
49748,EDAS
49749,EDAS
49751,EDAS
49752,EDAS
49753,EDAS
49755,EDAS
49756,EDAS
49757,REMOTE
49759,REMOTE
49760,EDAS
49761,EDAS
49762,EDAS
49765,EDAS
49766,EDAS
49768,EDAS
49769,EDAS
49770,DAS
49774,EDAS
49775,EDAS
49776,EDAS
49777,REMOTE
49779,EDAS
49780,EDAS
49781,EDAS
49782,REMOTE
49783,DAS
49785,DAS
49788,EDAS
49791,EDAS
49792,DAS
49793,EDAS
49795,EDAS
49796,DAS
49797,EDAS
49799,EDAS
49801,DAS
49802,DAS
49805,EDAS
49806,EDAS
49807,EDAS
49808,DAS
49812,EDAS
49813,EDAS
49814,EDAS
49815,EDAS
49816,EDAS
49817,EDAS
49818,REMOTE
49819,REMOTE
49820,EDAS
49821,EDAS
49822,EDAS
49825,EDAS
49826,DAS
49827,EDAS
49829,DAS
49831,REMOTE
49833,EDAS
49834,EDAS
49835,EDAS
49836,EDAS
49837,DAS
49838,REMOTE
49839,EDAS
49840,EDAS
49841,EDAS
49847,EDAS
49848,EDAS
49849,REMOTE
49852,DAS
49853,EDAS
49854,REMOTE
49855,DAS
49858,DAS
49861,EDAS
49862,EDAS
49863,DAS
49864,DAS
49865,EDAS
49866,REMOTE
49868,EDAS
49870,DAS
49871,DAS
49872,EDAS
49873,REMOTE
49874,DAS
49876,DAS
49877,DAS
49878,EDAS
49879,EDAS
49880,EDAS
49881,EDAS
49883,EDAS
49884,EDAS
49885,EDAS
49886,EDAS
49887,EDAS
49891,EDAS
49892,EDAS
49893,EDAS
49894,DAS
49895,REMOTE
49896,EDAS
49901,EDAS
49902,EDAS
49903,EDAS
49905,EDAS
49908,EDAS
49910,EDAS
49911,EDAS
49912,EDAS
49913,REMOTE
49915,DAS
49916,EDAS
49917,DAS
49918,EDAS
49919,EDAS
49920,EDAS
49921,EDAS
49922,EDAS
49925,EDAS
49927,EDAS
49929,EDAS
49930,REMOTE
49931,DAS
49934,EDAS
49935,REMOTE
49938,REMOTE
49942,EDAS
49945,EDAS
49946,EDAS
49947,REMOTE
49948,EDAS
49950,REMOTE
49952,EDAS
49953,EDAS
49955,EDAS
49958,EDAS
49959,EDAS
49960,EDAS
49961,EDAS
49962,EDAS
49963,EDAS
49964,DAS
49965,EDAS
49967,EDAS
49968,EDAS
49969,REMOTE
49970,REMOTE
49971,EDAS
50001,EDAS
50002,EDAS
50003,DAS
50005,EDAS
50006,EDAS
50007,EDAS
50008,EDAS
50020,EDAS
50022,EDAS
50025,EDAS
50026,EDAS
50027,EDAS
50028,EDAS
50029,EDAS
50031,DAS
50032,DAS
50033,EDAS
50034,EDAS
50035,DAS
50036,DAS
50038,DAS
50039,EDAS
50040,EDAS
50041,DAS
50042,EDAS
50043,EDAS
50044,EDAS
50046,EDAS
50047,DAS
50048,EDAS
50049,EDAS
50050,EDAS
50051,EDAS
50052,REMOTE
50054,EDAS
50055,EDAS
50056,EDAS
50057,EDAS
50058,EDAS
50060,EDAS
50061,DAS
50062,EDAS
50063,DAS
50064,EDAS
50065,EDAS
50066,EDAS
50067,EDAS
50068,REMOTE
50069,DAS
50070,EDAS
50071,EDAS
50072,EDAS
50073,EDAS
50074,REMOTE
50075,EDAS
50076,EDAS
50078,DAS
50099,EDAS
50101,EDAS
50102,EDAS
50103,EDAS
50104,EDAS
50105,DAS
50106,EDAS
50107,EDAS
50108,REMOTE
50109,DAS
50110,DAS
50112,DAS
50115,EDAS
50116,EDAS
50117,EDAS
50118,EDAS
50119,EDAS
50120,EDAS
50122,EDAS
50123,EDAS
50124,DAS
50125,DAS
50126,DAS
50128,EDAS
50129,EDAS
50130,EDAS
50132,EDAS
50133,EDAS
50134,EDAS
50135,EDAS
50136,EDAS
50138,EDAS
50139,EDAS
50140,EDAS
50141,EDAS
50142,EDAS
50143,EDAS
50144,EDAS
50145,EDAS
50146,EDAS
50147,EDAS
50148,EDAS
50149,EDAS
50150,EDAS
50151,EDAS
50152,DAS
50153,EDAS
50154,EDAS
50155,REMOTE
50156,EDAS
50157,EDAS
50158,DAS
50160,DAS
50161,EDAS
50162,EDAS
50163,DAS
50164,EDAS
50165,DAS
50166,EDAS
50167,EDAS
50168,EDAS
50169,EDAS
50170,EDAS
50171,EDAS
50173,EDAS
50174,EDAS
50201,DAS
50206,EDAS
50207,EDAS
50208,DAS
50210,EDAS
50211,DAS
50212,EDAS
50213,EDAS
50214,EDAS
50216,EDAS
50217,EDAS
50218,EDAS
50219,DAS
50220,EDAS
50222,EDAS
50223,EDAS
50225,EDAS
50226,DAS
50227,DAS
50228,EDAS
50229,EDAS
50230,EDAS
50231,DAS
50232,EDAS
50233,EDAS
50234,EDAS
50235,EDAS
50236,DAS
50237,EDAS
50238,EDAS
50239,EDAS
50240,EDAS
50242,EDAS
50243,DAS
50244,DAS
50246,EDAS
50247,EDAS
50248,EDAS
50249,EDAS
50250,EDAS
50251,EDAS
50252,EDAS
50254,REMOTE
50255,DAS
50256,EDAS
50257,EDAS
50258,EDAS
50259,EDAS
50261,EDAS
50262,EDAS
50264,REMOTE
50268,EDAS
50269,DAS
50271,EDAS
50272,DAS
50273,EDAS
50274,EDAS
50275,REMOTE
50276,EDAS
50277,EDAS
50278,EDAS
50369,DAS
50420,EDAS
50421,EDAS
50423,DAS
50424,EDAS
50426,EDAS
50430,EDAS
50431,EDAS
50432,EDAS
50433,EDAS
50434,EDAS
50435,DAS
50436,DAS
50438,EDAS
50439,EDAS
50440,EDAS
50441,EDAS
50444,EDAS
50446,EDAS
50447,EDAS
50448,EDAS
50449,EDAS
50450,EDAS
50451,EDAS
50452,EDAS
50453,EDAS
50454,EDAS
50455,EDAS
50456,EDAS
50457,EDAS
50458,EDAS
50459,EDAS
50460,EDAS
50461,EDAS
50464,EDAS
50465,EDAS
50466,EDAS
50467,DAS
50468,EDAS
50469,EDAS
50470,EDAS
50471,EDAS
50472,EDAS
50473,EDAS
50475,EDAS
50476,EDAS
50477,EDAS
50478,EDAS
50479,EDAS
50480,EDAS
50481,DAS
50482,EDAS
50483,EDAS
50484,EDAS
50510,EDAS
50511,DAS
50514,EDAS
50515,EDAS
50516,EDAS
50517,EDAS
50518,EDAS
50519,EDAS
50520,EDAS
50522,EDAS
50523,EDAS
50524,EDAS
50525,EDAS
50527,EDAS
50528,EDAS
50529,DAS
50530,EDAS
50531,EDAS
50532,EDAS
50533,EDAS
50535,EDAS
50536,EDAS
50538,EDAS
50539,EDAS
50540,EDAS
50541,EDAS
50542,EDAS
50543,EDAS
50544,EDAS
50545,EDAS
50546,EDAS
50548,DAS
50551,REMOTE
50552,DAS
50554,EDAS
50556,EDAS
50557,EDAS
50558,EDAS
50559,EDAS
50560,EDAS
50561,EDAS
50562,EDAS
50563,EDAS
50565,EDAS
50566,EDAS
50567,EDAS
50568,EDAS
50569,EDAS
50570,EDAS
50571,EDAS
50573,DAS
50574,EDAS
50575,EDAS
50576,EDAS
50577,EDAS
50578,EDAS
50579,EDAS
50581,EDAS
50582,EDAS
50583,EDAS
50585,EDAS
50586,EDAS
50588,DAS
50590,REMOTE
50591,EDAS
50592,DAS
50593,DAS
50594,EDAS
50595,DAS
50597,EDAS
50598,EDAS
50599,EDAS
50601,EDAS
50602,EDAS
50603,EDAS
50604,EDAS
50605,EDAS
50606,EDAS
50607,EDAS
50608,DAS
50609,EDAS
50611,EDAS
50612,EDAS
50616,DAS
50619,EDAS
50620,EDAS
50621,EDAS
50622,DAS
50623,EDAS
50624,EDAS
50625,EDAS
50626,EDAS
50627,EDAS
50628,EDAS
50629,EDAS
50630,EDAS
50631,DAS
50632,EDAS
50633,EDAS
50634,DAS
50635,EDAS
50636,EDAS
50638,EDAS
50641,EDAS
50642,EDAS
50643,DAS
50644,DAS
50645,EDAS
50647,EDAS
50648,DAS
50650,EDAS
50651,EDAS
50652,DAS
50653,EDAS
50654,EDAS
50655,EDAS
50657,DAS
50658,EDAS
50659,DAS
50660,EDAS
50661,EDAS
50662,DAS
50665,EDAS
50666,EDAS
50667,DAS
50668,EDAS
50669,EDAS
50670,EDAS
50671,EDAS
50672,EDAS
50673,EDAS
50674,EDAS
50675,EDAS
50676,EDAS
50677,DAS
50680,EDAS
50681,EDAS
50682,EDAS
50801,EDAS
50830,EDAS
50831,DAS
50833,EDAS
50835,EDAS
50836,REMOTE
50837,REMOTE
50839,DAS
50840,EDAS
50841,EDAS
50842,EDAS
50843,REMOTE
50845,EDAS
50846,EDAS
50847,DAS
50848,REMOTE
50849,EDAS
50851,EDAS
50853,EDAS
50854,EDAS
50857,EDAS
50858,EDAS
50859,REMOTE
50860,EDAS
50861,REMOTE
50862,REMOTE
50863,EDAS
50864,EDAS
51001,EDAS
51002,EDAS
51003,REMOTE
51004,EDAS
51005,EDAS
51006,EDAS
51007,EDAS
51008,DAS
51009,EDAS
51010,EDAS
51011,EDAS
51012,EDAS
51014,EDAS
51015,DAS
51016,EDAS
51018,EDAS
51019,EDAS
51020,EDAS
51022,EDAS
51023,EDAS
51024,EDAS
51025,EDAS
51026,EDAS
51027,EDAS
51028,EDAS
51029,EDAS
51030,EDAS
51031,DAS
51033,REMOTE
51034,EDAS
51035,EDAS
51036,EDAS
51037,EDAS
51038,EDAS
51039,EDAS
51040,EDAS
51041,EDAS
51044,EDAS
51046,EDAS
51047,EDAS
51048,EDAS
51049,EDAS
51050,EDAS
51051,EDAS
51052,EDAS
51053,EDAS
51054,EDAS
51055,EDAS
51056,EDAS
51058,EDAS
51059,EDAS
51060,EDAS
51061,EDAS
51062,EDAS
51063,EDAS
51109,DAS
51201,EDAS
51230,EDAS
51231,EDAS
51232,EDAS
51234,EDAS
51235,EDAS
51237,EDAS
51238,EDAS
51239,EDAS
51240,EDAS
51241,EDAS
51242,EDAS
51243,EDAS
51244,DAS
51245,EDAS
51246,EDAS
51247,EDAS
51248,EDAS
51249,EDAS
51250,DAS
51301,DAS
51330,EDAS
51331,DAS
51333,EDAS
51334,EDAS
51338,EDAS
51340,DAS
51341,DAS
51342,EDAS
51343,EDAS
51344,EDAS
51345,EDAS
51346,EDAS
51347,EDAS
51349,EDAS
51350,EDAS
51351,DAS
51354,EDAS
51357,EDAS
51358,EDAS
51360,DAS
51364,EDAS
51365,EDAS
51366,EDAS
51401,DAS
51430,EDAS
51431,EDAS
51432,DAS
51433,EDAS
51436,EDAS
51439,EDAS
51440,EDAS
51441,EDAS
51442,EDAS
51443,EDAS
51444,EDAS
51445,EDAS
51446,EDAS
51447,REMOTE
51448,EDAS
51449,EDAS
51450,EDAS
51451,DAS
51452,EDAS
51453,EDAS
51454,EDAS
51455,EDAS
51458,EDAS
51459,DAS
51460,DAS
51461,EDAS
51462,EDAS
51463,EDAS
51465,EDAS
51466,EDAS
51467,EDAS
51520,EDAS
51521,EDAS
51523,EDAS
51525,EDAS
51526,EDAS
51527,EDAS
51528,EDAS
51529,EDAS
51530,EDAS
51531,EDAS
51532,EDAS
51533,EDAS
51534,DAS
51535,EDAS
51536,EDAS
51537,DAS
51540,EDAS
51541,EDAS
51542,EDAS
51543,DAS
51544,EDAS
51545,REMOTE
51546,EDAS
51548,EDAS
51549,EDAS
51550,DAS
51551,EDAS
51552,EDAS
51553,EDAS
51554,DAS
51555,EDAS
51556,EDAS
51557,EDAS
51558,EDAS
51559,EDAS
51560,EDAS
51561,EDAS
51562,EDAS
51563,EDAS
51564,EDAS
51565,EDAS
51566,EDAS
51570,EDAS
51571,EDAS
51572,EDAS
51573,EDAS
51574,EDAS
51575,EDAS
51576,EDAS
51577,EDAS
51578,EDAS
51579,EDAS
51601,DAS
51603,DAS
51630,EDAS
51631,EDAS
51632,EDAS
51636,EDAS
51637,EDAS
51638,EDAS
51639,EDAS
51640,EDAS
51645,EDAS
51646,EDAS
51647,EDAS
51648,EDAS
51649,EDAS
51650,EDAS
51651,DAS
51652,EDAS
51653,EDAS
51654,EDAS
51656,DAS
52031,EDAS
52032,EDAS
52033,EDAS
52035,EDAS
52037,EDAS
52038,EDAS
52039,EDAS
52040,DAS
52041,EDAS
52042,EDAS
52043,EDAS
52044,REMOTE
52045,EDAS
52046,EDAS
52047,EDAS
52048,REMOTE
52049,EDAS
52050,EDAS
52052,EDAS
52053,EDAS
52054,EDAS
52055,EDAS
52056,DAS
52057,DAS
52060,DAS
52064,EDAS
52065,EDAS
52066,DAS
52068,DAS
52069,EDAS
52070,EDAS
52071,EDAS
52072,REMOTE
52073,EDAS
52074,EDAS
52075,REMOTE
52076,EDAS
52077,EDAS
52078,EDAS
52079,REMOTE
52101,DAS
52132,EDAS
52133,EDAS
52134,EDAS
52135,DAS
52136,EDAS
52140,EDAS
52141,EDAS
52142,EDAS
52144,EDAS
52146,EDAS
52147,EDAS
52149,DAS
52151,EDAS
52154,EDAS
52155,EDAS
52156,EDAS
52157,EDAS
52158,EDAS
52159,EDAS
52160,EDAS
52161,EDAS
52162,EDAS
52163,EDAS
52164,EDAS
52165,EDAS
52166,DAS
52169,EDAS
52170,EDAS
52171,EDAS
52172,EDAS
52175,DAS
52201,EDAS
52202,EDAS
52203,DAS
52204,DAS
52205,DAS
52206,DAS
52207,EDAS
52208,EDAS
52209,EDAS
52210,EDAS
52211,EDAS
52212,REMOTE
52213,EDAS
52214,EDAS
52215,EDAS
52216,EDAS
52217,EDAS
52218,EDAS
52219,EDAS
52220,EDAS
52221,EDAS
52222,EDAS
52223,EDAS
52224,EDAS
52225,EDAS
52226,EDAS
52227,DAS
52228,DAS
52229,EDAS
52231,EDAS
52232,EDAS
52235,DAS
52236,EDAS
52237,EDAS
52247,EDAS
52248,EDAS
52249,EDAS
52251,EDAS
52253,DAS
52254,EDAS
52255,EDAS
52257,EDAS
52301,EDAS
52305,EDAS
52306,EDAS
52307,EDAS
52308,DAS
52309,EDAS
52310,EDAS
52313,EDAS
52314,DAS
52315,DAS
52316,EDAS
52318,DAS
52320,EDAS
52321,EDAS
52322,EDAS
52323,EDAS
52324,DAS
52325,EDAS
52326,DAS
52327,EDAS
52329,EDAS
52330,EDAS
52332,EDAS
52333,DAS
52334,EDAS
52335,EDAS
52336,EDAS
52337,EDAS
52338,DAS
52339,EDAS
52340,EDAS
52341,DAS
52342,EDAS
52344,EDAS
52345,DAS
52346,EDAS
52347,EDAS
52348,DAS
52349,EDAS
52351,DAS
52352,EDAS
52353,DAS
52354,EDAS
52355,EDAS
52356,EDAS
52358,EDAS
52359,EDAS
52361,EDAS
52362,EDAS
52501,DAS
52530,DAS
52531,EDAS
52533,EDAS
52534,DAS
52535,EDAS
52536,EDAS
52537,EDAS
52538,EDAS
52540,EDAS
52542,EDAS
52543,EDAS
52544,DAS
52548,DAS
52549,EDAS
52550,EDAS
52551,EDAS
52552,EDAS
52553,EDAS
52554,EDAS
52555,EDAS
52556,DAS
52560,EDAS
52561,EDAS
52562,DAS
52563,EDAS
52565,EDAS
52566,DAS
52567,EDAS
52569,REMOTE
52570,EDAS
52571,EDAS
52572,EDAS
52573,EDAS
52574,EDAS
52576,EDAS
52577,DAS
52580,EDAS
52581,REMOTE
52583,REMOTE
52584,EDAS
52585,EDAS
52586,EDAS
52588,EDAS
52590,EDAS
52591,EDAS
52593,EDAS
52594,EDAS
52601,DAS
52619,REMOTE
52620,EDAS
52621,EDAS
52623,REMOTE
52624,DAS
52625,EDAS
52626,EDAS
52627,DAS
52630,EDAS
52631,EDAS
52632,DAS
52635,EDAS
52637,EDAS
52638,DAS
52639,EDAS
52640,EDAS
52641,DAS
52644,REMOTE
52645,EDAS
52646,EDAS
52647,EDAS
52648,DAS
52649,EDAS
52650,EDAS
52651,EDAS
52653,EDAS
52654,EDAS
52656,EDAS
52657,DAS
52658,EDAS
52659,EDAS
52660,EDAS
52701,REMOTE
52720,EDAS
52721,EDAS
52726,DAS
52727,EDAS
52728,DAS
52729,EDAS
52730,DAS
52731,EDAS
52737,EDAS
52738,EDAS
52739,EDAS
52742,DAS
52745,EDAS
52746,EDAS
52747,DAS
52749,DAS
52750,EDAS
52751,EDAS
52752,DAS
52753,DAS
52754,EDAS
52755,EDAS
52756,EDAS
52757,DAS
52760,EDAS
52761,DAS
52765,EDAS
52766,EDAS
52768,EDAS
52769,EDAS
52772,EDAS
52773,DAS
52774,EDAS
52776,EDAS
52777,EDAS
52778,EDAS
53001,EDAS
53002,DAS
53003,EDAS
53004,EDAS
53006,DAS
53010,EDAS
53011,EDAS
53013,DAS
53014,EDAS
53015,EDAS
53016,DAS
53017,DAS
53019,EDAS
53020,EDAS
53021,DAS
53023,EDAS
53026,DAS
53027,DAS
53031,DAS
53032,EDAS
53033,DAS
53034,DAS
53035,EDAS
53036,DAS
53037,DAS
53038,EDAS
53039,EDAS
53040,DAS
53042,EDAS
53047,DAS
53048,DAS
53049,EDAS
53050,EDAS
53057,EDAS
53058,DAS
53059,EDAS
53060,DAS
53061,DAS
53062,DAS
53063,EDAS
53065,EDAS
53070,DAS
53073,DAS
53075,DAS
53076,EDAS
53078,EDAS
53079,EDAS
53081,DAS
53085,DAS
53086,DAS
53090,DAS
53091,EDAS
53093,EDAS
53094,DAS
53098,DAS
53099,DAS
53103,DAS
53104,DAS
53105,DAS
53114,DAS
53115,DAS
53118,DAS
53119,DAS
53120,DAS
53121,DAS
53125,DAS
53126,DAS
53127,DAS
53128,DAS
53137,EDAS
53138,DAS
53139,EDAS
53147,DAS
53148,DAS
53149,DAS
53153,DAS
53156,EDAS
53157,EDAS
53167,DAS
53168,DAS
53178,EDAS
53179,DAS
53181,DAS
53182,DAS
53183,DAS
53184,DAS
53185,DAS
53190,DAS
53191,DAS
53195,EDAS
53501,EDAS
53502,EDAS
53503,EDAS
53504,EDAS
53505,EDAS
53506,EDAS
53507,DAS
53508,DAS
53510,EDAS
53515,DAS
53516,EDAS
53517,EDAS
53518,EDAS
53520,EDAS
53521,DAS
53522,EDAS
53523,DAS
53525,DAS
53526,DAS
53528,DAS
53529,EDAS
53530,EDAS
53531,DAS
53533,DAS
53534,DAS
53535,DAS
53536,DAS
53538,DAS
53540,DAS
53541,EDAS
53542,EDAS
53543,EDAS
53544,EDAS
53549,DAS
53550,EDAS
53551,DAS
53553,EDAS
53554,EDAS
53555,DAS
53556,EDAS
53557,EDAS
53559,DAS
53560,DAS
53561,EDAS
53563,DAS
53565,EDAS
53566,DAS
53569,EDAS
53570,EDAS
53571,DAS
53572,DAS
53573,EDAS
53574,EDAS
53575,DAS
53576,EDAS
53577,EDAS
53578,DAS
53579,EDAS
53580,EDAS
53581,EDAS
53582,EDAS
53583,DAS
53584,DAS
53585,EDAS
53586,EDAS
53587,EDAS
53588,EDAS
53589,DAS
53594,DAS
53595,DAS
53599,DAS
53801,EDAS
53802,EDAS
53803,DAS
53804,EDAS
53805,EDAS
53806,REMOTE
53807,EDAS
53808,DAS
53809,EDAS
53810,EDAS
53811,DAS
53813,DAS
53816,EDAS
53817,DAS
53818,EDAS
53820,EDAS
53821,DAS
53825,EDAS
53826,EDAS
53827,REMOTE
53901,DAS
53910,EDAS
53911,DAS
53913,DAS
53916,DAS
53919,EDAS
53920,EDAS
53922,EDAS
53923,EDAS
53924,EDAS
53925,DAS
53926,EDAS
53927,EDAS
53928,EDAS
53929,EDAS
53930,EDAS
53931,EDAS
53932,EDAS
53933,EDAS
53934,EDAS
53935,EDAS
53936,EDAS
53937,EDAS
53939,EDAS
53940,DAS
53941,EDAS
53942,REMOTE
53943,EDAS
53944,EDAS
53946,EDAS
53947,DAS
53948,EDAS
53949,EDAS
53950,DAS
53951,EDAS
53952,EDAS
53953,EDAS
53954,DAS
53955,DAS
53956,EDAS
53957,DAS
53958,DAS
53959,DAS
53960,DAS
53961,EDAS
53963,EDAS
53964,EDAS
53965,DAS
53968,EDAS
53969,DAS
54001,EDAS
54002,DAS
54003,EDAS
54004,EDAS
54005,DAS
54006,EDAS
54007,EDAS
54009,EDAS
54011,EDAS
54012,EDAS
54013,EDAS
54014,REMOTE
54015,EDAS
54017,DAS
54020,DAS
54021,DAS
54022,DAS
54023,DAS
54024,DAS
54025,DAS
54026,EDAS
54027,EDAS
54028,EDAS
54082,EDAS
54101,EDAS
54102,EDAS
54103,EDAS
54104,REMOTE
54106,EDAS
54107,EDAS
54110,EDAS
54111,EDAS
54112,EDAS
54114,EDAS
54119,EDAS
54120,EDAS
54121,EDAS
54123,DAS
54124,EDAS
54125,EDAS
54126,EDAS
54127,DAS
54128,REMOTE
54129,EDAS
54130,DAS
54135,EDAS
54137,EDAS
54138,EDAS
54139,EDAS
54141,DAS
54149,EDAS
54150,EDAS
54151,EDAS
54152,EDAS
54153,DAS
54154,EDAS
54156,EDAS
54157,DAS
54159,EDAS
54160,DAS
54161,EDAS
54162,DAS
54165,DAS
54166,DAS
54169,DAS
54170,EDAS
54171,DAS
54174,EDAS
54175,EDAS
54177,EDAS
54180,DAS
54182,EDAS
54201,DAS
54202,EDAS
54204,EDAS
54205,EDAS
54207,EDAS
54208,DAS
54209,EDAS
54210,REMOTE
54211,DAS
54212,EDAS
54213,REMOTE
54216,EDAS
54217,DAS
54227,EDAS
54228,EDAS
54229,DAS
54230,EDAS
54232,DAS
54234,EDAS
54235,DAS
54240,EDAS
54241,DAS
54245,EDAS
54246,EDAS
54247,EDAS
54403,DAS
54405,EDAS
54406,EDAS
54407,EDAS
54408,EDAS
54409,DAS
54410,EDAS
54411,EDAS
54412,EDAS
54413,EDAS
54414,EDAS
54415,DAS
54416,EDAS
54417,DAS
54418,EDAS
54420,EDAS
54421,EDAS
54422,REMOTE
54423,EDAS
54424,EDAS
54425,EDAS
54426,EDAS
54427,EDAS
54428,EDAS
54429,EDAS
54430,EDAS
54433,EDAS
54435,EDAS
54436,EDAS
54437,REMOTE
54440,EDAS
54441,DAS
54442,EDAS
54443,EDAS
54446,EDAS
54447,EDAS
54448,EDAS
54449,DAS
54450,EDAS
54451,EDAS
54452,EDAS
54454,EDAS
54455,DAS
54456,EDAS
54457,REMOTE
54458,EDAS
54459,REMOTE
54460,EDAS
54462,REMOTE
54463,EDAS
54464,DAS
54465,EDAS
54466,EDAS
54469,DAS
54470,EDAS
54471,EDAS
54473,EDAS
54475,EDAS
54479,EDAS
54480,EDAS
54481,DAS
54482,DAS
54484,EDAS
54485,EDAS
54486,EDAS
54487,REMOTE
54488,EDAS
54489,EDAS
54490,EDAS
54491,EDAS
54493,EDAS
54494,DAS
54495,DAS
54498,EDAS
54499,EDAS
54501,EDAS
54511,EDAS
54512,EDAS
54513,EDAS
54514,EDAS
54515,EDAS
54517,REMOTE
54519,EDAS
54520,REMOTE
54521,EDAS
54524,REMOTE
54525,EDAS
54526,EDAS
54527,EDAS
54529,EDAS
54530,EDAS
54531,EDAS
54534,EDAS
54536,EDAS
54537,EDAS
54538,EDAS
54539,EDAS
54540,REMOTE
54541,EDAS
54542,EDAS
54543,DAS
54545,EDAS
54546,EDAS
54547,EDAS
54548,EDAS
54550,EDAS
54552,EDAS
54554,EDAS
54555,REMOTE
54556,REMOTE
54557,REMOTE
54558,EDAS
54559,EDAS
54560,EDAS
54561,EDAS
54562,EDAS
54563,EDAS
54564,REMOTE
54565,REMOTE
54566,EDAS
54568,EDAS
54610,EDAS
54611,EDAS
54612,EDAS
54613,EDAS
54614,EDAS
54615,DAS
54616,EDAS
54618,EDAS
54619,EDAS
54621,EDAS
54622,EDAS
54623,EDAS
54624,EDAS
54625,EDAS
54626,REMOTE
54627,EDAS
54628,EDAS
54629,EDAS
54630,DAS
54631,EDAS
54632,EDAS
54634,EDAS
54635,EDAS
54636,DAS
54637,DAS
54638,EDAS
54639,EDAS
54640,EDAS
54641,EDAS
54642,EDAS
54643,DAS
54644,EDAS
54645,EDAS
54646,EDAS
54648,EDAS
54651,EDAS
54652,EDAS
54653,EDAS
54654,DAS
54655,REMOTE
54656,DAS
54657,REMOTE
54658,EDAS
54659,EDAS
54660,DAS
54661,EDAS
54662,DAS
54664,EDAS
54665,EDAS
54666,EDAS
54667,EDAS
54669,DAS
54670,EDAS
54721,EDAS
54722,EDAS
54723,EDAS
54724,DAS
54725,EDAS
54726,EDAS
54727,EDAS
54728,EDAS
54730,EDAS
54731,EDAS
54732,EDAS
54733,EDAS
54734,EDAS
54736,EDAS
54737,EDAS
54738,EDAS
54739,EDAS
54740,EDAS
54741,EDAS
54742,EDAS
54743,DAS
54745,EDAS
54746,EDAS
54747,EDAS
54748,EDAS
54749,EDAS
54750,EDAS
54754,EDAS
54755,EDAS
54756,EDAS
54757,EDAS
54758,DAS
54759,REMOTE
54760,DAS
54761,EDAS
54762,EDAS
54763,EDAS
54766,REMOTE
54767,EDAS
54768,EDAS
54769,EDAS
54770,EDAS
54771,EDAS
54772,EDAS
54773,DAS
54801,EDAS
54805,EDAS
54806,EDAS
54810,EDAS
54812,DAS
54813,REMOTE
54814,EDAS
54817,EDAS
54818,DAS
54819,EDAS
54820,REMOTE
54821,EDAS
54822,EDAS
54824,EDAS
54826,EDAS
54827,REMOTE
54828,REMOTE
54829,EDAS
54830,REMOTE
54832,EDAS
54835,REMOTE
54836,EDAS
54837,EDAS
54838,EDAS
54839,EDAS
54840,EDAS
54841,DAS
54842,EDAS
54843,EDAS
54844,EDAS
54845,EDAS
54846,EDAS
54847,EDAS
54848,EDAS
54849,EDAS
54850,REMOTE
54853,EDAS
54854,REMOTE
54855,EDAS
54856,EDAS
54857,DAS
54858,EDAS
54859,REMOTE
54861,DAS
54862,REMOTE
54864,EDAS
54865,REMOTE
54867,EDAS
54868,DAS
54870,EDAS
54871,EDAS
54872,EDAS
54873,EDAS
54874,EDAS
54875,EDAS
54876,EDAS
54880,DAS
54888,EDAS
54889,EDAS
54890,DAS
54891,EDAS
54893,EDAS
54895,EDAS
54896,REMOTE
54909,EDAS
54921,EDAS
54922,EDAS
54923,DAS
54926,DAS
54928,EDAS
54929,DAS
54930,EDAS
54931,EDAS
54932,EDAS
54933,DAS
54934,DAS
54940,EDAS
54941,DAS
54943,EDAS
54944,DAS
54945,EDAS
54946,DAS
54947,DAS
54948,EDAS
54949,EDAS
54950,EDAS
54951,EDAS
54960,EDAS
54961,DAS
54962,EDAS
54963,DAS
54964,EDAS
54965,EDAS
54966,EDAS
54967,EDAS
54968,REMOTE
54969,EDAS
54970,EDAS
54971,DAS
54974,EDAS
54975,EDAS
54976,EDAS
54977,EDAS
54978,DAS
54979,EDAS
54981,DAS
54982,EDAS
54983,EDAS
54984,EDAS
54986,DAS
54990,EDAS
55001,DAS
55002,EDAS
55003,DAS
55005,DAS
55006,EDAS
55007,EDAS
55008,DAS
55009,EDAS
55010,DAS
55011,DAS
55012,EDAS
55013,EDAS
55017,EDAS
55018,DAS
55019,DAS
55020,DAS
55021,DAS
55024,DAS
55025,DAS
55026,EDAS
55027,EDAS
55029,DAS
55030,EDAS
55031,EDAS
55032,EDAS
55033,DAS
55036,DAS
55037,EDAS
55038,DAS
55040,EDAS
55041,EDAS
55043,DAS
55045,EDAS
55046,EDAS
55047,EDAS
55049,DAS
55051,EDAS
55052,DAS
55053,EDAS
55054,DAS
55056,DAS
55057,DAS
55060,DAS
55063,EDAS
55065,EDAS
55066,DAS
55067,EDAS
55069,EDAS
55070,DAS
55072,EDAS
55073,EDAS
55074,EDAS
55079,EDAS
55080,EDAS
55084,EDAS
55085,DAS
55087,DAS
55088,EDAS
55089,EDAS
55090,DAS
55092,DAS
55302,DAS
55307,EDAS
55308,DAS
55309,DAS
55310,EDAS
55312,EDAS
55313,DAS
55314,EDAS
55315,DAS
55319,DAS
55320,DAS
55321,EDAS
55322,EDAS
55324,EDAS
55325,EDAS
55327,DAS
55328,DAS
55329,EDAS
55331,DAS
55332,EDAS
55333,EDAS
55334,EDAS
55335,EDAS
55336,EDAS
55338,EDAS
55339,EDAS
55341,DAS
55342,EDAS
55349,EDAS
55350,DAS
55352,DAS
55353,EDAS
55354,EDAS
55355,DAS
55357,DAS
55358,DAS
55359,DAS
55360,EDAS
55363,EDAS
55364,DAS
55366,DAS
55367,EDAS
55368,EDAS
55370,EDAS
55371,DAS
55375,DAS
55381,EDAS
55382,EDAS
55384,DAS
55385,EDAS
55386,DAS
55388,EDAS
55389,EDAS
55390,EDAS
55395,EDAS
55396,EDAS
55397,EDAS
55398,EDAS
55555,EDAS
55601,EDAS
55602,EDAS
55603,EDAS
55604,EDAS
55605,EDAS
55606,REMOTE
55607,REMOTE
55609,DAS
55612,EDAS
55613,EDAS
55614,EDAS
55615,EDAS
55616,EDAS
55701,EDAS
55702,EDAS
55703,REMOTE
55704,REMOTE
55705,EDAS
55706,EDAS
55707,EDAS
55708,EDAS
55709,EDAS
55710,EDAS
55711,EDAS
55712,EDAS
55713,EDAS
55716,EDAS
55717,EDAS
55718,EDAS
55719,EDAS
55720,DAS
55721,EDAS
55722,EDAS
55723,EDAS
55724,REMOTE
55725,EDAS
55726,EDAS
55731,REMOTE
55732,REMOTE
55733,EDAS
55734,EDAS
55735,EDAS
55736,EDAS
55738,EDAS
55741,EDAS
55742,EDAS
55744,EDAS
55745,DAS
55746,DAS
55748,EDAS
55749,EDAS
55750,REMOTE
55751,EDAS
55752,REMOTE
55753,EDAS
55756,EDAS
55757,EDAS
55758,DAS
55760,EDAS
55763,REMOTE
55764,EDAS
55765,REMOTE
55766,REMOTE
55767,EDAS
55768,DAS
55769,EDAS
55771,REMOTE
55772,REMOTE
55775,EDAS
55779,EDAS
55780,EDAS
55781,REMOTE
55782,EDAS
55783,EDAS
55784,EDAS
55785,REMOTE
55786,EDAS
55787,EDAS
55790,EDAS
55792,DAS
55793,EDAS
55795,EDAS
55796,EDAS
55797,EDAS
55798,REMOTE
55802,DAS
55803,EDAS
55804,DAS
55806,DAS
55808,DAS
55810,DAS
55811,DAS
55812,DAS
55909,EDAS
55910,EDAS
55912,DAS
55917,EDAS
55918,EDAS
55919,EDAS
55920,DAS
55921,EDAS
55922,EDAS
55923,EDAS
55924,EDAS
55925,EDAS
55926,EDAS
55927,EDAS
55929,EDAS
55931,EDAS
55932,EDAS
55933,EDAS
55934,EDAS
55935,EDAS
55936,EDAS
55939,EDAS
55940,EDAS
55941,EDAS
55943,EDAS
55944,DAS
55945,EDAS
55946,EDAS
55947,DAS
55949,EDAS
55950,DAS
55951,EDAS
55952,EDAS
55953,EDAS
55954,EDAS
55955,DAS
55956,EDAS
55957,EDAS
55959,EDAS
55960,DAS
55961,EDAS
55962,EDAS
55963,EDAS
55964,EDAS
55965,EDAS
55967,EDAS
55968,DAS
55969,EDAS
55970,EDAS
55971,EDAS
55972,EDAS
55973,EDAS
55974,EDAS
55975,EDAS
55976,DAS
55977,EDAS
55979,EDAS
55981,EDAS
55982,EDAS
55983,EDAS
55985,EDAS
55990,EDAS
55991,EDAS
55992,EDAS
56007,DAS
56009,EDAS
56010,EDAS
56011,DAS
56013,EDAS
56014,EDAS
56016,EDAS
56017,DAS
56019,EDAS
56020,REMOTE
56021,EDAS
56022,DAS
56023,EDAS
56024,DAS
56025,EDAS
56026,EDAS
56027,EDAS
56028,EDAS
56029,EDAS
56030,DAS
56031,DAS
56032,EDAS
56033,EDAS
56034,EDAS
56035,DAS
56036,EDAS
56037,REMOTE
56039,EDAS
56041,EDAS
56042,EDAS
56043,EDAS
56044,EDAS
56045,EDAS
56046,DAS
56047,EDAS
56048,EDAS
56050,DAS
56051,EDAS
56052,EDAS
56054,EDAS
56055,DAS
56056,DAS
56057,EDAS
56058,DAS
56060,EDAS
56062,DAS
56063,DAS
56064,EDAS
56065,EDAS
56068,EDAS
56069,EDAS
56071,DAS
56072,EDAS
56073,DAS
56074,EDAS
56075,DAS
56076,EDAS
56078,EDAS
56080,EDAS
56081,EDAS
56083,EDAS
56084,DAS
56085,EDAS
56087,EDAS
56088,EDAS
56089,EDAS
56090,EDAS
56091,EDAS
56093,DAS
56096,EDAS
56097,EDAS
56098,EDAS
56101,EDAS
56110,EDAS
56111,EDAS
56113,EDAS
56114,EDAS
56115,EDAS
56116,EDAS
56117,EDAS
56118,EDAS
56119,EDAS
56120,EDAS
56121,EDAS
56122,EDAS
56123,EDAS
56125,DAS
56127,EDAS
56128,EDAS
56129,EDAS
56131,EDAS
56132,EDAS
56134,EDAS
56136,REMOTE
56137,EDAS
56138,EDAS
56139,EDAS
56140,EDAS
56141,EDAS
56142,REMOTE
56143,DAS
56144,EDAS
56145,EDAS
56146,DAS
56147,REMOTE
56149,EDAS
56150,EDAS
56151,EDAS
56152,EDAS
56153,EDAS
56155,EDAS
56156,EDAS
56157,EDAS
56158,EDAS
56159,EDAS
56160,EDAS
56161,EDAS
56162,EDAS
56164,EDAS
56165,EDAS
56166,EDAS
56167,EDAS
56168,EDAS
56169,EDAS
56170,EDAS
56171,EDAS
56172,EDAS
56173,EDAS
56174,EDAS
56175,EDAS
56176,EDAS
56178,EDAS
56180,EDAS
56181,EDAS
56183,EDAS
56185,EDAS
56186,EDAS
56187,DAS
56207,EDAS
56208,EDAS
56209,EDAS
56210,EDAS
56211,EDAS
56212,EDAS
56214,EDAS
56215,DAS
56216,EDAS
56218,EDAS
56219,EDAS
56220,EDAS
56221,EDAS
56222,EDAS
56223,EDAS
56224,EDAS
56225,EDAS
56226,EDAS
56227,EDAS
56228,EDAS
56229,EDAS
56230,EDAS
56231,EDAS
56232,EDAS
56235,EDAS
56236,EDAS
56237,EDAS
56239,EDAS
56240,EDAS
56241,DAS
56243,EDAS
56244,EDAS
56245,EDAS
56246,EDAS
56248,EDAS
56249,EDAS
56251,EDAS
56252,EDAS
56253,EDAS
56255,EDAS
56256,EDAS
56257,EDAS
56258,DAS
56260,EDAS
56262,EDAS
56263,EDAS
56264,EDAS
56265,DAS
56266,EDAS
56267,EDAS
56270,EDAS
56271,EDAS
56273,DAS
56274,EDAS
56276,EDAS
56277,DAS
56278,EDAS
56279,EDAS
56280,EDAS
56281,EDAS
56282,EDAS
56283,EDAS
56284,EDAS
56285,EDAS
56287,DAS
56288,EDAS
56289,EDAS
56291,EDAS
56292,EDAS
56293,EDAS
56294,EDAS
56295,EDAS
56296,EDAS
56297,EDAS
56307,DAS
56308,DAS
56309,EDAS
56310,DAS
56311,EDAS
56312,EDAS
56313,DAS
56314,EDAS
56315,EDAS
56316,EDAS
56317,EDAS
56318,EDAS
56319,EDAS
56320,DAS
56321,EDAS
56323,EDAS
56324,EDAS
56325,EDAS
56326,EDAS
56327,EDAS
56328,DAS
56329,EDAS
56330,REMOTE
56331,EDAS
56332,EDAS
56334,EDAS
56335,EDAS
56336,EDAS
56338,REMOTE
56339,EDAS
56340,EDAS
56341,DAS
56342,EDAS
56343,EDAS
56344,DAS
56345,DAS
56347,EDAS
56349,EDAS
56350,EDAS
56352,EDAS
56353,EDAS
56354,EDAS
56355,EDAS
56356,EDAS
56357,REMOTE
56358,EDAS
56359,EDAS
56360,EDAS
56361,EDAS
56362,EDAS
56364,EDAS
56367,EDAS
56368,EDAS
56369,DAS
56371,DAS
56373,EDAS
56374,DAS
56375,EDAS
56376,EDAS
56378,EDAS
56381,EDAS
56382,EDAS
56384,EDAS
56385,EDAS
56386,EDAS
56389,DAS
56401,DAS
56430,DAS
56431,EDAS
56433,EDAS
56434,EDAS
56435,EDAS
56436,EDAS
56437,EDAS
56438,EDAS
56440,EDAS
56441,DAS
56442,EDAS
56443,EDAS
56444,EDAS
56446,EDAS
56447,EDAS
56448,EDAS
56449,EDAS
56450,EDAS
56452,EDAS
56453,EDAS
56455,EDAS
56456,EDAS
56458,EDAS
56461,EDAS
56464,EDAS
56465,DAS
56466,EDAS
56467,EDAS
56468,EDAS
56469,REMOTE
56470,EDAS
56472,EDAS
56473,EDAS
56474,EDAS
56475,EDAS
56477,EDAS
56478,EDAS
56479,EDAS
56481,EDAS
56482,EDAS
56484,DAS
56501,DAS
56502,DAS
56510,EDAS
56511,EDAS
56514,EDAS
56515,EDAS
56516,EDAS
56517,REMOTE
56518,EDAS
56519,REMOTE
56520,EDAS
56521,EDAS
56522,REMOTE
56523,EDAS
56524,EDAS
56525,DAS
56527,EDAS
56528,EDAS
56531,EDAS
56533,EDAS
56534,EDAS
56535,EDAS
56536,EDAS
56537,DAS
56538,DAS
56540,EDAS
56541,DAS
56542,EDAS
56543,EDAS
56544,EDAS
56545,EDAS
56546,EDAS
56547,EDAS
56548,EDAS
56549,EDAS
56550,EDAS
56551,EDAS
56552,EDAS
56553,REMOTE
56554,EDAS
56556,EDAS
56557,EDAS
56565,EDAS
56566,EDAS
56567,EDAS
56568,EDAS
56569,REMOTE
56570,EDAS
56571,EDAS
56572,EDAS
56573,EDAS
56574,EDAS
56575,REMOTE
56576,EDAS
56577,DAS
56578,EDAS
56579,EDAS
56580,EDAS
56581,EDAS
56583,REMOTE
56584,EDAS
56585,EDAS
56586,EDAS
56587,EDAS
56588,EDAS
56589,EDAS
56590,EDAS
56591,EDAS
56592,EDAS
56593,DAS
56594,EDAS
56601,DAS
56621,EDAS
56623,EDAS
56626,REMOTE
56627,EDAS
56628,REMOTE
56629,REMOTE
56630,DAS
56633,EDAS
56634,EDAS
56636,EDAS
56637,EDAS
56639,REMOTE
56641,EDAS
56644,EDAS
56646,EDAS
56647,EDAS
56649,REMOTE
56650,EDAS
56651,EDAS
56652,EDAS
56653,EDAS
56654,EDAS
56655,EDAS
56657,REMOTE
56659,EDAS
56660,EDAS
56661,REMOTE
56662,REMOTE
56663,EDAS
56666,EDAS
56667,EDAS
56668,DAS
56669,REMOTE
56670,EDAS
56671,EDAS
56672,EDAS
56673,REMOTE
56676,EDAS
56678,EDAS
56680,EDAS
56681,REMOTE
56682,EDAS
56683,EDAS
56684,EDAS
56685,EDAS
56686,REMOTE
56687,DAS
56688,REMOTE
56710,EDAS
56711,REMOTE
56712,EDAS
56713,EDAS
56714,EDAS
56715,EDAS
56716,DAS
56720,REMOTE
56721,DAS
56722,REMOTE
56723,EDAS
56724,EDAS
56725,EDAS
56726,EDAS
56727,EDAS
56728,EDAS
56729,REMOTE
56731,EDAS
56732,EDAS
56733,EDAS
56734,EDAS
56735,EDAS
56736,EDAS
56737,EDAS
56738,EDAS
56740,EDAS
56741,EDAS
56742,EDAS
56744,EDAS
56748,EDAS
56750,EDAS
56751,EDAS
56754,EDAS
56755,REMOTE
56756,REMOTE
56757,EDAS
56758,EDAS
56759,EDAS
56760,EDAS
56761,EDAS
56762,EDAS
56763,EDAS
57001,EDAS
57002,EDAS
57003,EDAS
57004,EDAS
57005,DAS
57006,DAS
57007,DAS
57010,EDAS
57012,EDAS
57013,DAS
57014,EDAS
57015,EDAS
57016,EDAS
57017,EDAS
57018,EDAS
57020,EDAS
57021,EDAS
57022,EDAS
57024,EDAS
57025,EDAS
57026,EDAS
57027,DAS
57028,EDAS
57029,EDAS
57030,EDAS
57031,EDAS
57032,DAS
57033,EDAS
57034,EDAS
57035,EDAS
57036,EDAS
57037,EDAS
57038,EDAS
57039,EDAS
57040,EDAS
57041,DAS
57042,DAS
57043,EDAS
57044,EDAS
57045,EDAS
57046,EDAS
57047,EDAS
57048,EDAS
57050,EDAS
57051,EDAS
57052,REMOTE
57053,EDAS
57054,EDAS
57055,DAS
57056,DAS
57057,EDAS
57058,EDAS
57059,EDAS
57061,EDAS
57062,EDAS
57063,EDAS
57065,EDAS
57066,EDAS
57067,REMOTE
57068,DAS
57069,DAS
57070,EDAS
57071,EDAS
57072,EDAS
57073,EDAS
57075,EDAS
57076,EDAS
57077,EDAS
57078,DAS
57198,EDAS
57202,DAS
57212,EDAS
57213,EDAS
57214,EDAS
57216,EDAS
57217,REMOTE
57218,EDAS
57219,EDAS
57220,EDAS
57221,EDAS
57223,EDAS
57224,EDAS
57225,EDAS
57226,EDAS
57227,EDAS
57231,EDAS
57232,REMOTE
57233,EDAS
57234,EDAS
57235,REMOTE
57236,REMOTE
57237,EDAS
57238,EDAS
57239,EDAS
57241,EDAS
57242,REMOTE
57243,EDAS
57244,EDAS
57245,DAS
57246,EDAS
57247,EDAS
57248,EDAS
57249,EDAS
57251,EDAS
57252,DAS
57255,REMOTE
57256,EDAS
57257,REMOTE
57258,REMOTE
57259,EDAS
57260,REMOTE
57261,EDAS
57262,EDAS
57263,EDAS
57264,EDAS
57265,EDAS
57266,EDAS
57268,EDAS
57269,EDAS
57270,REMOTE
57271,EDAS
57272,EDAS
57273,EDAS
57274,EDAS
57276,EDAS
57278,EDAS
57279,EDAS
57301,DAS
57311,EDAS
57312,EDAS
57313,EDAS
57314,EDAS
57315,EDAS
57317,EDAS
57319,EDAS
57321,REMOTE
57322,EDAS
57323,EDAS
57324,EDAS
57325,EDAS
57328,EDAS
57329,REMOTE
57330,EDAS
57331,EDAS
57332,EDAS
57334,EDAS
57335,REMOTE
57337,REMOTE
57339,EDAS
57340,REMOTE
57341,REMOTE
57342,EDAS
57344,REMOTE
57345,REMOTE
57348,EDAS
57349,EDAS
57350,REMOTE
57353,EDAS
57354,EDAS
57355,EDAS
57356,REMOTE
57357,EDAS
57358,REMOTE
57359,EDAS
57361,DAS
57362,EDAS
57363,REMOTE
57364,DAS
57365,EDAS
57366,EDAS
57367,EDAS
57368,EDAS
57369,EDAS
57370,REMOTE
57371,REMOTE
57373,REMOTE
57374,EDAS
57375,REMOTE
57376,EDAS
57379,REMOTE
57380,EDAS
57381,REMOTE
57382,REMOTE
57383,REMOTE
57384,EDAS
57385,REMOTE
57386,EDAS
57399,DAS
57401,DAS
57402,DAS
57420,REMOTE
57421,EDAS
57422,EDAS
57424,REMOTE
57426,DAS
57427,EDAS
57428,EDAS
57429,EDAS
57430,EDAS
57432,EDAS
57433,EDAS
57434,REMOTE
57435,REMOTE
57436,EDAS
57437,REMOTE
57438,EDAS
57439,DAS
57440,REMOTE
57441,EDAS
57442,EDAS
57445,EDAS
57446,EDAS
57448,EDAS
57449,REMOTE
57450,EDAS
57451,EDAS
57452,REMOTE
57454,EDAS
57455,REMOTE
57456,EDAS
57457,EDAS
57460,REMOTE
57461,EDAS
57462,EDAS
57465,EDAS
57466,REMOTE
57467,REMOTE
57468,EDAS
57469,EDAS
57470,REMOTE
57471,REMOTE
57472,EDAS
57473,REMOTE
57474,EDAS
57475,REMOTE
57476,EDAS
57477,EDAS
57479,EDAS
57481,REMOTE
57501,DAS
57520,REMOTE
57521,REMOTE
57522,EDAS
57523,REMOTE
57526,EDAS
57528,EDAS
57529,EDAS
57531,EDAS
57532,EDAS
57533,EDAS
57534,REMOTE
57536,REMOTE
57537,REMOTE
57538,EDAS
57540,REMOTE
57541,REMOTE
57542,EDAS
57543,REMOTE
57544,REMOTE
57547,REMOTE
57548,EDAS
57551,REMOTE
57552,REMOTE
57553,REMOTE
57555,REMOTE
57559,EDAS
57560,REMOTE
57562,REMOTE
57563,DAS
57564,EDAS
57566,EDAS
57567,REMOTE
57568,EDAS
57569,REMOTE
57570,EDAS
57571,REMOTE
57572,EDAS
57574,REMOTE
57576,EDAS
57577,EDAS
57579,REMOTE
57580,REMOTE
57584,REMOTE
57585,REMOTE
57601,EDAS
57620,REMOTE
57621,DAS
57622,REMOTE
57623,REMOTE
57625,REMOTE
57626,REMOTE
57628,EDAS
57630,REMOTE
57631,EDAS
57632,EDAS
57633,REMOTE
57634,REMOTE
57636,REMOTE
57638,EDAS
57639,REMOTE
57640,EDAS
57641,REMOTE
57642,REMOTE
57644,REMOTE
57645,EDAS
57646,REMOTE
57647,EDAS
57648,REMOTE
57649,REMOTE
57650,EDAS
57651,REMOTE
57652,REMOTE
57656,EDAS
57657,REMOTE
57658,REMOTE
57659,REMOTE
57660,REMOTE
57661,REMOTE
57701,DAS
57702,DAS
57703,DAS
57706,DAS
57714,REMOTE
57716,REMOTE
57717,REMOTE
57718,EDAS
57719,EDAS
57720,REMOTE
57722,REMOTE
57724,REMOTE
57725,REMOTE
57729,EDAS
57730,REMOTE
57732,EDAS
57735,REMOTE
57736,EDAS
57737,REMOTE
57738,REMOTE
57742,EDAS
57744,EDAS
57745,EDAS
57747,EDAS
57748,REMOTE
57750,EDAS
57751,DAS
57752,REMOTE
57754,EDAS
57755,REMOTE
57756,REMOTE
57758,REMOTE
57759,EDAS
57760,REMOTE
57761,EDAS
57762,REMOTE
57763,REMOTE
57764,REMOTE
57765,EDAS
57766,EDAS
57767,REMOTE
57769,EDAS
57770,DAS
57772,REMOTE
57773,EDAS
57775,REMOTE
57777,EDAS
57778,EDAS
57779,EDAS
57780,REMOTE
57782,EDAS
57783,DAS
57785,REMOTE
57787,REMOTE
57788,EDAS
57790,REMOTE
57791,REMOTE
57792,REMOTE
57793,EDAS
57794,EDAS
58001,DAS
58002,EDAS
58004,EDAS
58005,EDAS
58006,EDAS
58007,EDAS
58008,EDAS
58009,REMOTE
58011,EDAS
58012,DAS
58013,REMOTE
58015,EDAS
58016,REMOTE
58017,REMOTE
58018,EDAS
58021,EDAS
58027,EDAS
58029,EDAS
58030,REMOTE
58031,EDAS
58032,EDAS
58033,REMOTE
58035,EDAS
58036,EDAS
58038,EDAS
58039,EDAS
58040,EDAS
58041,EDAS
58042,DAS
58043,EDAS
58045,EDAS
58046,EDAS
58047,EDAS
58048,EDAS
58049,EDAS
58051,EDAS
58052,EDAS
58053,EDAS
58054,EDAS
58056,REMOTE
58057,EDAS
58058,REMOTE
58059,EDAS
58060,EDAS
58061,REMOTE
58062,REMOTE
58063,REMOTE
58064,EDAS
58065,REMOTE
58067,EDAS
58068,EDAS
58069,REMOTE
58071,EDAS
58072,EDAS
58074,DAS
58075,DAS
58076,DAS
58077,EDAS
58079,EDAS
58081,EDAS
58204,DAS
58205,DAS
58210,EDAS
58212,REMOTE
58213,EDAS
58214,EDAS
58216,REMOTE
58218,EDAS
58219,EDAS
58220,EDAS
58222,EDAS
58223,EDAS
58224,EDAS
58225,EDAS
58227,EDAS
58228,EDAS
58229,REMOTE
58230,EDAS
58231,EDAS
58233,REMOTE
58235,EDAS
58236,REMOTE
58237,EDAS
58238,EDAS
58239,REMOTE
58240,EDAS
58241,EDAS
58243,EDAS
58244,REMOTE
58249,EDAS
58250,EDAS
58251,EDAS
58254,REMOTE
58255,EDAS
58256,EDAS
58257,EDAS
58258,EDAS
58259,EDAS
58260,EDAS
58261,EDAS
58262,EDAS
58265,EDAS
58266,EDAS
58267,EDAS
58269,EDAS
58270,EDAS
58272,EDAS
58273,EDAS
58274,EDAS
58275,EDAS
58276,EDAS
58277,REMOTE
58278,EDAS
58281,REMOTE
58282,EDAS
58301,EDAS
58310,EDAS
58311,EDAS
58313,EDAS
58316,EDAS
58317,EDAS
58318,REMOTE
58319,EDAS
58321,REMOTE
58323,REMOTE
58324,EDAS
58325,EDAS
58327,EDAS
58329,REMOTE
58330,EDAS
58331,REMOTE
58332,EDAS
58335,EDAS
58338,EDAS
58339,REMOTE
58341,EDAS
58343,REMOTE
58344,EDAS
58345,EDAS
58346,EDAS
58348,EDAS
58351,REMOTE
58352,EDAS
58353,EDAS
58355,EDAS
58356,EDAS
58357,REMOTE
58361,REMOTE
58362,EDAS
58363,EDAS
58365,REMOTE
58366,EDAS
58367,EDAS
58368,EDAS
58369,REMOTE
58370,EDAS
58372,EDAS
58374,REMOTE
58377,REMOTE
58380,EDAS
58381,REMOTE
58382,REMOTE
58384,EDAS
58385,REMOTE
58386,REMOTE
58401,DAS
58402,DAS
58413,REMOTE
58415,EDAS
58416,REMOTE
58418,REMOTE
58420,EDAS
58421,EDAS
58422,REMOTE
58423,REMOTE
58424,REMOTE
58425,EDAS
58426,REMOTE
58428,EDAS
58429,REMOTE
58430,EDAS
58431,REMOTE
58433,EDAS
58436,EDAS
58438,REMOTE
58439,REMOTE
58440,REMOTE
58441,EDAS
58442,EDAS
58443,REMOTE
58444,EDAS
58445,REMOTE
58448,EDAS
58451,REMOTE
58452,DAS
58454,EDAS
58455,EDAS
58456,REMOTE
58458,EDAS
58460,REMOTE
58461,EDAS
58463,REMOTE
58464,EDAS
58466,REMOTE
58467,REMOTE
58472,REMOTE
58474,EDAS
58475,REMOTE
58476,EDAS
58477,EDAS
58478,REMOTE
58479,EDAS
58480,REMOTE
58481,REMOTE
58482,EDAS
58483,REMOTE
58484,EDAS
58486,REMOTE
58487,REMOTE
58488,REMOTE
58489,EDAS
58490,REMOTE
58492,EDAS
58494,REMOTE
58495,EDAS
58496,REMOTE
58497,EDAS
58501,DAS
58503,DAS
58504,DAS
58520,REMOTE
58521,REMOTE
58523,EDAS
58524,EDAS
58528,REMOTE
58529,REMOTE
58530,REMOTE
58531,REMOTE
58532,REMOTE
58533,REMOTE
58535,REMOTE
58538,EDAS
58540,EDAS
58541,REMOTE
58542,REMOTE
58544,EDAS
58545,EDAS
58549,EDAS
58552,EDAS
58553,EDAS
58554,DAS
58558,EDAS
58559,EDAS
58560,EDAS
58561,EDAS
58562,REMOTE
58563,REMOTE
58564,EDAS
58565,EDAS
58566,REMOTE
58568,EDAS
58569,REMOTE
58570,REMOTE
58571,EDAS
58572,REMOTE
58573,EDAS
58575,EDAS
58576,EDAS
58577,EDAS
58579,EDAS
58580,REMOTE
58581,REMOTE
58601,DAS
58602,DAS
58620,REMOTE
58621,EDAS
58622,EDAS
58623,EDAS
58625,EDAS
58626,EDAS
58627,REMOTE
58630,REMOTE
58631,EDAS
58632,REMOTE
58634,REMOTE
58636,REMOTE
58638,EDAS
58639,EDAS
58640,EDAS
58641,REMOTE
58642,REMOTE
58643,EDAS
58644,REMOTE
58645,EDAS
58646,REMOTE
58647,REMOTE
58649,REMOTE
58650,REMOTE
58651,REMOTE
58652,REMOTE
58653,REMOTE
58654,REMOTE
58655,EDAS
58656,REMOTE
58701,DAS
58703,DAS
58704,DAS
58705,DAS
58707,DAS
58710,EDAS
58711,EDAS
58712,REMOTE
58713,EDAS
58716,EDAS
58718,REMOTE
58721,EDAS
58722,EDAS
58723,REMOTE
58725,EDAS
58727,EDAS
58730,EDAS
58731,EDAS
58733,EDAS
58734,REMOTE
58735,REMOTE
58736,REMOTE
58737,REMOTE
58740,EDAS
58741,REMOTE
58744,EDAS
58746,EDAS
58747,EDAS
58748,EDAS
58750,REMOTE
58752,EDAS
58755,REMOTE
58756,EDAS
58757,EDAS
58758,EDAS
58759,EDAS
58760,REMOTE
58761,EDAS
58762,EDAS
58763,EDAS
58765,EDAS
58768,EDAS
58769,REMOTE
58770,EDAS
58771,REMOTE
58772,REMOTE
58773,REMOTE
58775,EDAS
58776,REMOTE
58778,REMOTE
58779,REMOTE
58781,EDAS
58782,EDAS
58783,REMOTE
58784,EDAS
58785,EDAS
58787,REMOTE
58788,REMOTE
58789,REMOTE
58790,EDAS
58792,REMOTE
58793,EDAS
58794,REMOTE
58795,EDAS
58801,DAS
58802,DAS
58803,DAS
58830,REMOTE
58831,EDAS
58833,REMOTE
58835,REMOTE
58838,REMOTE
58843,EDAS
58844,REMOTE
58845,REMOTE
58847,REMOTE
58849,EDAS
58852,REMOTE
58853,EDAS
58854,REMOTE
58856,REMOTE
59001,EDAS
59002,REMOTE
59003,REMOTE
59006,EDAS
59007,EDAS
59008,REMOTE
59010,REMOTE
59011,REMOTE
59012,EDAS
59013,EDAS
59014,EDAS
59015,REMOTE
59016,REMOTE
59018,EDAS
59019,REMOTE
59020,EDAS
59022,REMOTE
59024,REMOTE
59025,REMOTE
59026,EDAS
59027,EDAS
59028,REMOTE
59029,EDAS
59030,EDAS
59031,EDAS
59032,REMOTE
59033,REMOTE
59034,EDAS
59035,EDAS
59036,DAS
59037,EDAS
59038,REMOTE
59039,REMOTE
59041,REMOTE
59043,EDAS
59044,EDAS
59046,REMOTE
59047,REMOTE
59050,REMOTE
59052,REMOTE
59053,REMOTE
59054,REMOTE
59055,REMOTE
59057,REMOTE
59058,REMOTE
59059,REMOTE
59061,REMOTE
59062,REMOTE
59063,EDAS
59064,REMOTE
59065,EDAS
59066,REMOTE
59067,REMOTE
59068,REMOTE
59069,REMOTE
59070,REMOTE
59071,REMOTE
59072,REMOTE
59073,EDAS
59074,REMOTE
59075,REMOTE
59076,REMOTE
59077,REMOTE
59078,REMOTE
59079,EDAS
59081,EDAS
59082,EDAS
59084,REMOTE
59085,REMOTE
59086,REMOTE
59087,REMOTE
59088,EDAS
59089,EDAS
59101,DAS
59102,DAS
59105,DAS
59106,DAS
59201,EDAS
59211,REMOTE
59212,EDAS
59213,REMOTE
59214,REMOTE
59215,REMOTE
59217,EDAS
59218,EDAS
59219,EDAS
59221,REMOTE
59222,REMOTE
59223,REMOTE
59225,REMOTE
59226,REMOTE
59230,EDAS
59231,EDAS
59240,REMOTE
59241,REMOTE
59242,REMOTE
59243,REMOTE
59244,REMOTE
59245,EDAS
59247,REMOTE
59248,EDAS
59250,REMOTE
59252,REMOTE
59253,REMOTE
59254,EDAS
59255,EDAS
59256,REMOTE
59257,REMOTE
59258,REMOTE
59259,REMOTE
59260,REMOTE
59261,EDAS
59262,REMOTE
59263,EDAS
59270,EDAS
59273,EDAS
59274,REMOTE
59275,REMOTE
59276,REMOTE
59301,EDAS
59311,REMOTE
59312,REMOTE
59313,REMOTE
59314,REMOTE
59315,REMOTE
59316,REMOTE
59317,REMOTE
59318,REMOTE
59319,REMOTE
59322,REMOTE
59323,EDAS
59324,REMOTE
59326,REMOTE
59327,REMOTE
59330,EDAS
59332,REMOTE
59333,EDAS
59336,REMOTE
59337,REMOTE
59338,EDAS
59339,REMOTE
59341,REMOTE
59343,REMOTE
59344,REMOTE
59345,REMOTE
59347,REMOTE
59348,EDAS
59349,REMOTE
59351,REMOTE
59353,REMOTE
59354,REMOTE
59404,DAS
59410,REMOTE
59411,REMOTE
59412,EDAS
59414,DAS
59416,REMOTE
59417,EDAS
59418,REMOTE
59419,REMOTE
59420,REMOTE
59421,REMOTE
59422,EDAS
59424,EDAS
59425,EDAS
59427,EDAS
59430,REMOTE
59432,REMOTE
59433,REMOTE
59434,EDAS
59435,REMOTE
59436,EDAS
59440,REMOTE
59441,EDAS
59442,EDAS
59443,EDAS
59444,REMOTE
59445,EDAS
59446,REMOTE
59447,REMOTE
59448,REMOTE
59450,REMOTE
59451,REMOTE
59452,EDAS
59453,REMOTE
59454,EDAS
59456,REMOTE
59457,EDAS
59460,REMOTE
59461,DAS
59462,REMOTE
59463,REMOTE
59464,REMOTE
59465,EDAS
59466,REMOTE
59467,REMOTE
59468,EDAS
59469,REMOTE
59471,REMOTE
59472,EDAS
59474,EDAS
59477,DAS
59479,REMOTE
59480,REMOTE
59482,EDAS
59483,REMOTE
59484,REMOTE
59485,EDAS
59486,EDAS
59487,EDAS
59489,EDAS
59501,EDAS
59520,REMOTE
59521,EDAS
59522,EDAS
59523,REMOTE
59524,REMOTE
59525,REMOTE
59526,EDAS
59527,REMOTE
59528,REMOTE
59529,REMOTE
59530,REMOTE
59531,REMOTE
59532,REMOTE
59535,EDAS
59537,REMOTE
59538,REMOTE
59540,REMOTE
59542,REMOTE
59544,EDAS
59545,REMOTE
59546,REMOTE
59547,REMOTE
59602,DAS
59631,EDAS
59632,EDAS
59633,REMOTE
59634,EDAS
59635,DAS
59638,EDAS
59639,EDAS
59640,EDAS
59641,REMOTE
59642,REMOTE
59643,EDAS
59644,EDAS
59645,EDAS
59647,REMOTE
59648,REMOTE
59710,EDAS
59711,EDAS
59713,EDAS
59714,DAS
59715,DAS
59716,DAS
59717,DAS
59718,DAS
59720,REMOTE
59721,REMOTE
59722,EDAS
59724,EDAS
59725,EDAS
59727,REMOTE
59728,REMOTE
59729,REMOTE
59730,EDAS
59731,REMOTE
59732,REMOTE
59733,REMOTE
59735,EDAS
59736,REMOTE
59739,REMOTE
59740,EDAS
59741,REMOTE
59743,EDAS
59745,REMOTE
59746,EDAS
59747,EDAS
59748,EDAS
59749,EDAS
59750,REMOTE
59751,EDAS
59752,REMOTE
59754,EDAS
59755,EDAS
59756,DAS
59758,REMOTE
59759,EDAS
59760,EDAS
59761,EDAS
59762,REMOTE
59801,DAS
59802,DAS
59803,DAS
59804,DAS
59808,DAS
59812,DAS
59820,REMOTE
59821,EDAS
59823,REMOTE
59824,EDAS
59825,EDAS
59826,REMOTE
59827,REMOTE
59828,REMOTE
59829,REMOTE
59830,EDAS
59831,EDAS
59832,REMOTE
59833,REMOTE
59834,EDAS
59836,EDAS
59837,REMOTE
59840,EDAS
59841,DAS
59842,EDAS
59843,EDAS
59844,REMOTE
59845,REMOTE
59846,EDAS
59847,EDAS
59848,REMOTE
59853,REMOTE
59854,REMOTE
59855,DAS
59856,EDAS
59858,EDAS
59859,REMOTE
59860,REMOTE
59863,EDAS
59864,REMOTE
59865,EDAS
59866,REMOTE
59867,REMOTE
59868,REMOTE
59870,REMOTE
59871,EDAS
59872,EDAS
59873,EDAS
59874,REMOTE
59875,EDAS
59901,EDAS
59902,DAS
59910,EDAS
59911,REMOTE
59912,REMOTE
59913,REMOTE
59914,EDAS
59915,EDAS
59916,EDAS
59917,REMOTE
59918,EDAS
59919,EDAS
59920,REMOTE
59922,EDAS
59923,REMOTE
59925,REMOTE
59926,EDAS
59927,EDAS
59928,REMOTE
59929,EDAS
59930,REMOTE
59931,EDAS
59932,EDAS
59933,EDAS
59934,REMOTE
59935,EDAS
59936,EDAS
59937,EDAS
60033,DAS
60034,EDAS
60071,DAS
60072,DAS
60080,DAS
60081,DAS
60097,DAS
60098,DAS
60109,DAS
60111,EDAS
60112,DAS
60113,DAS
60119,DAS
60129,DAS
60135,DAS
60140,DAS
60145,DAS
60146,DAS
60147,DAS
60150,EDAS
60151,EDAS
60152,DAS
60175,DAS
60180,DAS
60182,EDAS
60184,DAS
60401,DAS
60407,DAS
60408,DAS
60410,DAS
60416,DAS
60420,EDAS
60421,DAS
60423,DAS
60424,EDAS
60437,EDAS
60442,DAS
60444,EDAS
60447,EDAS
60449,DAS
60450,DAS
60460,EDAS
60466,DAS
60468,EDAS
60470,EDAS
60472,DAS
60474,DAS
60479,EDAS
60481,DAS
60511,EDAS
60512,DAS
60518,EDAS
60520,EDAS
60530,EDAS
60531,EDAS
60537,EDAS
60541,EDAS
60548,DAS
60549,EDAS
60550,EDAS
60551,EDAS
60552,EDAS
60553,EDAS
60554,DAS
60557,EDAS
60560,DAS
60601,DAS
60602,DAS
60603,DAS
60604,DAS
60605,DAS
60606,DAS
60610,DAS
60611,DAS
60613,DAS
60644,DAS
60654,DAS
60827,DAS
60901,DAS
60910,EDAS
60911,EDAS
60912,EDAS
60913,EDAS
60917,EDAS
60918,EDAS
60919,EDAS
60920,EDAS
60921,EDAS
60922,EDAS
60924,EDAS
60927,EDAS
60928,EDAS
60929,EDAS
60930,EDAS
60931,EDAS
60932,DAS
60933,EDAS
60934,EDAS
60935,EDAS
60936,DAS
60938,EDAS
60939,DAS
60940,EDAS
60941,EDAS
60942,EDAS
60944,EDAS
60945,DAS
60946,EDAS
60948,EDAS
60949,EDAS
60950,DAS
60951,EDAS
60952,EDAS
60953,EDAS
60954,DAS
60955,EDAS
60956,DAS
60957,DAS
60958,EDAS
60959,EDAS
60960,EDAS
60961,EDAS
60962,EDAS
60963,EDAS
60964,EDAS
60966,EDAS
60967,EDAS
60968,EDAS
60969,EDAS
60970,DAS
60973,EDAS
60974,EDAS
61001,EDAS
61006,EDAS
61007,EDAS
61010,DAS
61011,DAS
61012,EDAS
61013,DAS
61014,EDAS
61015,EDAS
61016,DAS
61018,EDAS
61019,EDAS
61020,DAS
61021,DAS
61024,EDAS
61025,DAS
61027,DAS
61028,EDAS
61030,EDAS
61031,EDAS
61032,DAS
61036,DAS
61038,EDAS
61039,EDAS
61041,EDAS
61042,EDAS
61043,EDAS
61044,EDAS
61046,EDAS
61047,EDAS
61048,EDAS
61049,EDAS
61050,EDAS
61051,EDAS
61052,EDAS
61053,EDAS
61054,EDAS
61058,DAS
61059,DAS
61060,EDAS
61061,DAS
61062,EDAS
61063,EDAS
61064,EDAS
61065,DAS
61067,EDAS
61068,DAS
61070,EDAS
61071,DAS
61072,DAS
61074,EDAS
61075,EDAS
61077,DAS
61078,EDAS
61081,DAS
61084,DAS
61085,EDAS
61087,EDAS
61088,DAS
61089,EDAS
61091,DAS
61230,EDAS
61231,EDAS
61233,EDAS
61234,EDAS
61235,EDAS
61236,DAS
61237,DAS
61238,EDAS
61240,DAS
61241,DAS
61242,EDAS
61243,EDAS
61250,EDAS
61251,EDAS
61252,EDAS
61257,DAS
61258,EDAS
61259,EDAS
61260,EDAS
61261,EDAS
61262,EDAS
61263,EDAS
61270,EDAS
61272,EDAS
61273,DAS
61274,EDAS
61275,DAS
61277,EDAS
61278,DAS
61279,EDAS
61281,EDAS
61283,EDAS
61284,DAS
61285,EDAS
61301,DAS
61310,EDAS
61311,EDAS
61312,EDAS
61313,EDAS
61314,EDAS
61315,EDAS
61316,EDAS
61317,DAS
61318,EDAS
61319,EDAS
61320,DAS
61321,EDAS
61322,EDAS
61323,DAS
61324,EDAS
61325,EDAS
61326,EDAS
61327,EDAS
61328,EDAS
61329,EDAS
61330,EDAS
61331,DAS
61333,EDAS
61334,EDAS
61335,DAS
61336,EDAS
61337,EDAS
61338,EDAS
61340,EDAS
61341,EDAS
61342,EDAS
61344,EDAS
61345,EDAS
61346,DAS
61349,EDAS
61350,DAS
61353,EDAS
61356,DAS
61358,EDAS
61359,EDAS
61360,EDAS
61361,EDAS
61362,DAS
61363,DAS
61364,DAS
61367,EDAS
61368,EDAS
61369,EDAS
61370,EDAS
61371,DAS
61372,DAS
61373,EDAS
61375,EDAS
61376,EDAS
61377,EDAS
61378,EDAS
61379,EDAS
61410,EDAS
61411,DAS
61412,EDAS
61413,EDAS
61414,EDAS
61415,EDAS
61416,EDAS
61417,EDAS
61418,EDAS
61419,DAS
61420,EDAS
61421,EDAS
61422,EDAS
61423,EDAS
61424,DAS
61425,EDAS
61426,EDAS
61427,EDAS
61428,EDAS
61430,DAS
61431,EDAS
61432,EDAS
61433,DAS
61434,EDAS
61435,EDAS
61436,EDAS
61437,EDAS
61438,EDAS
61439,EDAS
61440,EDAS
61441,EDAS
61442,EDAS
61443,DAS
61447,EDAS
61448,DAS
61449,EDAS
61450,EDAS
61451,DAS
61452,EDAS
61453,EDAS
61454,EDAS
61455,EDAS
61458,EDAS
61459,EDAS
61460,EDAS
61462,EDAS
61465,EDAS
61466,EDAS
61467,EDAS
61468,DAS
61469,EDAS
61470,EDAS
61471,EDAS
61472,EDAS
61473,EDAS
61474,EDAS
61475,EDAS
61476,EDAS
61477,EDAS
61478,EDAS
61479,EDAS
61480,EDAS
61482,EDAS
61483,EDAS
61484,EDAS
61485,EDAS
61486,EDAS
61488,EDAS
61489,EDAS
61490,EDAS
61491,EDAS
61501,EDAS
61516,EDAS
61517,EDAS
61519,DAS
61520,DAS
61523,DAS
61524,DAS
61526,EDAS
61528,DAS
61529,EDAS
61530,DAS
61531,EDAS
61532,EDAS
61533,EDAS
61534,EDAS
61535,EDAS
61536,EDAS
61537,DAS
61540,EDAS
61541,EDAS
61542,EDAS
61543,EDAS
61544,EDAS
61545,EDAS
61546,EDAS
61547,DAS
61548,DAS
61559,EDAS
61560,EDAS
61561,EDAS
61564,DAS
61565,EDAS
61567,EDAS
61568,DAS
61569,EDAS
61570,EDAS
61572,EDAS
61705,DAS
61720,EDAS
61721,EDAS
61722,EDAS
61723,EDAS
61724,EDAS
61725,EDAS
61726,EDAS
61727,DAS
61728,EDAS
61729,DAS
61730,EDAS
61731,EDAS
61732,EDAS
61733,EDAS
61734,EDAS
61735,EDAS
61736,DAS
61737,EDAS
61738,EDAS
61739,EDAS
61740,EDAS
61741,EDAS
61743,EDAS
61744,EDAS
61745,EDAS
61747,EDAS
61748,EDAS
61749,EDAS
61750,EDAS
61751,DAS
61752,EDAS
61753,EDAS
61754,EDAS
61755,DAS
61756,EDAS
61758,EDAS
61759,EDAS
61760,EDAS
61764,DAS
61769,EDAS
61770,EDAS
61771,EDAS
61772,EDAS
61773,EDAS
61774,EDAS
61775,EDAS
61776,EDAS
61777,EDAS
61778,EDAS
61810,EDAS
61811,EDAS
61812,EDAS
61813,EDAS
61814,EDAS
61815,DAS
61816,EDAS
61817,EDAS
61818,EDAS
61830,EDAS
61831,EDAS
61834,DAS
61839,EDAS
61840,EDAS
61841,EDAS
61842,EDAS
61843,EDAS
61844,EDAS
61845,EDAS
61846,EDAS
61847,DAS
61848,DAS
61849,EDAS
61850,EDAS
61851,DAS
61852,EDAS
61854,EDAS
61855,DAS
61856,DAS
61857,DAS
61858,DAS
61859,EDAS
61862,EDAS
61863,EDAS
61864,DAS
61865,EDAS
61870,EDAS
61871,EDAS
61872,EDAS
61873,DAS
61875,EDAS
61876,EDAS
61877,DAS
61878,EDAS
61880,DAS
61882,EDAS
61883,DAS
61884,DAS
61910,EDAS
61911,DAS
61912,EDAS
61913,EDAS
61914,EDAS
61917,EDAS
61919,EDAS
61920,DAS
61924,EDAS
61925,EDAS
61928,EDAS
61929,EDAS
61930,EDAS
61931,EDAS
61932,EDAS
61933,EDAS
61936,DAS
61937,EDAS
61938,DAS
61940,EDAS
61941,DAS
61942,EDAS
61943,EDAS
61944,DAS
61949,EDAS
61951,EDAS
61953,DAS
61955,DAS
61956,DAS
61957,EDAS
62001,REMOTE
62006,EDAS
62009,DAS
62011,EDAS
62012,EDAS
62013,EDAS
62014,EDAS
62015,EDAS
62016,EDAS
62017,EDAS
62019,EDAS
62021,EDAS
62022,EDAS
62023,DAS
62027,EDAS
62028,EDAS
62030,DAS
62031,EDAS
62032,EDAS
62033,EDAS
62035,DAS
62036,EDAS
62037,REMOTE
62044,EDAS
62045,EDAS
62046,DAS
62047,EDAS
62048,DAS
62049,EDAS
62050,EDAS
62051,EDAS
62052,EDAS
62053,REMOTE
62054,EDAS
62056,EDAS
62058,DAS
62061,EDAS
62063,EDAS
62065,EDAS
62067,DAS
62069,DAS
62070,EDAS
62074,REMOTE
62075,EDAS
62076,EDAS
62078,EDAS
62079,EDAS
62080,EDAS
62081,EDAS
62082,EDAS
62083,EDAS
62084,DAS
62085,DAS
62086,EDAS
62087,DAS
62088,DAS
62089,DAS
62090,DAS
62091,EDAS
62092,EDAS
62093,DAS
62094,EDAS
62097,EDAS
62098,EDAS
62201,DAS
62202,DAS
62203,DAS
62204,DAS
62214,EDAS
62215,DAS
62216,DAS
62217,EDAS
62218,EDAS
62219,DAS
62224,DAS
62230,DAS
62231,EDAS
62232,DAS
62233,DAS
62236,DAS
62237,EDAS
62238,EDAS
62240,DAS
62241,EDAS
62242,EDAS
62243,DAS
62244,EDAS
62245,EDAS
62246,DAS
62249,DAS
62250,DAS
62252,EDAS
62253,EDAS
62254,DAS
62255,EDAS
62256,DAS
62257,EDAS
62258,DAS
62259,DAS
62260,DAS
62261,EDAS
62262,REMOTE
62263,EDAS
62264,DAS
62265,DAS
62266,EDAS
62268,EDAS
62271,EDAS
62272,EDAS
62273,EDAS
62274,EDAS
62275,EDAS
62277,EDAS
62278,DAS
62279,DAS
62280,REMOTE
62281,EDAS
62282,DAS
62283,EDAS
62284,EDAS
62285,DAS
62286,DAS
62288,EDAS
62289,DAS
62292,DAS
62293,DAS
62295,DAS
62297,EDAS
62298,DAS
62311,EDAS
62312,EDAS
62313,EDAS
62314,EDAS
62316,EDAS
62318,EDAS
62319,EDAS
62320,EDAS
62321,EDAS
62323,REMOTE
62324,EDAS
62325,EDAS
62326,EDAS
62329,EDAS
62330,EDAS
62334,DAS
62336,EDAS
62338,EDAS
62339,EDAS
62340,EDAS
62341,EDAS
62343,EDAS
62344,REMOTE
62345,EDAS
62346,EDAS
62347,EDAS
62348,EDAS
62349,EDAS
62351,EDAS
62352,DAS
62353,EDAS
62354,EDAS
62355,REMOTE
62356,EDAS
62357,EDAS
62358,EDAS
62359,DAS
62360,EDAS
62361,EDAS
62362,DAS
62363,EDAS
62365,EDAS
62366,EDAS
62367,EDAS
62370,EDAS
62373,EDAS
62374,EDAS
62375,EDAS
62376,EDAS
62378,EDAS
62379,EDAS
62380,EDAS
62410,EDAS
62411,EDAS
62413,EDAS
62414,EDAS
62417,EDAS
62418,EDAS
62419,EDAS
62420,EDAS
62421,EDAS
62422,EDAS
62423,EDAS
62424,EDAS
62425,EDAS
62426,EDAS
62427,EDAS
62428,EDAS
62431,EDAS
62432,EDAS
62433,EDAS
62434,EDAS
62436,EDAS
62438,EDAS
62439,EDAS
62440,EDAS
62441,EDAS
62442,EDAS
62443,REMOTE
62444,EDAS
62445,EDAS
62446,EDAS
62447,EDAS
62448,EDAS
62449,EDAS
62450,DAS
62451,EDAS
62452,EDAS
62454,DAS
62458,DAS
62459,DAS
62460,REMOTE
62461,EDAS
62462,EDAS
62463,EDAS
62464,DAS
62465,EDAS
62466,EDAS
62467,DAS
62468,EDAS
62469,EDAS
62471,DAS
62473,EDAS
62474,EDAS
62475,EDAS
62476,EDAS
62477,EDAS
62478,EDAS
62479,EDAS
62480,EDAS
62481,DAS
62501,EDAS
62510,EDAS
62512,EDAS
62513,REMOTE
62514,EDAS
62515,EDAS
62517,DAS
62518,EDAS
62519,DAS
62520,EDAS
62522,DAS
62523,DAS
62525,DAS
62530,EDAS
62531,REMOTE
62532,DAS
62533,EDAS
62534,EDAS
62536,EDAS
62537,DAS
62538,REMOTE
62539,EDAS
62540,DAS
62541,DAS
62543,EDAS
62544,EDAS
62545,EDAS
62546,REMOTE
62547,EDAS
62548,EDAS
62549,DAS
62550,EDAS
62551,EDAS
62552,EDAS
62553,REMOTE
62554,DAS
62555,EDAS
62556,EDAS
62557,EDAS
62558,EDAS
62560,EDAS
62561,DAS
62563,DAS
62565,EDAS
62567,EDAS
62568,DAS
62571,EDAS
62572,EDAS
62573,EDAS
62601,EDAS
62610,EDAS
62611,EDAS
62612,EDAS
62613,EDAS
62615,DAS
62617,EDAS
62618,EDAS
62621,EDAS
62622,DAS
62624,EDAS
62625,EDAS
62626,EDAS
62627,EDAS
62628,EDAS
62630,EDAS
62631,EDAS
62633,EDAS
62634,EDAS
62635,EDAS
62638,EDAS
62639,EDAS
62640,EDAS
62642,EDAS
62643,EDAS
62644,EDAS
62649,EDAS
62650,DAS
62651,DAS
62655,EDAS
62656,DAS
62659,EDAS
62661,EDAS
62662,EDAS
62663,EDAS
62664,EDAS
62665,EDAS
62666,EDAS
62667,EDAS
62668,EDAS
62670,EDAS
62671,EDAS
62672,EDAS
62673,EDAS
62674,EDAS
62675,EDAS
62677,EDAS
62681,EDAS
62682,EDAS
62683,DAS
62685,EDAS
62686,EDAS
62688,EDAS
62690,DAS
62691,EDAS
62692,REMOTE
62693,DAS
62694,EDAS
62801,DAS
62803,EDAS
62805,EDAS
62806,EDAS
62807,EDAS
62808,EDAS
62809,EDAS
62810,EDAS
62811,EDAS
62812,DAS
62814,EDAS
62815,EDAS
62816,EDAS
62817,EDAS
62818,EDAS
62819,DAS
62820,EDAS
62821,EDAS
62822,DAS
62823,EDAS
62824,EDAS
62825,DAS
62827,EDAS
62828,EDAS
62830,EDAS
62831,EDAS
62832,EDAS
62833,REMOTE
62835,EDAS
62836,EDAS
62837,EDAS
62838,EDAS
62841,DAS
62842,EDAS
62843,REMOTE
62844,EDAS
62845,EDAS
62846,DAS
62847,EDAS
62848,DAS
62849,REMOTE
62850,EDAS
62851,EDAS
62852,DAS
62853,EDAS
62854,EDAS
62855,EDAS
62857,EDAS
62858,EDAS
62859,EDAS
62860,EDAS
62861,REMOTE
62862,EDAS
62863,EDAS
62865,REMOTE
62866,EDAS
62867,EDAS
62868,EDAS
62869,EDAS
62870,EDAS
62871,EDAS
62872,EDAS
62874,DAS
62875,EDAS
62876,DAS
62877,EDAS
62878,EDAS
62880,EDAS
62881,DAS
62882,EDAS
62883,DAS
62884,EDAS
62885,EDAS
62886,EDAS
62887,EDAS
62888,REMOTE
62889,EDAS
62890,EDAS
62891,DAS
62892,EDAS
62893,EDAS
62894,EDAS
62895,EDAS
62896,DAS
62897,EDAS
62898,REMOTE
62899,EDAS
62902,DAS
62903,DAS
62905,EDAS
62906,DAS
62907,EDAS
62908,EDAS
62909,EDAS
62910,REMOTE
62912,EDAS
62914,EDAS
62916,EDAS
62917,EDAS
62918,DAS
62919,EDAS
62920,REMOTE
62922,REMOTE
62923,EDAS
62924,EDAS
62926,EDAS
62927,DAS
62928,REMOTE
62930,DAS
62931,REMOTE
62932,EDAS
62933,DAS
62934,EDAS
62935,EDAS
62938,REMOTE
62939,DAS
62940,REMOTE
62941,EDAS
62942,EDAS
62943,EDAS
62946,DAS
62947,REMOTE
62949,DAS
62950,EDAS
62951,DAS
62952,EDAS
62953,EDAS
62954,EDAS
62956,EDAS
62957,EDAS
62958,EDAS
62960,EDAS
62961,EDAS
62962,REMOTE
62963,EDAS
62964,EDAS
62965,DAS
62966,DAS
62967,EDAS
62969,EDAS
62970,EDAS
62972,EDAS
62974,EDAS
62975,EDAS
62976,EDAS
62977,EDAS
62979,EDAS
62982,EDAS
62983,EDAS
62984,EDAS
62985,EDAS
62987,EDAS
62988,EDAS
62990,EDAS
62991,EDAS
62992,EDAS
62994,EDAS
62995,EDAS
62996,EDAS
62997,EDAS
62998,EDAS
62999,DAS
63001,DAS
63012,DAS
63013,REMOTE
63014,EDAS
63015,EDAS
63016,DAS
63019,DAS
63020,EDAS
63023,EDAS
63025,DAS
63028,DAS
63030,REMOTE
63036,EDAS
63037,EDAS
63038,DAS
63039,DAS
63040,DAS
63041,EDAS
63047,DAS
63049,DAS
63050,EDAS
63051,DAS
63052,DAS
63055,EDAS
63056,REMOTE
63057,EDAS
63060,EDAS
63061,EDAS
63066,EDAS
63068,EDAS
63069,DAS
63071,REMOTE
63072,EDAS
63077,EDAS
63079,DAS
63080,DAS
63084,DAS
63087,EDAS
63089,DAS
63090,DAS
63091,EDAS
63330,EDAS
63332,EDAS
63333,EDAS
63334,EDAS
63336,EDAS
63339,EDAS
63341,DAS
63342,EDAS
63343,EDAS
63344,EDAS
63345,EDAS
63347,REMOTE
63348,DAS
63349,EDAS
63350,EDAS
63351,EDAS
63352,EDAS
63353,EDAS
63357,EDAS
63359,EDAS
63361,EDAS
63362,DAS
63363,REMOTE
63369,EDAS
63370,DAS
63373,EDAS
63377,EDAS
63378,EDAS
63379,DAS
63380,EDAS
63381,EDAS
63382,EDAS
63383,EDAS
63384,EDAS
63386,REMOTE
63387,DAS
63388,REMOTE
63389,DAS
63390,EDAS
63401,DAS
63430,EDAS
63431,EDAS
63432,EDAS
63433,REMOTE
63434,EDAS
63435,EDAS
63436,EDAS
63437,EDAS
63438,EDAS
63439,REMOTE
63440,EDAS
63441,EDAS
63442,DAS
63443,EDAS
63445,EDAS
63446,REMOTE
63447,EDAS
63448,EDAS
63450,REMOTE
63451,EDAS
63452,EDAS
63453,EDAS
63454,EDAS
63456,EDAS
63457,DAS
63458,EDAS
63459,EDAS
63460,EDAS
63461,EDAS
63462,EDAS
63463,EDAS
63464,EDAS
63465,EDAS
63466,EDAS
63467,DAS
63468,EDAS
63469,EDAS
63471,EDAS
63472,EDAS
63473,EDAS
63474,EDAS
63501,DAS
63530,EDAS
63531,EDAS
63532,EDAS
63533,EDAS
63534,EDAS
63535,EDAS
63536,EDAS
63537,EDAS
63538,EDAS
63539,EDAS
63540,DAS
63541,EDAS
63543,EDAS
63544,REMOTE
63545,EDAS
63546,EDAS
63547,EDAS
63548,EDAS
63549,EDAS
63551,EDAS
63552,EDAS
63555,EDAS
63556,EDAS
63557,REMOTE
63558,EDAS
63559,EDAS
63560,REMOTE
63561,EDAS
63563,DAS
63565,EDAS
63566,EDAS
63567,EDAS
63601,DAS
63620,REMOTE
63621,EDAS
63622,EDAS
63623,EDAS
63624,EDAS
63625,REMOTE
63626,EDAS
63627,EDAS
63628,EDAS
63629,REMOTE
63630,REMOTE
63631,EDAS
63633,REMOTE
63636,EDAS
63637,EDAS
63638,REMOTE
63640,DAS
63645,EDAS
63648,EDAS
63650,EDAS
63651,DAS
63653,EDAS
63654,EDAS
63655,REMOTE
63656,REMOTE
63660,EDAS
63662,REMOTE
63663,DAS
63664,EDAS
63665,REMOTE
63666,DAS
63670,EDAS
63673,EDAS
63674,REMOTE
63675,REMOTE
63730,EDAS
63732,EDAS
63735,EDAS
63736,EDAS
63738,EDAS
63739,EDAS
63740,EDAS
63742,DAS
63743,EDAS
63744,EDAS
63745,EDAS
63747,EDAS
63748,EDAS
63750,EDAS
63751,REMOTE
63753,EDAS
63755,DAS
63758,DAS
63760,EDAS
63763,REMOTE
63764,REMOTE
63766,EDAS
63767,EDAS
63769,EDAS
63770,EDAS
63771,EDAS
63774,EDAS
63775,DAS
63776,DAS
63779,DAS
63780,DAS
63781,REMOTE
63782,EDAS
63783,EDAS
63784,REMOTE
63785,EDAS
63787,REMOTE
63820,EDAS
63821,EDAS
63822,EDAS
63823,EDAS
63824,DAS
63825,EDAS
63826,DAS
63827,EDAS
63828,DAS
63829,EDAS
63830,EDAS
63833,REMOTE
63834,EDAS
63837,EDAS
63839,EDAS
63840,DAS
63841,DAS
63845,EDAS
63846,EDAS
63847,REMOTE
63848,EDAS
63849,DAS
63850,EDAS
63851,EDAS
63852,EDAS
63853,DAS
63855,EDAS
63857,DAS
63860,EDAS
63862,EDAS
63863,DAS
63866,DAS
63867,EDAS
63868,EDAS
63869,EDAS
63870,EDAS
63871,EDAS
63873,EDAS
63874,EDAS
63875,EDAS
63876,EDAS
63877,EDAS
63878,REMOTE
63879,EDAS
63880,DAS
63882,DAS
63901,DAS
63902,DAS
63931,EDAS
63932,EDAS
63933,EDAS
63934,EDAS
63935,EDAS
63936,REMOTE
63937,REMOTE
63939,EDAS
63940,EDAS
63941,REMOTE
63942,REMOTE
63943,EDAS
63944,REMOTE
63945,EDAS
63947,EDAS
63950,REMOTE
63951,REMOTE
63952,REMOTE
63953,EDAS
63954,REMOTE
63955,EDAS
63956,REMOTE
63957,REMOTE
63960,EDAS
63961,REMOTE
63963,EDAS
63964,REMOTE
63965,EDAS
63966,EDAS
63967,EDAS
64001,EDAS
64011,EDAS
64016,EDAS
64017,EDAS
64018,EDAS
64019,EDAS
64020,EDAS
64021,EDAS
64022,EDAS
64024,DAS
64034,DAS
64035,EDAS
64036,EDAS
64037,EDAS
64040,EDAS
64048,DAS
64056,DAS
64060,DAS
64061,EDAS
64062,EDAS
64066,DAS
64067,EDAS
64070,DAS
64071,EDAS
64074,EDAS
64075,DAS
64076,EDAS
64077,EDAS
64078,DAS
64079,DAS
64080,DAS
64084,EDAS
64085,EDAS
64088,EDAS
64089,DAS
64090,DAS
64093,DAS
64096,EDAS
64097,DAS
64098,EDAS
64136,DAS
64146,DAS
64149,DAS
64163,DAS
64164,EDAS
64165,DAS
64166,EDAS
64167,DAS
64401,EDAS
64402,REMOTE
64420,EDAS
64421,REMOTE
64422,EDAS
64423,EDAS
64424,EDAS
64426,EDAS
64427,EDAS
64428,EDAS
64429,DAS
64430,EDAS
64431,EDAS
64432,DAS
64433,EDAS
64434,EDAS
64436,EDAS
64437,REMOTE
64438,EDAS
64439,EDAS
64440,EDAS
64441,REMOTE
64442,EDAS
64443,EDAS
64444,EDAS
64445,EDAS
64446,EDAS
64448,EDAS
64449,EDAS
64451,EDAS
64453,EDAS
64454,EDAS
64455,EDAS
64456,REMOTE
64457,REMOTE
64458,EDAS
64459,EDAS
64461,EDAS
64463,EDAS
64465,EDAS
64466,EDAS
64467,EDAS
64468,DAS
64469,EDAS
64470,EDAS
64471,EDAS
64473,EDAS
64474,EDAS
64475,EDAS
64476,EDAS
64477,EDAS
64479,EDAS
64480,EDAS
64481,REMOTE
64482,EDAS
64483,EDAS
64484,EDAS
64485,DAS
64486,EDAS
64487,REMOTE
64489,EDAS
64490,EDAS
64491,REMOTE
64492,EDAS
64493,EDAS
64494,EDAS
64496,EDAS
64497,EDAS
64498,REMOTE
64499,REMOTE
64504,DAS
64505,DAS
64601,DAS
64620,EDAS
64622,EDAS
64623,EDAS
64624,EDAS
64625,EDAS
64628,DAS
64630,EDAS
64631,EDAS
64632,EDAS
64633,EDAS
64635,EDAS
64636,EDAS
64637,EDAS
64638,EDAS
64639,EDAS
64640,EDAS
64641,EDAS
64642,EDAS
64643,EDAS
64644,EDAS
64645,EDAS
64646,REMOTE
64647,EDAS
64648,EDAS
64649,EDAS
64650,EDAS
64651,EDAS
64652,EDAS
64653,EDAS
64654,EDAS
64655,EDAS
64656,EDAS
64657,EDAS
64658,DAS
64659,EDAS
64660,EDAS
64661,EDAS
64664,EDAS
64667,REMOTE
64668,EDAS
64670,EDAS
64671,EDAS
64672,REMOTE
64673,EDAS
64674,EDAS
64676,EDAS
64679,EDAS
64680,EDAS
64681,EDAS
64682,EDAS
64683,EDAS
64686,EDAS
64688,EDAS
64689,EDAS
64701,DAS
64720,EDAS
64722,EDAS
64723,EDAS
64724,EDAS
64725,EDAS
64726,EDAS
64728,EDAS
64730,EDAS
64733,EDAS
64734,EDAS
64735,DAS
64738,EDAS
64739,EDAS
64740,REMOTE
64741,EDAS
64742,EDAS
64743,DAS
64744,EDAS
64745,EDAS
64746,EDAS
64747,EDAS
64748,EDAS
64750,EDAS
64751,EDAS
64752,EDAS
64755,EDAS
64756,REMOTE
64759,EDAS
64761,EDAS
64762,EDAS
64763,EDAS
64765,DAS
64767,EDAS
64769,EDAS
64770,EDAS
64771,EDAS
64772,DAS
64776,EDAS
64778,EDAS
64779,EDAS
64780,EDAS
64781,EDAS
64783,EDAS
64784,EDAS
64788,REMOTE
64790,EDAS
64830,DAS
64831,EDAS
64832,EDAS
64833,EDAS
64834,DAS
64836,DAS
64840,DAS
64842,EDAS
64843,EDAS
64844,EDAS
64847,EDAS
64848,EDAS
64849,DAS
64850,DAS
64853,EDAS
64854,EDAS
64855,EDAS
64856,EDAS
64859,EDAS
64861,EDAS
64862,EDAS
64863,EDAS
64865,EDAS
64866,REMOTE
64867,EDAS
64868,REMOTE
64873,EDAS
64874,DAS
65001,EDAS
65010,DAS
65011,REMOTE
65013,EDAS
65014,REMOTE
65016,EDAS
65017,REMOTE
65018,EDAS
65020,DAS
65023,EDAS
65024,EDAS
65025,EDAS
65026,DAS
65032,EDAS
65034,EDAS
65035,EDAS
65036,EDAS
65037,EDAS
65038,EDAS
65039,EDAS
65040,EDAS
65041,EDAS
65042,EDAS
65043,DAS
65046,EDAS
65047,EDAS
65048,EDAS
65049,DAS
65050,REMOTE
65051,EDAS
65052,EDAS
65053,EDAS
65054,EDAS
65055,EDAS
65058,REMOTE
65059,EDAS
65061,REMOTE
65062,EDAS
65063,EDAS
65064,REMOTE
65066,EDAS
65067,REMOTE
65068,REMOTE
65069,EDAS
65072,EDAS
65074,EDAS
65075,EDAS
65076,EDAS
65077,REMOTE
65078,REMOTE
65079,EDAS
65080,EDAS
65081,EDAS
65082,EDAS
65083,EDAS
65084,EDAS
65085,EDAS
65230,EDAS
65231,EDAS
65232,EDAS
65233,DAS
65236,EDAS
65237,REMOTE
65239,EDAS
65240,EDAS
65243,DAS
65244,REMOTE
65246,EDAS
65247,EDAS
65248,EDAS
65250,EDAS
65251,DAS
65254,EDAS
65255,DAS
65256,EDAS
65257,EDAS
65258,EDAS
65259,EDAS
65260,EDAS
65261,EDAS
65262,EDAS
65263,EDAS
65264,EDAS
65265,DAS
65270,DAS
65274,EDAS
65275,EDAS
65276,EDAS
65279,EDAS
65280,EDAS
65281,EDAS
65282,EDAS
65283,REMOTE
65284,EDAS
65285,REMOTE
65286,EDAS
65287,EDAS
65305,DAS
65320,DAS
65321,EDAS
65322,EDAS
65323,REMOTE
65324,REMOTE
65325,EDAS
65326,EDAS
65327,EDAS
65329,EDAS
65330,EDAS
65332,EDAS
65333,EDAS
65334,EDAS
65335,EDAS
65336,EDAS
65337,EDAS
65338,EDAS
65339,REMOTE
65340,DAS
65344,EDAS
65345,EDAS
65347,EDAS
65348,EDAS
65349,EDAS
65350,EDAS
65351,EDAS
65354,EDAS
65355,EDAS
65360,EDAS
65401,DAS
65409,DAS
65433,EDAS
65436,REMOTE
65438,REMOTE
65439,REMOTE
65440,REMOTE
65441,REMOTE
65443,REMOTE
65444,EDAS
65446,EDAS
65449,REMOTE
65452,REMOTE
65453,DAS
65456,EDAS
65457,EDAS
65459,EDAS
65461,REMOTE
65462,EDAS
65463,REMOTE
65464,EDAS
65466,EDAS
65468,DAS
65470,REMOTE
65473,EDAS
65479,REMOTE
65483,EDAS
65484,EDAS
65486,REMOTE
65501,REMOTE
65529,REMOTE
65532,REMOTE
65534,EDAS
65535,EDAS
65536,DAS
65540,EDAS
65541,EDAS
65542,EDAS
65543,EDAS
65548,EDAS
65550,REMOTE
65552,EDAS
65555,EDAS
65556,REMOTE
65557,EDAS
65559,DAS
65560,EDAS
65564,REMOTE
65565,REMOTE
65566,EDAS
65567,EDAS
65570,EDAS
65571,EDAS
65580,EDAS
65582,EDAS
65583,DAS
65584,EDAS
65586,REMOTE
65588,EDAS
65589,EDAS
65590,REMOTE
65591,EDAS
65601,EDAS
65603,REMOTE
65604,EDAS
65605,EDAS
65606,EDAS
65608,EDAS
65609,EDAS
65610,DAS
65611,EDAS
65612,EDAS
65613,DAS
65614,EDAS
65617,EDAS
65618,EDAS
65620,EDAS
65622,EDAS
65623,EDAS
65624,EDAS
65625,REMOTE
65626,EDAS
65627,EDAS
65629,EDAS
65630,DAS
65631,DAS
65632,REMOTE
65633,EDAS
65634,REMOTE
65635,REMOTE
65636,DAS
65637,REMOTE
65638,REMOTE
65640,EDAS
65641,REMOTE
65644,EDAS
65646,REMOTE
65647,REMOTE
65648,EDAS
65649,EDAS
65650,EDAS
65652,EDAS
65653,EDAS
65654,DAS
65655,REMOTE
65656,EDAS
65657,REMOTE
65658,EDAS
65659,EDAS
65660,EDAS
65661,EDAS
65662,EDAS
65663,REMOTE
65664,DAS
65666,EDAS
65667,REMOTE
65668,EDAS
65669,EDAS
65672,DAS
65673,DAS
65674,EDAS
65675,DAS
65676,REMOTE
65679,EDAS
65680,EDAS
65681,EDAS
65682,EDAS
65685,REMOTE
65686,DAS
65688,DAS
65689,EDAS
65690,REMOTE
65692,REMOTE
65701,EDAS
65702,REMOTE
65704,REMOTE
65705,EDAS
65706,DAS
65707,REMOTE
65708,EDAS
65710,EDAS
65711,EDAS
65712,DAS
65713,REMOTE
65715,EDAS
65717,REMOTE
65720,EDAS
65721,DAS
65722,EDAS
65723,REMOTE
65724,EDAS
65725,EDAS
65726,DAS
65727,REMOTE
65728,EDAS
65729,EDAS
65730,EDAS
65731,EDAS
65732,EDAS
65733,EDAS
65734,REMOTE
65735,REMOTE
65737,EDAS
65739,DAS
65740,EDAS
65741,DAS
65742,DAS
65744,REMOTE
65745,REMOTE
65746,EDAS
65747,REMOTE
65752,EDAS
65753,EDAS
65754,EDAS
65755,EDAS
65756,EDAS
65757,DAS
65759,EDAS
65760,EDAS
65761,REMOTE
65762,REMOTE
65764,EDAS
65766,EDAS
65767,EDAS
65768,REMOTE
65769,REMOTE
65770,EDAS
65771,EDAS
65772,REMOTE
65773,EDAS
65774,EDAS
65775,EDAS
65776,EDAS
65777,EDAS
65778,REMOTE
65779,REMOTE
65781,EDAS
65783,REMOTE
65784,REMOTE
65785,EDAS
65786,EDAS
65787,REMOTE
65788,EDAS
65789,REMOTE
65790,EDAS
65791,EDAS
65793,EDAS
66002,DAS
66006,DAS
66007,DAS
66008,EDAS
66010,EDAS
66013,DAS
66014,REMOTE
66015,EDAS
66016,EDAS
66017,EDAS
66020,EDAS
66021,EDAS
66023,EDAS
66025,DAS
66026,EDAS
66032,EDAS
66033,REMOTE
66035,EDAS
66039,REMOTE
66040,EDAS
66041,EDAS
66042,REMOTE
66047,DAS
66048,DAS
66050,EDAS
66052,EDAS
66053,EDAS
66054,EDAS
66056,EDAS
66058,EDAS
66060,EDAS
66064,EDAS
66066,EDAS
66067,DAS
66070,EDAS
66071,DAS
66072,EDAS
66073,EDAS
66075,EDAS
66076,EDAS
66078,EDAS
66079,EDAS
66080,EDAS
66083,DAS
66086,EDAS
66087,EDAS
66088,EDAS
66090,EDAS
66091,EDAS
66092,EDAS
66093,REMOTE
66094,EDAS
66095,EDAS
66097,EDAS
66113,DAS
66401,REMOTE
66402,DAS
66403,EDAS
66404,REMOTE
66406,REMOTE
66407,EDAS
66408,EDAS
66409,DAS
66411,EDAS
66412,REMOTE
66413,REMOTE
66414,EDAS
66415,EDAS
66416,EDAS
66417,EDAS
66418,EDAS
66419,EDAS
66422,EDAS
66423,EDAS
66424,EDAS
66425,EDAS
66427,EDAS
66428,EDAS
66429,EDAS
66431,EDAS
66432,EDAS
66434,DAS
66436,EDAS
66438,EDAS
66439,EDAS
66440,EDAS
66441,DAS
66449,EDAS
66450,EDAS
66451,EDAS
66501,EDAS
66503,DAS
66507,EDAS
66508,EDAS
66509,EDAS
66510,EDAS
66512,EDAS
66514,EDAS
66515,EDAS
66516,EDAS
66518,REMOTE
66520,EDAS
66521,EDAS
66522,EDAS
66523,EDAS
66524,EDAS
66526,EDAS
66527,REMOTE
66528,EDAS
66531,EDAS
66532,REMOTE
66533,EDAS
66534,EDAS
66535,EDAS
66536,DAS
66537,EDAS
66538,EDAS
66539,DAS
66540,EDAS
66541,EDAS
66542,DAS
66543,EDAS
66544,REMOTE
66546,EDAS
66547,DAS
66548,EDAS
66549,EDAS
66550,EDAS
66551,EDAS
66552,EDAS
66554,EDAS
66618,DAS
66630,EDAS
66701,EDAS
66710,REMOTE
66711,EDAS
66712,DAS
66713,EDAS
66714,REMOTE
66716,EDAS
66717,EDAS
66720,DAS
66724,EDAS
66725,EDAS
66727,EDAS
66728,DAS
66732,EDAS
66733,EDAS
66734,REMOTE
66735,EDAS
66736,EDAS
66738,EDAS
66739,EDAS
66740,EDAS
66741,EDAS
66742,DAS
66743,EDAS
66746,EDAS
66748,EDAS
66749,DAS
66751,REMOTE
66753,EDAS
66754,REMOTE
66755,REMOTE
66756,EDAS
66757,DAS
66758,EDAS
66759,DAS
66760,DAS
66761,EDAS
66763,DAS
66767,EDAS
66769,EDAS
66770,EDAS
66771,EDAS
66772,EDAS
66773,EDAS
66775,EDAS
66776,EDAS
66777,REMOTE
66778,EDAS
66779,EDAS
66780,EDAS
66781,EDAS
66782,DAS
66783,REMOTE
66801,DAS
66830,EDAS
66833,EDAS
66834,EDAS
66835,EDAS
66838,EDAS
66839,EDAS
66840,REMOTE
66842,EDAS
66843,EDAS
66845,EDAS
66846,EDAS
66849,EDAS
66850,REMOTE
66851,EDAS
66852,EDAS
66853,REMOTE
66854,EDAS
66856,EDAS
66857,EDAS
66858,EDAS
66859,EDAS
66860,EDAS
66861,EDAS
66862,EDAS
66863,REMOTE
66864,EDAS
66865,EDAS
66866,REMOTE
66868,EDAS
66869,EDAS
66870,REMOTE
66871,EDAS
66872,EDAS
66873,EDAS
66901,EDAS
66930,EDAS
66932,EDAS
66933,REMOTE
66935,EDAS
66936,EDAS
66937,EDAS
66938,EDAS
66939,EDAS
66940,EDAS
66941,EDAS
66942,REMOTE
66943,REMOTE
66944,EDAS
66945,EDAS
66946,REMOTE
66948,EDAS
66949,EDAS
66951,EDAS
66952,EDAS
66953,EDAS
66955,EDAS
66956,EDAS
66958,REMOTE
66959,REMOTE
66960,REMOTE
66961,EDAS
66962,EDAS
66963,REMOTE
66964,EDAS
66966,EDAS
66967,EDAS
66968,EDAS
66970,REMOTE
67001,EDAS
67003,EDAS
67004,EDAS
67005,DAS
67008,EDAS
67009,REMOTE
67010,DAS
67012,EDAS
67013,EDAS
67016,DAS
67017,EDAS
67018,REMOTE
67019,EDAS
67020,EDAS
67021,EDAS
67022,EDAS
67023,REMOTE
67024,EDAS
67025,EDAS
67026,EDAS
67028,REMOTE
67029,EDAS
67030,DAS
67031,EDAS
67035,EDAS
67036,REMOTE
67038,EDAS
67039,EDAS
67041,EDAS
67042,DAS
67045,EDAS
67047,EDAS
67049,REMOTE
67050,EDAS
67051,EDAS
67052,DAS
67053,EDAS
67054,EDAS
67056,EDAS
67057,REMOTE
67058,EDAS
67059,EDAS
67061,EDAS
67062,DAS
67063,EDAS
67065,EDAS
67066,EDAS
67067,DAS
67068,EDAS
67070,EDAS
67071,EDAS
67072,EDAS
67073,EDAS
67074,EDAS
67102,REMOTE
67103,EDAS
67104,EDAS
67105,EDAS
67106,EDAS
67107,DAS
67108,EDAS
67109,REMOTE
67110,DAS
67111,EDAS
67112,EDAS
67114,DAS
67118,EDAS
67119,EDAS
67120,EDAS
67122,REMOTE
67123,EDAS
67124,EDAS
67127,EDAS
67131,EDAS
67132,EDAS
67133,DAS
67134,EDAS
67135,EDAS
67137,REMOTE
67138,EDAS
67140,EDAS
67142,REMOTE
67143,EDAS
67144,EDAS
67146,EDAS
67147,DAS
67149,EDAS
67150,REMOTE
67151,EDAS
67152,DAS
67154,EDAS
67155,REMOTE
67156,DAS
67159,EDAS
67232,EDAS
67301,EDAS
67330,EDAS
67332,EDAS
67333,EDAS
67334,DAS
67335,EDAS
67336,EDAS
67337,DAS
67340,DAS
67341,EDAS
67342,EDAS
67344,REMOTE
67345,REMOTE
67346,EDAS
67347,EDAS
67349,EDAS
67351,EDAS
67352,EDAS
67353,EDAS
67354,EDAS
67355,REMOTE
67356,EDAS
67357,DAS
67360,REMOTE
67361,EDAS
67363,EDAS
67364,EDAS
67410,EDAS
67416,EDAS
67417,EDAS
67418,EDAS
67420,EDAS
67422,EDAS
67423,REMOTE
67425,EDAS
67427,EDAS
67428,EDAS
67430,EDAS
67431,EDAS
67432,EDAS
67436,EDAS
67437,EDAS
67438,EDAS
67439,EDAS
67441,EDAS
67442,EDAS
67443,EDAS
67444,REMOTE
67445,EDAS
67446,EDAS
67447,REMOTE
67448,EDAS
67449,EDAS
67450,EDAS
67451,EDAS
67452,REMOTE
67454,EDAS
67455,EDAS
67456,EDAS
67457,EDAS
67458,EDAS
67459,EDAS
67460,DAS
67464,EDAS
67466,EDAS
67467,EDAS
67468,EDAS
67470,EDAS
67473,EDAS
67474,EDAS
67475,EDAS
67476,DAS
67478,EDAS
67480,EDAS
67481,REMOTE
67482,DAS
67483,EDAS
67484,REMOTE
67485,EDAS
67487,EDAS
67490,EDAS
67491,EDAS
67492,EDAS
67501,DAS
67505,DAS
67510,EDAS
67511,REMOTE
67512,EDAS
67513,REMOTE
67514,EDAS
67515,REMOTE
67516,EDAS
67518,REMOTE
67519,REMOTE
67520,EDAS
67521,EDAS
67522,EDAS
67523,EDAS
67524,EDAS
67525,EDAS
67526,EDAS
67529,EDAS
67530,EDAS
67543,EDAS
67544,EDAS
67545,EDAS
67546,EDAS
67547,EDAS
67548,EDAS
67550,EDAS
67552,EDAS
67553,DAS
67554,EDAS
67556,EDAS
67557,EDAS
67559,REMOTE
67560,EDAS
67561,EDAS
67563,EDAS
67564,EDAS
67565,EDAS
67566,EDAS
67567,EDAS
67568,REMOTE
67570,EDAS
67572,EDAS
67573,REMOTE
67574,EDAS
67575,EDAS
67576,EDAS
67578,EDAS
67579,EDAS
67581,REMOTE
67583,EDAS
67584,EDAS
67585,DAS
67621,EDAS
67622,EDAS
67623,REMOTE
67625,EDAS
67626,EDAS
67627,EDAS
67628,REMOTE
67629,EDAS
67631,REMOTE
67632,EDAS
67634,REMOTE
67635,REMOTE
67637,EDAS
67638,EDAS
67639,EDAS
67640,EDAS
67642,EDAS
67643,REMOTE
67644,EDAS
67645,REMOTE
67646,REMOTE
67647,EDAS
67648,EDAS
67649,EDAS
67650,REMOTE
67651,EDAS
67653,REMOTE
67654,REMOTE
67656,EDAS
67657,EDAS
67658,REMOTE
67659,EDAS
67660,DAS
67661,EDAS
67663,EDAS
67664,REMOTE
67665,DAS
67667,EDAS
67669,EDAS
67671,REMOTE
67672,EDAS
67673,REMOTE
67674,DAS
67675,REMOTE
67701,EDAS
67730,EDAS
67731,EDAS
67732,EDAS
67733,EDAS
67734,EDAS
67735,REMOTE
67736,REMOTE
67737,EDAS
67738,EDAS
67739,EDAS
67740,EDAS
67741,REMOTE
67743,EDAS
67744,REMOTE
67745,EDAS
67747,EDAS
67748,EDAS
67749,EDAS
67751,EDAS
67752,EDAS
67753,EDAS
67756,EDAS
67757,EDAS
67758,EDAS
67761,REMOTE
67762,REMOTE
67764,REMOTE
67831,REMOTE
67834,EDAS
67835,EDAS
67836,REMOTE
67837,EDAS
67838,EDAS
67839,REMOTE
67840,REMOTE
67841,REMOTE
67842,REMOTE
67843,DAS
67844,REMOTE
67846,DAS
67849,EDAS
67850,REMOTE
67851,DAS
67853,REMOTE
67854,EDAS
67855,EDAS
67857,REMOTE
67859,EDAS
67860,EDAS
67861,EDAS
67862,REMOTE
67863,REMOTE
67864,EDAS
67865,EDAS
67867,EDAS
67868,REMOTE
67869,EDAS
67870,REMOTE
67871,EDAS
67876,EDAS
67877,EDAS
67878,EDAS
67879,REMOTE
67880,REMOTE
67882,EDAS
67901,DAS
67905,DAS
67950,EDAS
67951,EDAS
67952,EDAS
67953,REMOTE
67954,REMOTE
68001,DAS
68002,EDAS
68003,EDAS
68004,EDAS
68008,DAS
68014,EDAS
68015,EDAS
68016,EDAS
68017,EDAS
68018,EDAS
68019,REMOTE
68020,EDAS
68023,DAS
68025,DAS
68026,DAS
68029,REMOTE
68030,EDAS
68031,EDAS
68033,EDAS
68034,EDAS
68035,EDAS
68036,EDAS
68037,EDAS
68038,EDAS
68039,EDAS
68040,EDAS
68041,DAS
68042,EDAS
68044,EDAS
68045,EDAS
68047,EDAS
68048,EDAS
68050,EDAS
68054,EDAS
68055,REMOTE
68057,EDAS
68058,EDAS
68059,DAS
68061,EDAS
68062,EDAS
68063,DAS
68064,DAS
68065,EDAS
68066,EDAS
68067,EDAS
68068,DAS
68069,DAS
68070,EDAS
68071,EDAS
68072,DAS
68073,EDAS
68301,EDAS
68303,EDAS
68304,EDAS
68305,EDAS
68307,EDAS
68309,DAS
68310,DAS
68313,EDAS
68314,EDAS
68315,EDAS
68316,EDAS
68317,EDAS
68318,EDAS
68319,EDAS
68320,EDAS
68321,EDAS
68322,EDAS
68323,EDAS
68324,EDAS
68325,EDAS
68326,EDAS
68327,EDAS
68328,EDAS
68329,EDAS
68330,REMOTE
68331,EDAS
68332,EDAS
68333,DAS
68335,EDAS
68336,EDAS
68337,EDAS
68338,EDAS
68339,EDAS
68340,EDAS
68341,EDAS
68342,EDAS
68343,EDAS
68344,EDAS
68345,EDAS
68346,EDAS
68347,EDAS
68348,EDAS
68349,EDAS
68350,EDAS
68351,EDAS
68352,EDAS
68354,EDAS
68355,EDAS
68357,EDAS
68358,EDAS
68359,EDAS
68360,EDAS
68361,EDAS
68362,DAS
68364,EDAS
68365,EDAS
68366,DAS
68367,EDAS
68368,EDAS
68370,EDAS
68371,EDAS
68372,EDAS
68374,EDAS
68375,DAS
68376,EDAS
68377,EDAS
68378,EDAS
68379,DAS
68380,EDAS
68381,REMOTE
68382,EDAS
68401,EDAS
68402,EDAS
68403,EDAS
68404,EDAS
68405,EDAS
68406,EDAS
68407,EDAS
68409,EDAS
68410,EDAS
68413,EDAS
68414,EDAS
68415,EDAS
68416,EDAS
68417,EDAS
68418,EDAS
68419,EDAS
68420,EDAS
68421,EDAS
68422,EDAS
68423,EDAS
68424,EDAS
68428,EDAS
68429,REMOTE
68430,DAS
68431,EDAS
68433,EDAS
68434,DAS
68436,EDAS
68437,EDAS
68438,EDAS
68439,EDAS
68440,EDAS
68441,EDAS
68442,EDAS
68443,EDAS
68444,REMOTE
68445,EDAS
68446,EDAS
68447,EDAS
68448,EDAS
68450,EDAS
68452,DAS
68453,EDAS
68454,EDAS
68455,EDAS
68456,EDAS
68457,EDAS
68458,EDAS
68460,EDAS
68461,EDAS
68462,DAS
68463,EDAS
68464,EDAS
68465,EDAS
68466,EDAS
68467,DAS
68514,DAS
68523,DAS
68527,DAS
68531,DAS
68532,DAS
68601,DAS
68602,DAS
68620,EDAS
68621,REMOTE
68622,EDAS
68623,EDAS
68624,EDAS
68626,EDAS
68627,EDAS
68628,EDAS
68629,EDAS
68631,REMOTE
68632,EDAS
68633,EDAS
68634,EDAS
68635,EDAS
68636,EDAS
68637,REMOTE
68638,EDAS
68640,EDAS
68641,EDAS
68642,EDAS
68643,EDAS
68644,EDAS
68647,EDAS
68648,EDAS
68649,EDAS
68651,EDAS
68652,EDAS
68653,EDAS
68654,EDAS
68655,EDAS
68658,EDAS
68659,REMOTE
68660,EDAS
68661,DAS
68662,EDAS
68663,EDAS
68665,EDAS
68666,EDAS
68667,EDAS
68669,EDAS
68701,DAS
68710,EDAS
68711,EDAS
68713,EDAS
68714,REMOTE
68715,EDAS
68716,EDAS
68717,EDAS
68718,EDAS
68719,REMOTE
68720,EDAS
68722,EDAS
68723,EDAS
68724,EDAS
68725,EDAS
68726,REMOTE
68727,EDAS
68728,EDAS
68729,EDAS
68730,EDAS
68731,DAS
68732,EDAS
68733,EDAS
68734,EDAS
68735,REMOTE
68736,EDAS
68737,EDAS
68738,DAS
68739,EDAS
68740,EDAS
68741,EDAS
68742,REMOTE
68743,EDAS
68745,EDAS
68746,REMOTE
68747,EDAS
68748,EDAS
68749,EDAS
68751,DAS
68752,EDAS
68753,REMOTE
68755,EDAS
68756,EDAS
68757,EDAS
68758,EDAS
68759,REMOTE
68760,REMOTE
68761,EDAS
68763,EDAS
68764,EDAS
68765,EDAS
68766,EDAS
68767,EDAS
68768,EDAS
68769,EDAS
68770,EDAS
68771,EDAS
68772,EDAS
68773,EDAS
68774,REMOTE
68777,EDAS
68778,REMOTE
68779,EDAS
68780,EDAS
68781,EDAS
68783,EDAS
68784,EDAS
68785,EDAS
68786,EDAS
68787,EDAS
68788,EDAS
68789,EDAS
68790,EDAS
68791,EDAS
68792,EDAS
68803,DAS
68810,DAS
68812,EDAS
68813,REMOTE
68814,EDAS
68815,EDAS
68816,EDAS
68817,EDAS
68818,REMOTE
68819,EDAS
68820,EDAS
68821,REMOTE
68822,REMOTE
68823,REMOTE
68824,EDAS
68825,EDAS
68826,EDAS
68827,EDAS
68828,REMOTE
68831,EDAS
68832,EDAS
68833,REMOTE
68834,REMOTE
68835,EDAS
68836,EDAS
68837,EDAS
68838,EDAS
68840,DAS
68841,EDAS
68842,EDAS
68843,EDAS
68844,EDAS
68845,DAS
68846,EDAS
68847,DAS
68848,DAS
68850,EDAS
68852,EDAS
68853,EDAS
68854,EDAS
68855,REMOTE
68856,EDAS
68858,EDAS
68859,REMOTE
68860,REMOTE
68861,EDAS
68862,EDAS
68863,EDAS
68864,EDAS
68865,EDAS
68866,EDAS
68869,EDAS
68870,EDAS
68871,REMOTE
68872,EDAS
68873,EDAS
68874,EDAS
68875,EDAS
68876,EDAS
68878,EDAS
68879,REMOTE
68881,DAS
68882,EDAS
68883,EDAS
68901,DAS
68920,EDAS
68922,EDAS
68923,EDAS
68924,EDAS
68925,EDAS
68926,REMOTE
68927,EDAS
68928,EDAS
68929,EDAS
68930,EDAS
68932,EDAS
68933,EDAS
68934,REMOTE
68935,EDAS
68936,REMOTE
68937,EDAS
68938,EDAS
68939,EDAS
68940,EDAS
68941,EDAS
68942,EDAS
68943,REMOTE
68944,EDAS
68945,EDAS
68946,REMOTE
68947,EDAS
68948,REMOTE
68949,REMOTE
68950,EDAS
68952,EDAS
68954,EDAS
68955,EDAS
68956,EDAS
68957,EDAS
68958,EDAS
68959,EDAS
68960,EDAS
68961,EDAS
68963,EDAS
68964,EDAS
68966,EDAS
68967,EDAS
68969,DAS
68970,EDAS
68971,EDAS
68972,REMOTE
68973,EDAS
68974,EDAS
68975,EDAS
68976,EDAS
68977,REMOTE
68978,EDAS
68979,EDAS
68980,EDAS
68981,EDAS
68982,EDAS
69001,EDAS
69020,REMOTE
69021,EDAS
69022,EDAS
69023,REMOTE
69024,REMOTE
69025,EDAS
69026,REMOTE
69027,REMOTE
69028,EDAS
69029,EDAS
69030,REMOTE
69031,EDAS
69032,REMOTE
69033,EDAS
69034,REMOTE
69036,EDAS
69037,REMOTE
69038,REMOTE
69039,REMOTE
69040,REMOTE
69041,EDAS
69042,DAS
69043,EDAS
69044,REMOTE
69045,REMOTE
69046,REMOTE
69101,DAS
69120,EDAS
69121,REMOTE
69122,EDAS
69123,REMOTE
69125,EDAS
69127,REMOTE
69128,REMOTE
69129,EDAS
69130,REMOTE
69131,REMOTE
69132,REMOTE
69133,EDAS
69134,EDAS
69135,EDAS
69138,REMOTE
69140,REMOTE
69141,REMOTE
69142,REMOTE
69143,EDAS
69144,REMOTE
69145,EDAS
69146,EDAS
69147,REMOTE
69148,REMOTE
69149,REMOTE
69150,EDAS
69151,EDAS
69152,REMOTE
69153,EDAS
69154,EDAS
69155,REMOTE
69156,REMOTE
69157,REMOTE
69160,EDAS
69161,REMOTE
69162,EDAS
69163,REMOTE
69165,EDAS
69166,REMOTE
69167,REMOTE
69168,REMOTE
69169,REMOTE
69170,EDAS
69171,DAS
69190,EDAS
69201,REMOTE
69210,REMOTE
69211,REMOTE
69212,REMOTE
69214,REMOTE
69216,REMOTE
69217,EDAS
69218,REMOTE
69219,REMOTE
69220,REMOTE
69221,REMOTE
69301,REMOTE
69331,REMOTE
69333,EDAS
69334,EDAS
69335,REMOTE
69336,EDAS
69337,EDAS
69339,EDAS
69340,REMOTE
69341,EDAS
69343,REMOTE
69345,REMOTE
69346,REMOTE
69347,REMOTE
69348,EDAS
69349,EDAS
69350,REMOTE
69351,REMOTE
69352,EDAS
69353,EDAS
69354,REMOTE
69355,DAS
69356,EDAS
69357,DAS
69358,EDAS
69360,REMOTE
69361,DAS
69365,DAS
69366,REMOTE
69367,REMOTE
70030,DAS
70031,DAS
70036,EDAS
70038,DAS
70040,EDAS
70041,EDAS
70046,EDAS
70049,EDAS
70050,DAS
70051,DAS
70052,EDAS
70057,EDAS
70066,EDAS
70067,EDAS
70068,DAS
70070,DAS
70071,DAS
70076,DAS
70080,EDAS
70081,EDAS
70082,EDAS
70083,EDAS
70084,DAS
70085,EDAS
70086,EDAS
70090,EDAS
70091,EDAS
70092,DAS
70126,DAS
70301,DAS
70302,DAS
70310,DAS
70339,EDAS
70340,EDAS
70341,EDAS
70342,DAS
70343,DAS
70344,EDAS
70345,DAS
70346,EDAS
70352,EDAS
70353,EDAS
70354,EDAS
70355,EDAS
70356,EDAS
70357,EDAS
70358,EDAS
70359,DAS
70363,DAS
70364,DAS
70372,REMOTE
70373,EDAS
70374,DAS
70375,EDAS
70377,EDAS
70380,DAS
70381,DAS
70390,EDAS
70391,EDAS
70392,EDAS
70393,DAS
70394,DAS
70395,DAS
70397,EDAS
70420,DAS
70421,DAS
70422,DAS
70426,REMOTE
70427,DAS
70429,DAS
70431,EDAS
70435,DAS
70436,EDAS
70437,DAS
70438,EDAS
70441,REMOTE
70442,EDAS
70443,DAS
70444,EDAS
70445,DAS
70446,EDAS
70448,DAS
70449,EDAS
70450,REMOTE
70451,DAS
70452,DAS
70453,EDAS
70454,DAS
70455,DAS
70456,EDAS
70457,DAS
70462,EDAS
70463,EDAS
70464,DAS
70465,EDAS
70466,DAS
70467,EDAS
70510,DAS
70511,DAS
70512,EDAS
70513,EDAS
70514,EDAS
70515,EDAS
70516,EDAS
70517,DAS
70519,DAS
70521,EDAS
70522,REMOTE
70524,DAS
70525,DAS
70526,DAS
70528,DAS
70529,DAS
70531,EDAS
70532,REMOTE
70533,DAS
70534,EDAS
70535,DAS
70537,EDAS
70538,EDAS
70540,EDAS
70541,DAS
70542,EDAS
70543,EDAS
70544,EDAS
70546,DAS
70548,EDAS
70549,EDAS
70551,DAS
70552,EDAS
70554,EDAS
70555,DAS
70556,EDAS
70559,EDAS
70563,DAS
70569,REMOTE
70576,DAS
70577,EDAS
70578,DAS
70580,EDAS
70581,EDAS
70582,EDAS
70584,EDAS
70585,EDAS
70586,EDAS
70589,EDAS
70591,EDAS
70607,DAS
70611,DAS
70630,REMOTE
70631,REMOTE
70632,REMOTE
70633,EDAS
70634,DAS
70637,REMOTE
70638,EDAS
70639,EDAS
70640,DAS
70643,REMOTE
70644,EDAS
70645,EDAS
70646,DAS
70647,EDAS
70648,EDAS
70650,EDAS
70651,REMOTE
70652,REMOTE
70653,REMOTE
70654,EDAS
70655,EDAS
70656,REMOTE
70657,EDAS
70658,EDAS
70659,DAS
70660,EDAS
70661,EDAS
70662,EDAS
70665,DAS
70668,DAS
70704,DAS
70706,DAS
70711,DAS
70712,EDAS
70714,DAS
70715,EDAS
70717,EDAS
70720,EDAS
70721,DAS
70722,EDAS
70723,DAS
70725,EDAS
70729,EDAS
70730,EDAS
70732,EDAS
70733,DAS
70736,EDAS
70738,EDAS
70739,DAS
70740,EDAS
70743,DAS
70744,EDAS
70747,DAS
70748,EDAS
70749,EDAS
70750,EDAS
70752,EDAS
70753,EDAS
70754,DAS
70755,EDAS
70756,EDAS
70757,EDAS
70759,EDAS
70760,DAS
70761,EDAS
70762,EDAS
70763,DAS
70764,DAS
70765,DAS
70767,DAS
70770,DAS
70772,EDAS
70773,EDAS
70774,DAS
70775,EDAS
70776,DAS
70777,EDAS
70778,DAS
70780,DAS
70781,EDAS
70782,DAS
70783,EDAS
70784,EDAS
70785,DAS
70787,DAS
70788,EDAS
70789,EDAS
70791,DAS
70792,DAS
70807,DAS
71001,EDAS
71002,REMOTE
71003,REMOTE
71004,EDAS
71006,DAS
71007,EDAS
71008,EDAS
71016,REMOTE
71018,EDAS
71019,EDAS
71021,REMOTE
71023,EDAS
71024,EDAS
71027,EDAS
71028,EDAS
71029,EDAS
71030,EDAS
71031,REMOTE
71032,EDAS
71033,DAS
71034,EDAS
71037,DAS
71038,EDAS
71039,EDAS
71040,EDAS
71043,EDAS
71044,EDAS
71045,EDAS
71046,EDAS
71047,EDAS
71048,REMOTE
71049,EDAS
71051,EDAS
71052,EDAS
71055,DAS
71060,EDAS
71061,EDAS
71063,EDAS
71064,REMOTE
71065,EDAS
71066,DAS
71067,REMOTE
71068,EDAS
71069,EDAS
71070,REMOTE
71071,EDAS
71072,EDAS
71073,EDAS
71075,DAS
71078,EDAS
71079,EDAS
71080,DAS
71082,EDAS
71107,DAS
71119,DAS
71218,DAS
71219,EDAS
71220,DAS
71221,DAS
71222,EDAS
71223,REMOTE
71225,EDAS
71226,EDAS
71227,EDAS
71229,EDAS
71230,EDAS
71232,EDAS
71233,EDAS
71234,EDAS
71235,EDAS
71237,EDAS
71238,EDAS
71240,DAS
71241,DAS
71242,EDAS
71243,EDAS
71245,DAS
71247,DAS
71249,EDAS
71250,REMOTE
71251,EDAS
71253,REMOTE
71254,EDAS
71256,EDAS
71259,EDAS
71260,REMOTE
71261,EDAS
71263,EDAS
71264,REMOTE
71266,EDAS
71268,EDAS
71269,EDAS
71270,DAS
71272,DAS
71275,EDAS
71276,EDAS
71277,REMOTE
71279,REMOTE
71280,DAS
71282,EDAS
71284,EDAS
71286,EDAS
71295,EDAS
71316,EDAS
71320,DAS
71322,EDAS
71323,EDAS
71324,EDAS
71325,EDAS
71326,REMOTE
71327,EDAS
71328,EDAS
71329,DAS
71330,DAS
71331,EDAS
71333,EDAS
71334,EDAS
71336,EDAS
71339,EDAS
71340,REMOTE
71341,REMOTE
71342,EDAS
71343,REMOTE
71345,EDAS
71346,EDAS
71350,DAS
71351,DAS
71353,EDAS
71354,EDAS
71355,EDAS
71356,EDAS
71357,EDAS
71358,EDAS
71360,DAS
71362,EDAS
71366,EDAS
71367,EDAS
71368,EDAS
71369,EDAS
71371,EDAS
71373,EDAS
71375,REMOTE
71377,EDAS
71378,EDAS
71401,REMOTE
71403,REMOTE
71404,EDAS
71405,DAS
71406,REMOTE
71407,EDAS
71409,EDAS
71410,DAS
71411,EDAS
71414,REMOTE
71415,EDAS
71416,REMOTE
71417,EDAS
71418,EDAS
71419,REMOTE
71422,EDAS
71423,EDAS
71424,EDAS
71425,REMOTE
71426,EDAS
71427,EDAS
71428,REMOTE
71429,EDAS
71430,EDAS
71432,EDAS
71433,EDAS
71434,DAS
71435,EDAS
71438,EDAS
71439,REMOTE
71440,DAS
71441,EDAS
71446,EDAS
71447,EDAS
71449,EDAS
71450,REMOTE
71452,EDAS
71454,EDAS
71455,REMOTE
71456,EDAS
71457,DAS
71458,DAS
71459,DAS
71460,EDAS
71462,REMOTE
71463,DAS
71465,EDAS
71466,DAS
71467,EDAS
71468,REMOTE
71469,EDAS
71472,REMOTE
71473,REMOTE
71474,EDAS
71475,EDAS
71479,EDAS
71480,EDAS
71483,EDAS
71485,DAS
71486,EDAS
71496,EDAS
71497,DAS
71601,DAS
71602,DAS
71603,DAS
71611,DAS
71612,DAS
71613,DAS
71630,EDAS
71631,REMOTE
71635,DAS
71638,EDAS
71639,EDAS
71640,EDAS
71642,EDAS
71643,EDAS
71644,EDAS
71646,EDAS
71647,EDAS
71651,REMOTE
71652,REMOTE
71653,EDAS
71654,DAS
71655,DAS
71656,DAS
71657,DAS
71658,EDAS
71659,REMOTE
71660,EDAS
71661,EDAS
71662,EDAS
71663,EDAS
71665,EDAS
71666,DAS
71667,EDAS
71670,EDAS
71671,EDAS
71674,EDAS
71675,EDAS
71676,EDAS
71677,REMOTE
71678,EDAS
71701,DAS
71711,DAS
71720,EDAS
71721,REMOTE
71722,REMOTE
71724,EDAS
71725,EDAS
71726,REMOTE
71728,EDAS
71730,DAS
71740,EDAS
71742,EDAS
71743,EDAS
71744,EDAS
71745,DAS
71747,EDAS
71748,EDAS
71749,EDAS
71751,EDAS
71752,EDAS
71753,DAS
71758,EDAS
71759,DAS
71762,DAS
71763,EDAS
71764,REMOTE
71765,EDAS
71766,EDAS
71768,DAS
71770,EDAS
71772,EDAS
71801,DAS
71802,DAS
71820,EDAS
71822,EDAS
71823,EDAS
71825,EDAS
71826,EDAS
71827,REMOTE
71828,EDAS
71831,REMOTE
71832,EDAS
71833,REMOTE
71834,REMOTE
71835,EDAS
71836,REMOTE
71837,EDAS
71838,EDAS
71839,REMOTE
71841,REMOTE
71842,EDAS
71845,REMOTE
71846,REMOTE
71847,EDAS
71851,EDAS
71852,EDAS
71853,REMOTE
71855,EDAS
71857,EDAS
71858,REMOTE
71859,EDAS
71860,EDAS
71861,REMOTE
71862,EDAS
71864,DAS
71865,DAS
71866,EDAS
71909,DAS
71910,DAS
71920,EDAS
71921,EDAS
71922,DAS
71923,DAS
71929,EDAS
71933,EDAS
71935,REMOTE
71937,EDAS
71940,EDAS
71941,EDAS
71942,DAS
71943,DAS
71944,EDAS
71945,EDAS
71949,EDAS
71950,EDAS
71952,EDAS
71953,EDAS
71956,EDAS
71957,EDAS
71958,EDAS
71959,EDAS
71960,EDAS
71961,EDAS
71962,REMOTE
71964,DAS
71965,EDAS
71966,DAS
71968,EDAS
71969,REMOTE
71970,EDAS
71971,EDAS
71972,EDAS
71973,REMOTE
71998,DAS
71999,DAS
72001,REMOTE
72002,DAS
72003,REMOTE
72004,REMOTE
72005,EDAS
72006,EDAS
72007,DAS
72010,EDAS
72011,DAS
72012,DAS
72013,REMOTE
72014,REMOTE
72015,DAS
72016,EDAS
72017,EDAS
72019,DAS
72020,EDAS
72021,EDAS
72023,DAS
72024,EDAS
72025,EDAS
72026,REMOTE
72027,REMOTE
72028,EDAS
72029,EDAS
72030,REMOTE
72031,REMOTE
72036,EDAS
72037,DAS
72038,REMOTE
72039,EDAS
72040,EDAS
72041,EDAS
72042,EDAS
72043,DAS
72044,EDAS
72045,EDAS
72046,EDAS
72047,EDAS
72048,REMOTE
72051,REMOTE
72052,DAS
72055,EDAS
72057,EDAS
72058,DAS
72059,DAS
72060,EDAS
72061,DAS
72063,EDAS
72064,EDAS
72065,DAS
72067,EDAS
72068,DAS
72069,REMOTE
72070,EDAS
72072,REMOTE
72073,REMOTE
72074,EDAS
72075,REMOTE
72079,DAS
72080,REMOTE
72081,EDAS
72082,EDAS
72083,EDAS
72084,EDAS
72085,EDAS
72086,DAS
72087,EDAS
72088,EDAS
72101,EDAS
72102,EDAS
72104,DAS
72105,DAS
72106,DAS
72107,EDAS
72108,EDAS
72110,DAS
72111,EDAS
72112,EDAS
72121,REMOTE
72122,EDAS
72123,REMOTE
72125,EDAS
72126,EDAS
72127,EDAS
72128,EDAS
72129,EDAS
72130,EDAS
72131,EDAS
72132,EDAS
72133,EDAS
72134,EDAS
72135,EDAS
72136,EDAS
72137,EDAS
72139,DAS
72140,REMOTE
72141,REMOTE
72142,EDAS
72143,DAS
72149,DAS
72150,DAS
72152,REMOTE
72153,REMOTE
72156,EDAS
72157,EDAS
72160,DAS
72165,REMOTE
72166,REMOTE
72167,REMOTE
72168,REMOTE
72169,DAS
72170,EDAS
72173,DAS
72175,EDAS
72176,DAS
72179,EDAS
72180,DAS
72181,DAS
72182,EDAS
72301,DAS
72310,DAS
72311,DAS
72312,DAS
72313,EDAS
72315,DAS
72316,DAS
72320,EDAS
72321,DAS
72322,EDAS
72324,EDAS
72325,EDAS
72326,EDAS
72327,EDAS
72328,REMOTE
72330,EDAS
72331,EDAS
72332,EDAS
72333,EDAS
72335,DAS
72336,DAS
72338,EDAS
72339,DAS
72340,DAS
72341,DAS
72342,EDAS
72346,EDAS
72347,EDAS
72348,EDAS
72350,EDAS
72351,EDAS
72352,EDAS
72353,EDAS
72354,EDAS
72355,EDAS
72358,EDAS
72359,DAS
72360,EDAS
72364,DAS
72365,EDAS
72366,EDAS
72367,REMOTE
72368,REMOTE
72369,EDAS
72370,EDAS
72372,EDAS
72373,EDAS
72374,EDAS
72376,EDAS
72379,REMOTE
72383,EDAS
72384,EDAS
72386,EDAS
72387,DAS
72390,EDAS
72392,EDAS
72394,REMOTE
72395,EDAS
72396,DAS
72410,REMOTE
72411,DAS
72412,EDAS
72413,EDAS
72414,EDAS
72415,EDAS
72416,EDAS
72417,DAS
72419,EDAS
72421,REMOTE
72422,EDAS
72424,REMOTE
72425,REMOTE
72426,DAS
72427,DAS
72428,REMOTE
72429,EDAS
72430,EDAS
72431,EDAS
72432,EDAS
72433,EDAS
72434,EDAS
72435,EDAS
72436,EDAS
72437,EDAS
72438,EDAS
72439,DAS
72440,EDAS
72441,EDAS
72442,EDAS
72443,EDAS
72444,EDAS
72445,DAS
72447,EDAS
72449,EDAS
72450,EDAS
72453,EDAS
72454,EDAS
72455,EDAS
72456,EDAS
72457,EDAS
72458,EDAS
72459,REMOTE
72460,EDAS
72461,EDAS
72462,EDAS
72464,DAS
72465,REMOTE
72466,REMOTE
72467,EDAS
72469,EDAS
72470,EDAS
72471,EDAS
72472,DAS
72473,EDAS
72475,DAS
72476,DAS
72478,EDAS
72479,EDAS
72482,REMOTE
72501,DAS
72503,DAS
72512,REMOTE
72513,EDAS
72515,REMOTE
72517,REMOTE
72519,REMOTE
72520,EDAS
72521,EDAS
72522,EDAS
72523,EDAS
72524,EDAS
72525,EDAS
72526,DAS
72527,EDAS
72528,REMOTE
72529,EDAS
72530,REMOTE
72531,REMOTE
72532,EDAS
72533,REMOTE
72534,EDAS
72536,EDAS
72537,EDAS
72538,REMOTE
72539,EDAS
72540,EDAS
72542,REMOTE
72543,DAS
72544,EDAS
72546,REMOTE
72550,EDAS
72553,DAS
72554,EDAS
72555,EDAS
72556,EDAS
72560,REMOTE
72561,REMOTE
72562,EDAS
72564,EDAS
72565,EDAS
72566,REMOTE
72567,EDAS
72568,EDAS
72569,REMOTE
72571,EDAS
72572,EDAS
72573,EDAS
72575,EDAS
72576,EDAS
72577,EDAS
72578,REMOTE
72579,EDAS
72581,EDAS
72583,REMOTE
72584,REMOTE
72585,EDAS
72587,REMOTE
72601,DAS
72602,DAS
72610,EDAS
72611,EDAS
72613,DAS
72616,EDAS
72617,REMOTE
72619,EDAS
72623,EDAS
72624,REMOTE
72626,DAS
72628,REMOTE
72629,EDAS
72630,EDAS
72631,EDAS
72632,EDAS
72633,EDAS
72634,EDAS
72635,EDAS
72636,DAS
72638,EDAS
72639,REMOTE
72640,REMOTE
72641,REMOTE
72642,EDAS
72644,EDAS
72645,REMOTE
72648,REMOTE
72650,REMOTE
72651,DAS
72653,DAS
72654,DAS
72655,REMOTE
72657,EDAS
72658,EDAS
72660,EDAS
72661,EDAS
72662,EDAS
72663,REMOTE
72666,EDAS
72668,EDAS
72669,EDAS
72670,REMOTE
72672,EDAS
72675,REMOTE
72677,REMOTE
72679,EDAS
72680,REMOTE
72682,REMOTE
72683,REMOTE
72685,REMOTE
72686,REMOTE
72687,REMOTE
72715,DAS
72717,REMOTE
72721,EDAS
72722,DAS
72727,EDAS
72729,REMOTE
72732,EDAS
72733,EDAS
72734,DAS
72736,EDAS
72738,EDAS
72739,DAS
72740,EDAS
72742,REMOTE
72744,EDAS
72747,EDAS
72749,EDAS
72751,DAS
72752,REMOTE
72753,DAS
72760,REMOTE
72761,DAS
72768,EDAS
72769,EDAS
72773,EDAS
72774,EDAS
72776,REMOTE
72801,DAS
72802,DAS
72812,DAS
72820,DAS
72821,EDAS
72823,EDAS
72824,EDAS
72826,REMOTE
72827,EDAS
72828,EDAS
72830,DAS
72832,EDAS
72833,EDAS
72834,DAS
72835,EDAS
72837,EDAS
72838,EDAS
72839,REMOTE
72840,EDAS
72841,REMOTE
72842,EDAS
72843,EDAS
72845,EDAS
72846,EDAS
72847,EDAS
72851,REMOTE
72852,REMOTE
72853,EDAS
72854,REMOTE
72855,DAS
72856,REMOTE
72857,REMOTE
72858,DAS
72860,REMOTE
72863,EDAS
72865,DAS
72921,DAS
72924,EDAS
72926,REMOTE
72927,EDAS
72928,EDAS
72930,EDAS
72932,EDAS
72933,EDAS
72934,EDAS
72935,DAS
72936,DAS
72937,EDAS
72938,EDAS
72940,EDAS
72941,DAS
72943,EDAS
72944,EDAS
72945,EDAS
72946,EDAS
72947,EDAS
72948,EDAS
72949,EDAS
72950,EDAS
72951,DAS
72952,EDAS
72955,REMOTE
72958,EDAS
72959,REMOTE
73001,EDAS
73002,EDAS
73004,EDAS
73005,EDAS
73006,EDAS
73007,DAS
73009,EDAS
73010,EDAS
73011,EDAS
73014,REMOTE
73015,EDAS
73016,REMOTE
73017,EDAS
73018,DAS
73020,DAS
73021,EDAS
73022,DAS
73023,DAS
73024,EDAS
73025,DAS
73026,EDAS
73027,EDAS
73028,EDAS
73029,EDAS
73030,EDAS
73031,EDAS
73032,EDAS
73033,DAS
73036,DAS
73038,REMOTE
73040,REMOTE
73041,REMOTE
73042,REMOTE
73043,REMOTE
73044,EDAS
73045,EDAS
73047,EDAS
73048,DAS
73049,EDAS
73050,EDAS
73051,EDAS
73052,EDAS
73053,EDAS
73054,EDAS
73055,EDAS
73056,REMOTE
73057,EDAS
73058,REMOTE
73059,EDAS
73061,EDAS
73062,EDAS
73063,EDAS
73065,DAS
73067,REMOTE
73068,EDAS
73073,EDAS
73074,EDAS
73075,EDAS
73077,EDAS
73078,DAS
73079,REMOTE
73080,EDAS
73082,REMOTE
73084,DAS
73086,EDAS
73089,DAS
73090,EDAS
73092,EDAS
73093,DAS
73095,EDAS
73098,EDAS
73150,DAS
73151,DAS
73165,EDAS
73173,DAS
73401,DAS
73402,DAS
73425,DAS
73430,REMOTE
73432,EDAS
73433,REMOTE
73434,REMOTE
73435,REMOTE
73436,EDAS
73437,EDAS
73438,EDAS
73439,EDAS
73440,EDAS
73441,EDAS
73442,EDAS
73443,EDAS
73444,EDAS
73446,EDAS
73447,EDAS
73448,EDAS
73449,EDAS
73450,REMOTE
73453,EDAS
73455,EDAS
73456,REMOTE
73458,EDAS
73459,DAS
73460,EDAS
73461,REMOTE
73463,EDAS
73481,EDAS
73487,EDAS
73488,REMOTE
73491,DAS
73501,DAS
73502,DAS
73507,DAS
73520,DAS
73521,DAS
73522,DAS
73526,EDAS
73527,EDAS
73528,EDAS
73529,EDAS
73530,EDAS
73531,DAS
73532,EDAS
73533,DAS
73536,DAS
73537,EDAS
73538,EDAS
73539,EDAS
73540,EDAS
73541,EDAS
73542,EDAS
73543,REMOTE
73544,REMOTE
73546,EDAS
73547,EDAS
73548,EDAS
73549,EDAS
73550,EDAS
73551,DAS
73552,EDAS
73553,EDAS
73554,EDAS
73555,DAS
73556,EDAS
73557,EDAS
73559,REMOTE
73560,EDAS
73561,EDAS
73562,EDAS
73564,EDAS
73565,EDAS
73566,EDAS
73567,EDAS
73568,EDAS
73569,EDAS
73570,EDAS
73571,REMOTE
73572,EDAS
73573,EDAS
73601,DAS
73620,EDAS
73622,EDAS
73624,EDAS
73625,REMOTE
73626,EDAS
73627,REMOTE
73628,REMOTE
73632,EDAS
73638,REMOTE
73639,EDAS
73641,EDAS
73642,REMOTE
73644,EDAS
73645,EDAS
73646,EDAS
73647,EDAS
73648,EDAS
73650,EDAS
73651,EDAS
73654,EDAS
73655,EDAS
73658,REMOTE
73659,REMOTE
73660,REMOTE
73661,EDAS
73662,EDAS
73663,EDAS
73664,EDAS
73666,EDAS
73667,REMOTE
73668,DAS
73669,EDAS
73673,EDAS
73716,EDAS
73717,EDAS
73718,EDAS
73719,REMOTE
73720,EDAS
73722,REMOTE
73724,EDAS
73726,EDAS
73727,EDAS
73728,EDAS
73729,EDAS
73730,EDAS
73731,EDAS
73733,EDAS
73734,REMOTE
73735,EDAS
73736,EDAS
73737,EDAS
73738,EDAS
73739,EDAS
73741,EDAS
73742,EDAS
73743,EDAS
73744,REMOTE
73746,REMOTE
73747,EDAS
73749,EDAS
73750,EDAS
73753,REMOTE
73754,EDAS
73755,REMOTE
73756,EDAS
73757,EDAS
73758,EDAS
73759,EDAS
73760,EDAS
73761,REMOTE
73762,EDAS
73763,REMOTE
73764,EDAS
73766,EDAS
73768,REMOTE
73770,REMOTE
73771,EDAS
73772,EDAS
73773,EDAS
73801,EDAS
73802,EDAS
73832,EDAS
73834,EDAS
73835,EDAS
73838,EDAS
73840,EDAS
73841,EDAS
73842,REMOTE
73843,REMOTE
73844,REMOTE
73847,EDAS
73848,REMOTE
73851,REMOTE
73852,EDAS
73853,EDAS
73855,REMOTE
73857,EDAS
73858,EDAS
73859,EDAS
73860,EDAS
73901,EDAS
73931,REMOTE
73932,EDAS
73933,REMOTE
73937,REMOTE
73938,EDAS
73939,REMOTE
73942,EDAS
73944,REMOTE
73945,EDAS
73946,REMOTE
73947,REMOTE
73949,REMOTE
73950,EDAS
73951,EDAS
73960,DAS
74001,REMOTE
74002,REMOTE
74003,DAS
74004,DAS
74008,DAS
74009,EDAS
74010,EDAS
74015,DAS
74016,EDAS
74017,DAS
74018,DAS
74019,DAS
74020,EDAS
74021,DAS
74022,EDAS
74023,EDAS
74026,EDAS
74027,REMOTE
74028,REMOTE
74029,REMOTE
74030,EDAS
74031,DAS
74032,EDAS
74034,EDAS
74035,REMOTE
74036,EDAS
74038,EDAS
74039,EDAS
74041,DAS
74042,REMOTE
74043,EDAS
74044,EDAS
74045,EDAS
74046,REMOTE
74047,EDAS
74048,EDAS
74051,EDAS
74052,EDAS
74053,DAS
74054,EDAS
74056,REMOTE
74058,EDAS
74059,EDAS
74060,EDAS
74061,EDAS
74062,EDAS
74063,DAS
74066,DAS
74067,DAS
74068,DAS
74070,EDAS
74071,REMOTE
74072,REMOTE
74073,DAS
74075,DAS
74079,EDAS
74080,EDAS
74081,EDAS
74082,DAS
74083,REMOTE
74084,EDAS
74085,REMOTE
74126,DAS
74130,DAS
74301,EDAS
74330,EDAS
74331,EDAS
74332,EDAS
74333,EDAS
74335,EDAS
74337,EDAS
74338,EDAS
74340,EDAS
74342,EDAS
74343,EDAS
74344,DAS
74345,DAS
74346,EDAS
74347,EDAS
74349,EDAS
74350,DAS
74352,EDAS
74354,DAS
74355,DAS
74358,DAS
74359,EDAS
74360,EDAS
74361,DAS
74362,DAS
74363,EDAS
74364,REMOTE
74365,EDAS
74366,EDAS
74367,EDAS
74368,DAS
74369,REMOTE
74370,REMOTE
74401,DAS
74402,DAS
74403,DAS
74421,EDAS
74422,EDAS
74423,EDAS
74425,EDAS
74426,EDAS
74427,EDAS
74428,EDAS
74429,DAS
74430,EDAS
74431,EDAS
74432,EDAS
74434,EDAS
74435,EDAS
74436,EDAS
74437,EDAS
74438,EDAS
74440,EDAS
74441,EDAS
74442,REMOTE
74445,EDAS
74446,DAS
74447,DAS
74450,EDAS
74451,EDAS
74452,EDAS
74454,EDAS
74455,REMOTE
74456,DAS
74457,REMOTE
74458,EDAS
74459,EDAS
74460,EDAS
74461,EDAS
74462,EDAS
74463,DAS
74464,DAS
74465,DAS
74467,DAS
74468,DAS
74469,EDAS
74470,EDAS
74471,EDAS
74472,EDAS
74477,DAS
74501,DAS
74502,DAS
74521,REMOTE
74522,DAS
74523,REMOTE
74525,REMOTE
74528,REMOTE
74529,REMOTE
74530,EDAS
74531,REMOTE
74533,EDAS
74534,EDAS
74535,EDAS
74536,REMOTE
74538,REMOTE
74540,EDAS
74542,EDAS
74543,REMOTE
74545,EDAS
74546,EDAS
74547,EDAS
74549,REMOTE
74552,REMOTE
74553,EDAS
74554,DAS
74555,REMOTE
74556,REMOTE
74557,REMOTE
74558,REMOTE
74559,REMOTE
74560,REMOTE
74561,EDAS
74562,REMOTE
74563,REMOTE
74565,DAS
74567,EDAS
74569,REMOTE
74570,EDAS
74571,REMOTE
74572,REMOTE
74574,REMOTE
74576,REMOTE
74577,EDAS
74578,EDAS
74601,DAS
74602,DAS
74604,EDAS
74630,EDAS
74631,EDAS
74632,EDAS
74633,EDAS
74636,EDAS
74637,EDAS
74640,EDAS
74641,EDAS
74643,EDAS
74644,EDAS
74646,EDAS
74647,EDAS
74650,REMOTE
74651,EDAS
74652,EDAS
74653,EDAS
74701,DAS
74702,DAS
74720,DAS
74721,REMOTE
74722,EDAS
74723,EDAS
74724,EDAS
74726,EDAS
74727,EDAS
74728,EDAS
74729,EDAS
74730,EDAS
74731,EDAS
74733,EDAS
74734,EDAS
74735,REMOTE
74736,REMOTE
74737,EDAS
74738,REMOTE
74740,EDAS
74741,EDAS
74743,EDAS
74745,DAS
74747,DAS
74748,REMOTE
74750,EDAS
74752,DAS
74753,REMOTE
74754,EDAS
74755,REMOTE
74756,REMOTE
74759,REMOTE
74760,REMOTE
74761,REMOTE
74764,EDAS
74766,REMOTE
74801,EDAS
74802,DAS
74804,DAS
74818,DAS
74820,DAS
74821,DAS
74824,EDAS
74825,EDAS
74826,REMOTE
74827,EDAS
74829,EDAS
74830,DAS
74831,EDAS
74832,EDAS
74833,EDAS
74834,EDAS
74836,EDAS
74837,DAS
74839,REMOTE
74840,EDAS
74842,EDAS
74843,EDAS
74844,EDAS
74845,REMOTE
74848,EDAS
74849,EDAS
74850,EDAS
74851,DAS
74852,EDAS
74854,EDAS
74855,EDAS
74856,EDAS
74857,DAS
74859,EDAS
74860,EDAS
74864,EDAS
74865,EDAS
74866,EDAS
74867,REMOTE
74868,DAS
74869,EDAS
74871,REMOTE
74872,EDAS
74873,EDAS
74875,EDAS
74878,REMOTE
74880,EDAS
74881,EDAS
74883,EDAS
74884,EDAS
74901,DAS
74902,DAS
74930,REMOTE
74931,REMOTE
74932,EDAS
74935,REMOTE
74936,DAS
74937,REMOTE
74939,REMOTE
74940,EDAS
74941,EDAS
74942,REMOTE
74943,EDAS
74944,EDAS
74945,EDAS
74946,DAS
74947,DAS
74948,EDAS
74949,REMOTE
74951,EDAS
74953,DAS
74954,DAS
74955,DAS
74956,EDAS
74957,REMOTE
74959,EDAS
74960,EDAS
74962,REMOTE
74963,REMOTE
74964,EDAS
74965,EDAS
74966,REMOTE
75009,DAS
75013,DAS
75021,EDAS
75058,EDAS
75065,DAS
75076,DAS
75101,DAS
75102,EDAS
75103,DAS
75105,REMOTE
75109,REMOTE
75110,DAS
75114,DAS
75117,DAS
75119,DAS
75120,DAS
75121,DAS
75124,EDAS
75125,EDAS
75126,DAS
75127,EDAS
75135,DAS
75140,EDAS
75142,DAS
75143,EDAS
75144,EDAS
75147,DAS
75148,EDAS
75151,DAS
75152,DAS
75153,REMOTE
75154,DAS
75155,EDAS
75156,DAS
75157,REMOTE
75158,EDAS
75160,DAS
75161,EDAS
75163,EDAS
75165,DAS
75166,DAS
75167,DAS
75169,EDAS
75173,DAS
75189,DAS
75393,DAS
75401,DAS
75403,DAS
75407,DAS
75409,DAS
75410,REMOTE
75411,EDAS
75412,EDAS
75413,EDAS
75414,DAS
75415,EDAS
75416,REMOTE
75417,REMOTE
75418,DAS
75420,EDAS
75421,EDAS
75422,EDAS
75423,EDAS
75424,EDAS
75425,EDAS
75426,EDAS
75428,EDAS
75429,EDAS
75431,REMOTE
75432,REMOTE
75433,REMOTE
75434,EDAS
75435,EDAS
75436,REMOTE
75437,EDAS
75438,EDAS
75439,EDAS
75440,EDAS
75441,DAS
75442,EDAS
75444,EDAS
75446,EDAS
75447,EDAS
75448,EDAS
75449,EDAS
75450,REMOTE
75451,EDAS
75452,EDAS
75453,EDAS
75454,DAS
75455,DAS
75456,DAS
75457,EDAS
75458,EDAS
75459,DAS
75460,DAS
75461,DAS
75462,EDAS
75468,EDAS
75469,EDAS
75470,EDAS
75471,EDAS
75472,EDAS
75473,EDAS
75474,EDAS
75476,REMOTE
75477,REMOTE
75478,EDAS
75479,REMOTE
75480,REMOTE
75481,EDAS
75482,DAS
75483,DAS
75485,DAS
75486,EDAS
75487,EDAS
75488,EDAS
75489,DAS
75490,DAS
75491,EDAS
75492,REMOTE
75493,EDAS
75494,EDAS
75495,DAS
75496,EDAS
75497,EDAS
75550,EDAS
75551,DAS
75554,REMOTE
75555,REMOTE
75556,EDAS
75558,REMOTE
75559,REMOTE
75560,REMOTE
75561,DAS
75562,EDAS
75563,EDAS
75565,REMOTE
75566,EDAS
75567,EDAS
75568,EDAS
75570,DAS
75571,EDAS
75572,EDAS
75573,EDAS
75574,EDAS
75603,DAS
75630,REMOTE
75631,REMOTE
75633,EDAS
75636,EDAS
75637,EDAS
75638,EDAS
75639,REMOTE
75640,EDAS
75642,DAS
75643,EDAS
75644,DAS
75645,EDAS
75647,DAS
75650,EDAS
75651,REMOTE
75652,DAS
75653,EDAS
75654,DAS
75656,EDAS
75657,EDAS
75658,DAS
75659,DAS
75661,REMOTE
75662,DAS
75663,DAS
75666,REMOTE
75667,EDAS
75668,EDAS
75669,REMOTE
75670,DAS
75671,DAS
75672,DAS
75680,DAS
75681,REMOTE
75682,EDAS
75683,REMOTE
75684,EDAS
75685,EDAS
75686,EDAS
75687,DAS
75688,DAS
75689,EDAS
75691,EDAS
75692,REMOTE
75693,DAS
75694,DAS
75704,DAS
75705,EDAS
75706,DAS
75750,EDAS
75751,DAS
75752,EDAS
75754,EDAS
75755,EDAS
75756,EDAS
75757,DAS
75758,EDAS
75760,REMOTE
75762,DAS
75763,EDAS
75764,REMOTE
75765,EDAS
75766,EDAS
75770,REMOTE
75771,DAS
75772,REMOTE
75773,EDAS
75778,REMOTE
75779,EDAS
75780,DAS
75782,DAS
75783,EDAS
75784,EDAS
75785,REMOTE
75788,EDAS
75789,EDAS
75790,DAS
75791,DAS
75792,REMOTE
75801,DAS
75802,EDAS
75803,EDAS
75831,EDAS
75832,EDAS
75833,REMOTE
75834,EDAS
75835,EDAS
75838,REMOTE
75839,EDAS
75840,EDAS
75844,EDAS
75845,EDAS
75846,EDAS
75847,REMOTE
75848,EDAS
75849,DAS
75850,REMOTE
75851,REMOTE
75852,REMOTE
75853,EDAS
75855,EDAS
75856,EDAS
75858,EDAS
75859,EDAS
75860,EDAS
75861,EDAS
75862,REMOTE
75865,REMOTE
75880,EDAS
75884,EDAS
75886,EDAS
75903,DAS
75925,EDAS
75926,REMOTE
75928,REMOTE
75929,REMOTE
75930,REMOTE
75931,REMOTE
75932,REMOTE
75933,REMOTE
75934,EDAS
75935,EDAS
75936,EDAS
75937,EDAS
75938,REMOTE
75939,EDAS
75941,EDAS
75942,DAS
75943,REMOTE
75944,REMOTE
75946,REMOTE
75948,REMOTE
75949,EDAS
75951,EDAS
75954,EDAS
75956,EDAS
75958,DAS
75959,REMOTE
75960,REMOTE
75961,DAS
75962,DAS
75964,DAS
75966,EDAS
75968,EDAS
75969,EDAS
75972,EDAS
75973,REMOTE
75974,REMOTE
75975,EDAS
75976,DAS
75977,REMOTE
75979,EDAS
75980,REMOTE
75990,DAS
76008,DAS
76009,DAS
76020,DAS
76022,DAS
76023,EDAS
76031,DAS
76033,DAS
76035,EDAS
76041,EDAS
76043,EDAS
76044,EDAS
76048,DAS
76049,DAS
76050,EDAS
76055,EDAS
76058,DAS
76059,DAS
76061,EDAS
76064,EDAS
76066,EDAS
76067,EDAS
76068,EDAS
76070,EDAS
76071,DAS
76073,EDAS
76077,EDAS
76078,DAS
76082,DAS
76084,EDAS
76085,EDAS
76087,DAS
76088,EDAS
76093,REMOTE
76113,DAS
76225,EDAS
76227,DAS
76228,EDAS
76230,EDAS
76233,EDAS
76234,EDAS
76238,EDAS
76239,EDAS
76240,DAS
76241,REMOTE
76245,DAS
76246,REMOTE
76247,DAS
76249,DAS
76250,DAS
76251,REMOTE
76252,EDAS
76253,DAS
76255,REMOTE
76258,DAS
76259,DAS
76261,EDAS
76263,REMOTE
76264,EDAS
76265,EDAS
76266,DAS
76267,DAS
76268,DAS
76270,EDAS
76271,EDAS
76272,EDAS
76273,EDAS
76305,DAS
76351,DAS
76352,EDAS
76354,DAS
76357,EDAS
76360,EDAS
76363,REMOTE
76364,DAS
76365,EDAS
76366,EDAS
76367,DAS
76369,DAS
76370,EDAS
76371,EDAS
76372,EDAS
76373,EDAS
76374,EDAS
76377,EDAS
76379,EDAS
76380,EDAS
76384,EDAS
76385,EDAS
76388,REMOTE
76389,EDAS
76401,DAS
76402,DAS
76424,REMOTE
76426,EDAS
76427,EDAS
76429,REMOTE
76430,EDAS
76431,EDAS
76432,EDAS
76433,REMOTE
76435,EDAS
76436,EDAS
76437,REMOTE
76439,EDAS
76442,REMOTE
76443,EDAS
76444,REMOTE
76445,EDAS
76446,REMOTE
76448,REMOTE
76449,REMOTE
76450,EDAS
76452,REMOTE
76453,REMOTE
76454,EDAS
76455,EDAS
76457,EDAS
76458,EDAS
76459,REMOTE
76460,EDAS
76461,EDAS
76462,EDAS
76463,REMOTE
76464,REMOTE
76466,DAS
76467,EDAS
76468,DAS
76469,EDAS
76470,EDAS
76471,EDAS
76472,REMOTE
76474,EDAS
76475,EDAS
76476,EDAS
76481,EDAS
76483,EDAS
76484,EDAS
76485,DAS
76486,EDAS
76487,EDAS
76490,DAS
76491,EDAS
76511,EDAS
76513,DAS
76518,REMOTE
76519,EDAS
76520,EDAS
76522,DAS
76523,DAS
76524,DAS
76525,REMOTE
76527,EDAS
76528,EDAS
76530,EDAS
76531,REMOTE
76534,EDAS
76537,DAS
76538,REMOTE
76539,EDAS
76550,EDAS
76554,DAS
76556,EDAS
76557,EDAS
76558,DAS
76559,DAS
76561,EDAS
76564,DAS
76565,REMOTE
76566,REMOTE
76567,EDAS
76569,EDAS
76570,EDAS
76571,DAS
76573,DAS
76574,DAS
76577,EDAS
76578,EDAS
76579,DAS
76596,DAS
76598,DAS
76621,EDAS
76622,EDAS
76623,EDAS
76624,EDAS
76626,REMOTE
76627,EDAS
76628,EDAS
76629,EDAS
76630,EDAS
76631,EDAS
76632,EDAS
76633,DAS
76634,EDAS
76635,EDAS
76636,REMOTE
76637,EDAS
76638,EDAS
76639,EDAS
76640,EDAS
76641,REMOTE
76642,EDAS
76644,EDAS
76645,DAS
76648,EDAS
76649,EDAS
76650,EDAS
76651,REMOTE
76652,EDAS
76653,EDAS
76654,DAS
76655,DAS
76656,REMOTE
76660,EDAS
76661,EDAS
76664,EDAS
76665,EDAS
76666,EDAS
76667,EDAS
76670,EDAS
76671,EDAS
76673,EDAS
76675,EDAS
76676,DAS
76677,EDAS
76678,EDAS
76679,EDAS
76680,EDAS
76681,EDAS
76682,REMOTE
76684,EDAS
76685,EDAS
76686,REMOTE
76687,REMOTE
76689,EDAS
76690,REMOTE
76691,EDAS
76692,EDAS
76693,REMOTE
76801,DAS
76802,REMOTE
76803,REMOTE
76804,DAS
76820,REMOTE
76821,REMOTE
76823,EDAS
76824,REMOTE
76825,REMOTE
76827,REMOTE
76828,REMOTE
76831,REMOTE
76832,REMOTE
76834,EDAS
76836,REMOTE
76837,EDAS
76841,REMOTE
76842,EDAS
76844,EDAS
76845,REMOTE
76848,REMOTE
76849,REMOTE
76852,REMOTE
76853,REMOTE
76854,REMOTE
76856,REMOTE
76857,EDAS
76858,REMOTE
76859,REMOTE
76861,EDAS
76862,EDAS
76864,EDAS
76865,EDAS
76866,EDAS
76869,REMOTE
76870,REMOTE
76871,REMOTE
76872,REMOTE
76873,REMOTE
76874,EDAS
76875,EDAS
76877,EDAS
76878,REMOTE
76880,REMOTE
76882,REMOTE
76883,EDAS
76884,REMOTE
76885,REMOTE
76886,DAS
76887,REMOTE
76888,REMOTE
76890,EDAS
76901,DAS
76903,DAS
76904,DAS
76905,DAS
76906,DAS
76930,REMOTE
76932,REMOTE
76933,EDAS
76934,EDAS
76935,EDAS
76936,EDAS
76937,EDAS
76939,REMOTE
76940,EDAS
76941,EDAS
76943,EDAS
76945,EDAS
76949,EDAS
76950,REMOTE
76951,EDAS
76953,REMOTE
76955,REMOTE
76957,EDAS
76958,EDAS
77016,DAS
77028,DAS
77049,DAS
77050,DAS
77078,DAS
77302,DAS
77306,EDAS
77316,DAS
77318,DAS
77320,EDAS
77326,EDAS
77327,DAS
77328,EDAS
77331,EDAS
77332,EDAS
77334,EDAS
77335,EDAS
77336,EDAS
77340,DAS
77341,DAS
77342,DAS
77343,EDAS
77344,EDAS
77349,EDAS
77350,EDAS
77351,EDAS
77354,DAS
77355,DAS
77356,DAS
77357,DAS
77358,EDAS
77359,EDAS
77360,EDAS
77362,DAS
77363,EDAS
77364,EDAS
77365,DAS
77367,EDAS
77368,REMOTE
77369,EDAS
77371,EDAS
77372,DAS
77374,EDAS
77376,EDAS
77378,DAS
77399,EDAS
77404,REMOTE
77412,EDAS
77414,EDAS
77415,EDAS
77417,EDAS
77418,EDAS
77419,EDAS
77420,EDAS
77422,EDAS
77423,DAS
77426,EDAS
77428,REMOTE
77430,REMOTE
77431,REMOTE
77432,EDAS
77434,EDAS
77435,EDAS
77436,EDAS
77437,DAS
77440,EDAS
77441,DAS
77442,EDAS
77443,EDAS
77444,REMOTE
77445,EDAS
77446,EDAS
77447,DAS
77448,EDAS
77451,EDAS
77452,DAS
77453,EDAS
77454,EDAS
77455,EDAS
77456,EDAS
77457,EDAS
77458,EDAS
77460,REMOTE
77461,EDAS
77463,DAS
77464,EDAS
77465,EDAS
77466,EDAS
77467,DAS
77468,REMOTE
77469,DAS
77470,EDAS
77471,DAS
77474,DAS
77475,EDAS
77476,DAS
77480,EDAS
77481,EDAS
77482,REMOTE
77483,EDAS
77484,DAS
77485,EDAS
77486,DAS
77488,EDAS
77501,DAS
77510,DAS
77511,DAS
77512,DAS
77514,EDAS
77515,DAS
77516,DAS
77517,DAS
77519,EDAS
77523,DAS
77532,DAS
77533,EDAS
77534,DAS
77535,DAS
77538,EDAS
77539,DAS
77541,DAS
77542,DAS
77547,DAS
77554,DAS
77560,EDAS
77561,EDAS
77563,DAS
77564,EDAS
77575,EDAS
77577,EDAS
77578,DAS
77580,DAS
77582,DAS
77583,DAS
77585,EDAS
77597,REMOTE
77612,REMOTE
77613,EDAS
77614,DAS
77615,EDAS
77616,REMOTE
77617,EDAS
77622,REMOTE
77623,REMOTE
77624,REMOTE
77625,EDAS
77626,DAS
77629,EDAS
77630,DAS
77632,EDAS
77650,EDAS
77655,EDAS
77656,DAS
77657,DAS
77659,EDAS
77660,EDAS
77661,REMOTE
77662,DAS
77663,REMOTE
77664,REMOTE
77665,EDAS
77713,DAS
77808,DAS
77830,REMOTE
77831,REMOTE
77833,DAS
77834,DAS
77835,EDAS
77836,EDAS
77837,EDAS
77838,EDAS
77850,EDAS
77852,EDAS
77853,REMOTE
77855,EDAS
77856,EDAS
77857,EDAS
77859,EDAS
77861,EDAS
77862,DAS
77863,REMOTE
77864,EDAS
77865,REMOTE
77866,DAS
77867,EDAS
77868,DAS
77869,DAS
77870,DAS
77871,EDAS
77872,EDAS
77873,EDAS
77875,EDAS
77876,EDAS
77878,EDAS
77879,EDAS
77880,EDAS
77882,EDAS
77905,DAS
77950,EDAS
77951,DAS
77954,EDAS
77957,EDAS
77960,DAS
77961,REMOTE
77962,EDAS
77963,EDAS
77964,EDAS
77968,EDAS
77969,REMOTE
77970,REMOTE
77971,DAS
77972,EDAS
77973,REMOTE
77974,EDAS
77975,EDAS
77977,DAS
77978,DAS
77979,DAS
77982,EDAS
77983,DAS
77984,EDAS
77987,EDAS
77989,REMOTE
77990,EDAS
77991,DAS
77993,REMOTE
77994,EDAS
77995,EDAS
78001,DAS
78002,EDAS
78003,EDAS
78004,EDAS
78005,REMOTE
78006,DAS
78007,EDAS
78008,REMOTE
78009,EDAS
78010,EDAS
78011,REMOTE
78012,EDAS
78013,EDAS
78014,REMOTE
78016,EDAS
78017,EDAS
78019,REMOTE
78021,REMOTE
78022,EDAS
78024,REMOTE
78025,EDAS
78026,EDAS
78027,REMOTE
78028,DAS
78029,DAS
78039,DAS
78046,DAS
78050,EDAS
78052,EDAS
78054,EDAS
78055,EDAS
78056,EDAS
78057,EDAS
78058,REMOTE
78059,EDAS
78060,EDAS
78061,EDAS
78062,DAS
78063,EDAS
78064,EDAS
78065,EDAS
78066,EDAS
78067,EDAS
78069,DAS
78070,DAS
78071,EDAS
78072,REMOTE
78073,EDAS
78074,REMOTE
78075,EDAS
78076,EDAS
78101,DAS
78102,EDAS
78104,REMOTE
78107,EDAS
78111,EDAS
78112,DAS
78113,EDAS
78114,DAS
78116,EDAS
78117,EDAS
78118,EDAS
78119,EDAS
78121,DAS
78122,EDAS
78124,DAS
78125,EDAS
78132,DAS
78133,EDAS
78140,EDAS
78141,EDAS
78142,EDAS
78143,DAS
78145,EDAS
78146,EDAS
78147,EDAS
78151,EDAS
78152,EDAS
78155,EDAS
78159,EDAS
78160,EDAS
78161,EDAS
78162,EDAS
78163,DAS
78164,EDAS
78252,DAS
78263,DAS
78264,DAS
78266,DAS
78330,DAS
78332,DAS
78333,DAS
78336,DAS
78338,EDAS
78339,EDAS
78340,EDAS
78341,EDAS
78342,DAS
78343,EDAS
78344,REMOTE
78349,REMOTE
78350,EDAS
78351,EDAS
78352,EDAS
78353,REMOTE
78355,EDAS
78357,EDAS
78358,DAS
78360,REMOTE
78361,EDAS
78363,DAS
78364,DAS
78368,EDAS
78369,REMOTE
78370,EDAS
78371,EDAS
78372,EDAS
78373,DAS
78375,EDAS
78376,REMOTE
78377,EDAS
78379,EDAS
78380,DAS
78381,DAS
78382,DAS
78383,EDAS
78384,EDAS
78385,EDAS
78387,EDAS
78389,EDAS
78390,EDAS
78391,EDAS
78393,EDAS
78406,DAS
78516,DAS
78536,REMOTE
78537,DAS
78538,EDAS
78541,DAS
78542,DAS
78543,EDAS
78545,EDAS
78547,REMOTE
78548,EDAS
78549,EDAS
78558,DAS
78559,DAS
78560,DAS
78561,DAS
78562,DAS
78563,REMOTE
78564,REMOTE
78566,DAS
78569,EDAS
78574,DAS
78578,DAS
78580,DAS
78582,EDAS
78583,EDAS
78584,DAS
78586,DAS
78588,REMOTE
78590,DAS
78591,REMOTE
78592,DAS
78593,DAS
78594,EDAS
78595,DAS
78597,DAS
78598,EDAS
78602,DAS
78603,EDAS
78604,EDAS
78605,EDAS
78606,EDAS
78607,REMOTE
78608,REMOTE
78609,EDAS
78611,EDAS
78612,EDAS
78614,EDAS
78615,EDAS
78616,DAS
78617,DAS
78618,REMOTE
78619,DAS
78620,DAS
78621,DAS
78622,EDAS
78623,DAS
78624,EDAS
78629,EDAS
78631,EDAS
78632,REMOTE
78633,DAS
78635,EDAS
78636,REMOTE
78638,EDAS
78639,EDAS
78642,DAS
78643,REMOTE
78644,DAS
78645,DAS
78648,EDAS
78650,EDAS
78653,DAS
78654,DAS
78655,EDAS
78656,EDAS
78657,EDAS
78658,EDAS
78659,EDAS
78661,EDAS
78662,EDAS
78663,REMOTE
78669,DAS
78670,EDAS
78671,EDAS
78672,EDAS
78673,DAS
78674,DAS
78675,REMOTE
78676,DAS
78677,REMOTE
78737,DAS
78742,EDAS
78766,DAS
78801,DAS
78802,DAS
78827,EDAS
78828,REMOTE
78829,REMOTE
78830,REMOTE
78832,EDAS
78833,REMOTE
78834,DAS
78836,REMOTE
78837,REMOTE
78838,EDAS
78839,EDAS
78840,DAS
78850,EDAS
78851,REMOTE
78852,EDAS
78853,DAS
78860,REMOTE
78861,EDAS
78870,EDAS
78871,REMOTE
78872,EDAS
78873,REMOTE
78877,EDAS
78879,EDAS
78880,REMOTE
78881,EDAS
78883,EDAS
78884,REMOTE
78885,EDAS
78886,EDAS
78931,EDAS
78932,REMOTE
78933,REMOTE
78934,EDAS
78935,REMOTE
78938,EDAS
78940,REMOTE
78941,EDAS
78942,EDAS
78943,EDAS
78944,EDAS
78945,EDAS
78946,REMOTE
78947,EDAS
78948,REMOTE
78949,REMOTE
78950,REMOTE
78951,DAS
78952,EDAS
78953,REMOTE
78954,EDAS
78956,REMOTE
78957,EDAS
78959,REMOTE
78960,EDAS
78962,EDAS
78963,EDAS
79001,EDAS
79002,REMOTE
79003,EDAS
79005,EDAS
79007,DAS
79008,DAS
79009,EDAS
79010,REMOTE
79011,REMOTE
79012,DAS
79013,EDAS
79014,REMOTE
79015,DAS
79018,REMOTE
79019,EDAS
79021,EDAS
79022,EDAS
79024,EDAS
79025,EDAS
79027,EDAS
79029,DAS
79031,EDAS
79032,DAS
79033,DAS
79034,REMOTE
79035,EDAS
79036,EDAS
79039,EDAS
79040,REMOTE
79041,EDAS
79042,EDAS
79043,EDAS
79044,EDAS
79045,EDAS
79046,REMOTE
79051,REMOTE
79052,EDAS
79053,EDAS
79054,EDAS
79056,REMOTE
79057,REMOTE
79058,REMOTE
79059,EDAS
79061,EDAS
79062,REMOTE
79063,EDAS
79064,EDAS
79065,EDAS
79066,EDAS
79068,EDAS
79070,EDAS
79078,REMOTE
79079,EDAS
79080,REMOTE
79081,EDAS
79082,EDAS
79083,REMOTE
79084,EDAS
79085,EDAS
79086,EDAS
79087,REMOTE
79088,EDAS
79091,EDAS
79092,EDAS
79093,REMOTE
79094,REMOTE
79095,EDAS
79096,EDAS
79097,EDAS
79098,EDAS
79108,DAS
79201,EDAS
79220,REMOTE
79221,EDAS
79223,REMOTE
79225,EDAS
79226,EDAS
79227,EDAS
79229,REMOTE
79230,REMOTE
79231,REMOTE
79232,EDAS
79233,EDAS
79234,REMOTE
79235,EDAS
79236,EDAS
79237,EDAS
79239,REMOTE
79240,EDAS
79241,EDAS
79243,EDAS
79244,EDAS
79245,EDAS
79247,EDAS
79248,REMOTE
79250,EDAS
79251,REMOTE
79252,EDAS
79255,EDAS
79256,EDAS
79257,EDAS
79258,EDAS
79259,REMOTE
79261,EDAS
79311,EDAS
79312,EDAS
79313,EDAS
79314,DAS
79316,EDAS
79320,EDAS
79322,EDAS
79323,EDAS
79324,REMOTE
79325,EDAS
79326,DAS
79329,EDAS
79330,REMOTE
79331,EDAS
79336,EDAS
79338,EDAS
79339,EDAS
79342,EDAS
79343,EDAS
79344,EDAS
79345,REMOTE
79346,EDAS
79347,EDAS
79351,REMOTE
79353,EDAS
79355,EDAS
79356,EDAS
79357,EDAS
79358,EDAS
79359,EDAS
79360,EDAS
79363,DAS
79364,EDAS
79366,DAS
79369,EDAS
79370,EDAS
79371,EDAS
79372,EDAS
79373,EDAS
79376,REMOTE
79377,EDAS
79378,EDAS
79379,EDAS
79380,DAS
79381,EDAS
79383,DAS
79501,EDAS
79502,EDAS
79503,REMOTE
79504,EDAS
79505,EDAS
79506,EDAS
79508,EDAS
79510,REMOTE
79511,EDAS
79512,REMOTE
79517,EDAS
79518,REMOTE
79519,EDAS
79520,EDAS
79521,EDAS
79525,EDAS
79526,EDAS
79527,EDAS
79528,EDAS
79529,EDAS
79530,EDAS
79532,EDAS
79533,EDAS
79534,EDAS
79535,EDAS
79536,EDAS
79537,REMOTE
79538,EDAS
79539,EDAS
79540,REMOTE
79541,EDAS
79543,EDAS
79544,EDAS
79545,EDAS
79546,EDAS
79547,EDAS
79548,REMOTE
79549,EDAS
79550,EDAS
79553,EDAS
79556,EDAS
79560,EDAS
79561,EDAS
79562,EDAS
79563,DAS
79565,EDAS
79566,REMOTE
79567,EDAS
79601,DAS
79602,DAS
79603,DAS
79605,DAS
79606,DAS
79607,DAS
79705,DAS
79706,DAS
79707,DAS
79711,DAS
79713,REMOTE
79714,REMOTE
79718,EDAS
79719,EDAS
79720,EDAS
79721,REMOTE
79730,REMOTE
79731,EDAS
79733,DAS
79734,REMOTE
79735,REMOTE
79738,EDAS
79739,REMOTE
79740,EDAS
79741,REMOTE
79742,EDAS
79743,EDAS
79744,EDAS
79745,EDAS
79748,REMOTE
79749,EDAS
79752,EDAS
79754,REMOTE
79755,REMOTE
79756,REMOTE
79758,EDAS
79759,REMOTE
79764,DAS
79765,DAS
79766,DAS
79770,REMOTE
79772,REMOTE
79776,DAS
79777,EDAS
79778,REMOTE
79780,EDAS
79781,EDAS
79782,REMOTE
79783,EDAS
79785,EDAS
79786,DAS
79788,EDAS
79789,REMOTE
79830,EDAS
79831,EDAS
79832,EDAS
79834,EDAS
79836,DAS
79837,REMOTE
79838,DAS
79839,EDAS
79842,REMOTE
79843,EDAS
79845,EDAS
79846,REMOTE
79847,REMOTE
79848,EDAS
79849,DAS
79850,EDAS
79851,EDAS
79852,EDAS
79853,EDAS
79854,REMOTE
79855,EDAS
79911,DAS
79950,DAS
79968,DAS
80018,DAS
80025,EDAS
80101,REMOTE
80102,EDAS
80103,REMOTE
80105,EDAS
80106,EDAS
80107,EDAS
80116,EDAS
80117,EDAS
80118,EDAS
80131,EDAS
80132,DAS
80135,EDAS
80136,EDAS
80137,EDAS
80403,DAS
80420,EDAS
80421,EDAS
80422,EDAS
80423,REMOTE
80424,EDAS
80425,EDAS
80426,EDAS
80427,EDAS
80428,EDAS
80429,EDAS
80430,EDAS
80432,REMOTE
80433,EDAS
80434,REMOTE
80435,DAS
80436,EDAS
80437,DAS
80438,EDAS
80439,EDAS
80440,REMOTE
80442,EDAS
80443,DAS
80444,EDAS
80446,EDAS
80447,REMOTE
80448,REMOTE
80449,REMOTE
80451,EDAS
80452,EDAS
80453,EDAS
80454,DAS
80455,REMOTE
80456,REMOTE
80457,DAS
80459,REMOTE
80461,EDAS
80463,EDAS
80465,DAS
80466,EDAS
80467,EDAS
80468,REMOTE
80469,EDAS
80470,EDAS
80471,EDAS
80473,EDAS
80474,EDAS
80475,EDAS
80476,EDAS
80477,DAS
80478,EDAS
80479,REMOTE
80480,REMOTE
80481,REMOTE
80482,EDAS
80483,EDAS
80487,EDAS
80488,DAS
80498,DAS
80510,REMOTE
80511,DAS
80512,EDAS
80513,DAS
80514,DAS
80515,REMOTE
80517,DAS
80520,DAS
80530,DAS
80532,EDAS
80535,EDAS
80536,REMOTE
80540,EDAS
80541,EDAS
80542,EDAS
80543,DAS
80544,DAS
80545,EDAS
80549,EDAS
80603,DAS
80610,EDAS
80611,EDAS
80612,EDAS
80615,DAS
80621,DAS
80622,EDAS
80623,DAS
80624,EDAS
80642,EDAS
80643,REMOTE
80644,EDAS
80645,DAS
80646,EDAS
80648,EDAS
80649,REMOTE
80650,EDAS
80651,DAS
80652,REMOTE
80653,DAS
80654,DAS
80705,DAS
80720,EDAS
80721,EDAS
80722,DAS
80723,DAS
80726,EDAS
80727,REMOTE
80728,EDAS
80729,REMOTE
80731,EDAS
80732,REMOTE
80733,EDAS
80734,EDAS
80735,REMOTE
80736,REMOTE
80737,EDAS
80740,EDAS
80741,EDAS
80742,EDAS
80743,REMOTE
80744,REMOTE
80745,REMOTE
80746,EDAS
80747,EDAS
80749,REMOTE
80750,EDAS
80754,REMOTE
80755,REMOTE
80757,EDAS
80758,EDAS
80759,EDAS
80801,REMOTE
80802,REMOTE
80804,REMOTE
80805,REMOTE
80807,EDAS
80808,EDAS
80809,EDAS
80810,EDAS
80812,EDAS
80813,EDAS
80814,EDAS
80815,EDAS
80816,REMOTE
80818,REMOTE
80819,DAS
80820,REMOTE
80821,EDAS
80822,EDAS
80823,REMOTE
80824,REMOTE
80825,REMOTE
80826,EDAS
80827,REMOTE
80828,EDAS
80830,REMOTE
80831,DAS
80832,REMOTE
80833,REMOTE
80834,REMOTE
80835,EDAS
80836,EDAS
80860,EDAS
80861,REMOTE
80862,REMOTE
80863,EDAS
80864,REMOTE
80866,DAS
80908,DAS
80925,DAS
80926,REMOTE
80928,EDAS
80929,EDAS
80930,DAS
80938,EDAS
80939,DAS
81004,DAS
81005,DAS
81006,DAS
81007,DAS
81019,REMOTE
81020,REMOTE
81021,REMOTE
81022,EDAS
81023,REMOTE
81024,REMOTE
81025,REMOTE
81027,REMOTE
81029,REMOTE
81030,EDAS
81033,REMOTE
81034,REMOTE
81036,EDAS
81038,EDAS
81039,EDAS
81040,REMOTE
81041,REMOTE
81042,EDAS
81043,DAS
81044,REMOTE
81045,REMOTE
81046,EDAS
81047,EDAS
81049,REMOTE
81050,EDAS
81052,EDAS
81054,EDAS
81055,EDAS
81057,REMOTE
81058,EDAS
81059,REMOTE
81062,EDAS
81063,EDAS
81064,EDAS
81067,EDAS
81069,REMOTE
81071,REMOTE
81073,EDAS
81074,DAS
81076,EDAS
81077,REMOTE
81081,REMOTE
81082,EDAS
81084,REMOTE
81087,EDAS
81089,REMOTE
81090,REMOTE
81091,REMOTE
81092,EDAS
81101,DAS
81102,DAS
81120,EDAS
81121,EDAS
81122,REMOTE
81123,EDAS
81124,REMOTE
81125,EDAS
81126,REMOTE
81127,EDAS
81128,DAS
81129,DAS
81130,EDAS
81131,EDAS
81132,EDAS
81133,REMOTE
81135,EDAS
81136,EDAS
81137,EDAS
81138,REMOTE
81140,EDAS
81141,EDAS
81143,REMOTE
81144,EDAS
81146,EDAS
81147,REMOTE
81148,EDAS
81149,REMOTE
81151,REMOTE
81152,REMOTE
81153,EDAS
81154,EDAS
81155,REMOTE
81157,EDAS
81201,DAS
81210,EDAS
81211,EDAS
81212,DAS
81215,DAS
81220,REMOTE
81221,DAS
81222,EDAS
81223,REMOTE
81224,EDAS
81225,DAS
81226,DAS
81227,DAS
81228,EDAS
81230,EDAS
81231,REMOTE
81232,REMOTE
81233,EDAS
81235,EDAS
81236,EDAS
81237,EDAS
81239,EDAS
81240,EDAS
81241,EDAS
81242,DAS
81243,REMOTE
81244,DAS
81248,EDAS
81251,EDAS
81252,REMOTE
81253,EDAS
81290,DAS
81301,DAS
81302,DAS
81303,EDAS
81320,REMOTE
81321,DAS
81323,REMOTE
81324,REMOTE
81325,REMOTE
81326,EDAS
81327,EDAS
81328,EDAS
81329,EDAS
81330,EDAS
81331,REMOTE
81332,EDAS
81334,EDAS
81335,EDAS
81401,DAS
81403,EDAS
81410,EDAS
81411,EDAS
81413,EDAS
81414,EDAS
81415,EDAS
81416,DAS
81418,EDAS
81419,EDAS
81420,DAS
81422,EDAS
81423,EDAS
81424,EDAS
81425,EDAS
81426,EDAS
81427,EDAS
81428,EDAS
81429,EDAS
81430,EDAS
81431,REMOTE
81432,EDAS
81433,EDAS
81434,REMOTE
81435,EDAS
81522,REMOTE
81523,REMOTE
81524,EDAS
81525,EDAS
81526,DAS
81527,REMOTE
81601,DAS
81602,DAS
81610,REMOTE
81611,DAS
81612,DAS
81615,DAS
81620,DAS
81621,DAS
81623,DAS
81624,REMOTE
81625,REMOTE
81626,EDAS
81630,EDAS
81631,DAS
81632,DAS
81633,EDAS
81635,EDAS
81636,EDAS
81637,DAS
81638,REMOTE
81639,EDAS
81640,REMOTE
81641,EDAS
81642,EDAS
81643,EDAS
81645,EDAS
81646,EDAS
81647,EDAS
81648,EDAS
81649,EDAS
81650,REMOTE
81652,REMOTE
81653,EDAS
81654,EDAS
81655,EDAS
81656,EDAS
81657,DAS
81658,DAS
82003,DAS
82009,DAS
82050,EDAS
82051,REMOTE
82052,REMOTE
82053,REMOTE
82054,EDAS
82055,REMOTE
82058,REMOTE
82059,EDAS
82060,EDAS
82061,REMOTE
82063,EDAS
82070,EDAS
82071,DAS
82072,DAS
82073,EDAS
82081,REMOTE
82082,EDAS
82083,REMOTE
82084,REMOTE
82190,REMOTE
82201,EDAS
82210,REMOTE
82212,EDAS
82213,REMOTE
82214,EDAS
82215,EDAS
82217,REMOTE
82218,REMOTE
82219,REMOTE
82221,EDAS
82222,REMOTE
82223,REMOTE
82224,REMOTE
82225,EDAS
82227,EDAS
82229,REMOTE
82240,EDAS
82242,EDAS
82243,REMOTE
82244,REMOTE
82301,EDAS
82310,REMOTE
82321,EDAS
82322,REMOTE
82323,EDAS
82324,EDAS
82325,EDAS
82327,EDAS
82329,REMOTE
82331,EDAS
82332,EDAS
82334,REMOTE
82335,EDAS
82336,EDAS
82401,EDAS
82410,EDAS
82411,EDAS
82412,EDAS
82414,DAS
82420,EDAS
82421,EDAS
82422,REMOTE
82423,EDAS
82426,EDAS
82428,REMOTE
82430,DAS
82431,EDAS
82432,EDAS
82433,REMOTE
82434,EDAS
82435,EDAS
82440,DAS
82441,EDAS
82442,REMOTE
82443,EDAS
82450,EDAS
82501,DAS
82510,EDAS
82512,REMOTE
82513,EDAS
82514,REMOTE
82515,DAS
82516,EDAS
82520,EDAS
82523,EDAS
82524,DAS
82601,DAS
82604,EDAS
82620,REMOTE
82630,REMOTE
82631,EDAS
82633,EDAS
82635,REMOTE
82636,DAS
82637,EDAS
82638,REMOTE
82639,REMOTE
82642,REMOTE
82643,EDAS
82644,DAS
82646,REMOTE
82648,EDAS
82649,EDAS
82701,REMOTE
82710,REMOTE
82711,EDAS
82712,REMOTE
82714,REMOTE
82715,REMOTE
82716,DAS
82717,DAS
82718,DAS
82720,REMOTE
82721,REMOTE
82723,REMOTE
82725,REMOTE
82727,REMOTE
82729,REMOTE
82730,REMOTE
82731,REMOTE
82732,EDAS
82801,DAS
82831,REMOTE
82832,EDAS
82833,DAS
82834,EDAS
82835,REMOTE
82836,EDAS
82837,REMOTE
82838,EDAS
82839,EDAS
82840,REMOTE
82842,EDAS
82844,REMOTE
82845,DAS
82901,EDAS
82902,DAS
82922,EDAS
82923,EDAS
82925,EDAS
82929,DAS
82930,EDAS
82931,EDAS
82932,REMOTE
82933,REMOTE
82934,REMOTE
82935,EDAS
82936,REMOTE
82937,EDAS
82938,REMOTE
82939,EDAS
82941,REMOTE
82942,DAS
82943,EDAS
82944,EDAS
82945,REMOTE
83001,DAS
83002,DAS
83011,EDAS
83012,EDAS
83013,REMOTE
83014,EDAS
83025,DAS
83101,EDAS
83110,EDAS
83111,REMOTE
83112,EDAS
83113,REMOTE
83114,EDAS
83115,EDAS
83116,EDAS
83118,EDAS
83119,EDAS
83120,EDAS
83121,EDAS
83122,EDAS
83123,EDAS
83124,EDAS
83126,EDAS
83127,REMOTE
83128,EDAS
83201,DAS
83202,DAS
83203,EDAS
83204,DAS
83210,EDAS
83211,EDAS
83212,REMOTE
83213,REMOTE
83214,EDAS
83215,REMOTE
83217,EDAS
83218,DAS
83220,EDAS
83221,DAS
83223,EDAS
83226,EDAS
83227,REMOTE
83228,EDAS
83229,REMOTE
83230,EDAS
83232,EDAS
83233,EDAS
83234,EDAS
83235,REMOTE
83236,EDAS
83237,EDAS
83238,EDAS
83239,EDAS
83241,EDAS
83243,REMOTE
83244,REMOTE
83245,EDAS
83246,REMOTE
83250,REMOTE
83251,EDAS
83252,EDAS
83253,REMOTE
83254,EDAS
83255,REMOTE
83256,DAS
83261,EDAS
83262,EDAS
83263,EDAS
83271,EDAS
83272,EDAS
83274,EDAS
83276,REMOTE
83277,EDAS
83278,REMOTE
83281,REMOTE
83283,REMOTE
83285,REMOTE
83286,EDAS
83287,EDAS
83302,REMOTE
83311,EDAS
83312,EDAS
83313,EDAS
83314,EDAS
83316,EDAS
83318,DAS
83320,REMOTE
83321,EDAS
83322,EDAS
83323,EDAS
83324,EDAS
83325,EDAS
83327,REMOTE
83328,DAS
83330,EDAS
83332,EDAS
83333,DAS
83334,EDAS
83335,EDAS
83336,EDAS
83337,EDAS
83338,DAS
83340,DAS
83341,DAS
83342,REMOTE
83344,EDAS
83346,REMOTE
83347,EDAS
83348,EDAS
83349,EDAS
83350,EDAS
83352,EDAS
83353,EDAS
83355,EDAS
83401,DAS
83403,DAS
83404,DAS
83406,DAS
83414,EDAS
83420,EDAS
83421,DAS
83422,DAS
83423,EDAS
83424,EDAS
83425,REMOTE
83427,EDAS
83428,EDAS
83429,EDAS
83431,EDAS
83433,EDAS
83434,EDAS
83435,EDAS
83436,EDAS
83438,DAS
83440,DAS
83441,DAS
83442,DAS
83443,EDAS
83444,EDAS
83445,EDAS
83446,REMOTE
83447,EDAS
83448,EDAS
83449,EDAS
83450,EDAS
83451,EDAS
83452,EDAS
83454,DAS
83455,EDAS
83462,REMOTE
83463,REMOTE
83464,REMOTE
83465,REMOTE
83466,REMOTE
83467,REMOTE
83468,EDAS
83469,REMOTE
83520,EDAS
83522,EDAS
83523,REMOTE
83524,REMOTE
83525,REMOTE
83526,REMOTE
83530,EDAS
83531,DAS
83533,REMOTE
83535,EDAS
83536,EDAS
83537,REMOTE
83539,REMOTE
83540,EDAS
83541,REMOTE
83542,REMOTE
83543,REMOTE
83544,EDAS
83545,EDAS
83546,REMOTE
83547,REMOTE
83548,EDAS
83549,EDAS
83551,EDAS
83552,REMOTE
83553,REMOTE
83554,REMOTE
83555,EDAS
83601,EDAS
83602,EDAS
83604,REMOTE
83607,DAS
83610,REMOTE
83611,EDAS
83612,REMOTE
83615,EDAS
83617,EDAS
83619,EDAS
83620,EDAS
83622,REMOTE
83623,EDAS
83624,EDAS
83626,EDAS
83627,EDAS
83628,EDAS
83629,EDAS
83631,EDAS
83632,EDAS
83633,EDAS
83634,DAS
83635,EDAS
83636,REMOTE
83637,EDAS
83638,EDAS
83639,EDAS
83641,EDAS
83643,EDAS
83644,DAS
83645,EDAS
83647,EDAS
83648,DAS
83650,REMOTE
83654,EDAS
83655,EDAS
83656,DAS
83657,REMOTE
83660,EDAS
83661,EDAS
83666,REMOTE
83670,REMOTE
83672,EDAS
83676,EDAS
83677,DAS
83801,EDAS
83802,REMOTE
83803,EDAS
83804,EDAS
83805,EDAS
83806,EDAS
83808,REMOTE
83809,EDAS
83810,EDAS
83811,EDAS
83812,EDAS
83813,EDAS
83821,EDAS
83822,EDAS
83823,REMOTE
83824,REMOTE
83825,EDAS
83826,REMOTE
83827,REMOTE
83830,EDAS
83832,EDAS
83833,EDAS
83834,EDAS
83835,DAS
83836,EDAS
83837,DAS
83839,EDAS
83840,EDAS
83841,EDAS
83842,EDAS
83843,DAS
83845,EDAS
83846,EDAS
83847,REMOTE
83848,EDAS
83849,EDAS
83850,EDAS
83851,EDAS
83853,EDAS
83855,EDAS
83856,REMOTE
83857,EDAS
83858,DAS
83860,REMOTE
83861,EDAS
83864,DAS
83865,DAS
83866,REMOTE
83867,EDAS
83869,EDAS
83870,REMOTE
83871,EDAS
83872,EDAS
83873,EDAS
83874,DAS
83876,EDAS
84001,EDAS
84002,EDAS
84005,DAS
84006,DAS
84007,EDAS
84008,EDAS
84013,EDAS
84017,EDAS
84018,EDAS
84021,EDAS
84022,EDAS
84023,REMOTE
84024,REMOTE
84026,EDAS
84027,REMOTE
84028,EDAS
84029,DAS
84031,EDAS
84032,EDAS
84033,EDAS
84034,REMOTE
84035,EDAS
84036,EDAS
84038,EDAS
84039,EDAS
84044,DAS
84046,REMOTE
84049,DAS
84050,EDAS
84051,EDAS
84052,REMOTE
84053,EDAS
84055,REMOTE
84060,DAS
84061,EDAS
84063,EDAS
84064,REMOTE
84066,EDAS
84068,DAS
84069,EDAS
84071,EDAS
84072,EDAS
84073,EDAS
84074,DAS
84075,DAS
84076,EDAS
84078,EDAS
84079,EDAS
84080,EDAS
84082,EDAS
84083,EDAS
84085,EDAS
84086,EDAS
84301,EDAS
84302,DAS
84304,DAS
84305,EDAS
84306,EDAS
84307,EDAS
84308,EDAS
84309,EDAS
84310,EDAS
84311,EDAS
84312,EDAS
84313,REMOTE
84314,EDAS
84315,DAS
84316,EDAS
84317,EDAS
84319,DAS
84320,EDAS
84324,EDAS
84325,DAS
84326,DAS
84327,EDAS
84328,EDAS
84329,REMOTE
84330,EDAS
84331,EDAS
84332,DAS
84333,EDAS
84334,EDAS
84335,DAS
84336,REMOTE
84337,DAS
84338,EDAS
84339,DAS
84340,EDAS
84408,DAS
84501,EDAS
84510,REMOTE
84511,REMOTE
84512,REMOTE
84513,EDAS
84515,REMOTE
84516,REMOTE
84518,EDAS
84520,EDAS
84521,EDAS
84522,EDAS
84523,REMOTE
84525,EDAS
84526,EDAS
84528,EDAS
84529,REMOTE
84530,EDAS
84531,REMOTE
84532,EDAS
84533,EDAS
84534,REMOTE
84535,EDAS
84536,REMOTE
84537,REMOTE
84539,REMOTE
84540,EDAS
84542,EDAS
84620,EDAS
84621,EDAS
84622,EDAS
84623,EDAS
84624,EDAS
84626,REMOTE
84627,EDAS
84628,EDAS
84629,EDAS
84630,EDAS
84631,EDAS
84632,EDAS
84633,DAS
84634,DAS
84635,EDAS
84636,EDAS
84637,EDAS
84638,EDAS
84639,EDAS
84640,EDAS
84642,EDAS
84643,EDAS
84644,EDAS
84645,EDAS
84646,EDAS
84647,EDAS
84648,EDAS
84649,REMOTE
84650,EDAS
84652,EDAS
84654,EDAS
84655,EDAS
84656,EDAS
84657,EDAS
84662,EDAS
84665,EDAS
84667,EDAS
84701,DAS
84710,EDAS
84711,EDAS
84712,EDAS
84713,EDAS
84714,REMOTE
84715,EDAS
84716,REMOTE
84717,EDAS
84718,EDAS
84719,EDAS
84720,DAS
84721,DAS
84722,EDAS
84723,EDAS
84724,EDAS
84725,EDAS
84726,REMOTE
84728,REMOTE
84729,EDAS
84730,EDAS
84731,REMOTE
84732,EDAS
84733,REMOTE
84734,EDAS
84735,REMOTE
84736,EDAS
84738,DAS
84739,EDAS
84740,EDAS
84741,REMOTE
84742,DAS
84743,REMOTE
84744,EDAS
84745,EDAS
84746,REMOTE
84747,EDAS
84749,EDAS
84750,EDAS
84751,EDAS
84752,EDAS
84753,REMOTE
84754,EDAS
84755,EDAS
84756,REMOTE
84757,EDAS
84758,EDAS
84759,EDAS
84760,EDAS
84761,REMOTE
84762,EDAS
84763,EDAS
84764,EDAS
84765,DAS
84766,EDAS
84767,DAS
84770,DAS
84772,EDAS
84773,REMOTE
84774,EDAS
84775,EDAS
84776,EDAS
84779,DAS
84780,DAS
84781,EDAS
84782,EDAS
84783,EDAS
84784,DAS
85087,DAS
85118,EDAS
85119,DAS
85121,EDAS
85123,DAS
85127,DAS
85128,DAS
85131,EDAS
85132,EDAS
85135,EDAS
85137,EDAS
85138,DAS
85139,EDAS
85141,EDAS
85145,EDAS
85172,EDAS
85173,EDAS
85190,EDAS
85192,REMOTE
85193,DAS
85194,DAS
85218,DAS
85221,DAS
85228,DAS
85231,EDAS
85232,EDAS
85235,EDAS
85237,EDAS
85239,DAS
85241,EDAS
85243,DAS
85245,EDAS
85253,DAS
85262,DAS
85263,DAS
85264,REMOTE
85266,DAS
85269,DAS
85272,EDAS
85273,DAS
85274,DAS
85291,EDAS
85292,EDAS
85320,EDAS
85321,EDAS
85322,REMOTE
85324,EDAS
85325,EDAS
85327,EDAS
85328,REMOTE
85331,DAS
85332,REMOTE
85333,REMOTE
85334,EDAS
85337,EDAS
85339,DAS
85341,REMOTE
85342,REMOTE
85343,EDAS
85344,EDAS
85346,EDAS
85347,REMOTE
85348,REMOTE
85349,DAS
85350,DAS
85352,EDAS
85354,REMOTE
85355,DAS
85356,EDAS
85357,EDAS
85358,EDAS
85359,EDAS
85360,REMOTE
85361,EDAS
85362,EDAS
85365,DAS
85367,DAS
85371,EDAS
85377,DAS
85387,DAS
85390,EDAS
85396,DAS
85501,EDAS
85502,EDAS
85530,REMOTE
85533,EDAS
85534,EDAS
85535,EDAS
85536,EDAS
85539,EDAS
85540,EDAS
85541,EDAS
85542,EDAS
85543,EDAS
85544,EDAS
85545,EDAS
85546,EDAS
85547,REMOTE
85548,EDAS
85550,EDAS
85551,EDAS
85552,DAS
85553,REMOTE
85554,REMOTE
85601,EDAS
85602,EDAS
85603,EDAS
85605,EDAS
85606,EDAS
85607,DAS
85608,DAS
85609,REMOTE
85610,REMOTE
85611,REMOTE
85613,DAS
85615,DAS
85616,EDAS
85617,EDAS
85618,EDAS
85619,REMOTE
85620,DAS
85622,DAS
85623,EDAS
85624,EDAS
85625,REMOTE
85626,DAS
85627,EDAS
85629,EDAS
85630,EDAS
85631,EDAS
85632,REMOTE
85633,REMOTE
85634,REMOTE
85637,EDAS
85638,EDAS
85640,DAS
85641,DAS
85643,EDAS
85644,EDAS
85645,EDAS
85646,EDAS
85648,DAS
85650,DAS
85653,DAS
85654,DAS
85658,DAS
85718,DAS
85735,EDAS
85736,REMOTE
85739,DAS
85749,DAS
85901,DAS
85911,REMOTE
85912,EDAS
85920,REMOTE
85922,REMOTE
85923,EDAS
85924,REMOTE
85925,EDAS
85926,DAS
85927,REMOTE
85928,REMOTE
85929,DAS
85930,DAS
85931,EDAS
85932,REMOTE
85933,REMOTE
85934,EDAS
85935,DAS
85936,REMOTE
85937,REMOTE
85938,EDAS
85939,DAS
85940,REMOTE
85941,DAS
85942,EDAS
86001,DAS
86004,DAS
86005,DAS
86015,EDAS
86016,EDAS
86017,EDAS
86018,EDAS
86020,REMOTE
86021,REMOTE
86022,REMOTE
86023,EDAS
86024,REMOTE
86025,EDAS
86028,EDAS
86029,EDAS
86030,REMOTE
86031,EDAS
86032,EDAS
86033,REMOTE
86034,REMOTE
86035,REMOTE
86036,EDAS
86038,REMOTE
86039,EDAS
86040,REMOTE
86042,EDAS
86043,REMOTE
86044,REMOTE
86045,EDAS
86046,REMOTE
86047,REMOTE
86052,EDAS
86053,REMOTE
86054,REMOTE
86302,DAS
86303,DAS
86304,DAS
86305,DAS
86315,EDAS
86320,REMOTE
86321,REMOTE
86322,DAS
86323,DAS
86324,EDAS
86325,EDAS
86326,DAS
86327,DAS
86329,DAS
86331,EDAS
86332,REMOTE
86333,EDAS
86334,EDAS
86335,DAS
86336,DAS
86337,REMOTE
86338,REMOTE
86339,DAS
86340,DAS
86341,DAS
86342,DAS
86343,EDAS
86351,DAS
86401,DAS
86402,DAS
86404,DAS
86406,DAS
86411,REMOTE
86413,EDAS
86426,DAS
86427,EDAS
86429,DAS
86430,DAS
86431,DAS
86432,REMOTE
86433,DAS
86434,EDAS
86435,EDAS
86436,EDAS
86437,REMOTE
86438,REMOTE
86440,EDAS
86441,REMOTE
86443,REMOTE
86444,REMOTE
86445,REMOTE
86446,EDAS
86502,REMOTE
86503,EDAS
86504,EDAS
86505,REMOTE
86506,REMOTE
86507,REMOTE
86508,REMOTE
86510,EDAS
86511,REMOTE
86512,REMOTE
86514,EDAS
86515,EDAS
86520,REMOTE
86535,EDAS
86538,REMOTE
86540,DAS
86544,REMOTE
86545,REMOTE
86547,REMOTE
86556,REMOTE
87001,EDAS
87002,EDAS
87004,DAS
87005,REMOTE
87006,EDAS
87007,EDAS
87008,DAS
87009,EDAS
87010,EDAS
87011,REMOTE
87012,REMOTE
87013,REMOTE
87014,EDAS
87015,EDAS
87016,REMOTE
87017,EDAS
87018,REMOTE
87020,REMOTE
87021,DAS
87022,EDAS
87023,EDAS
87024,EDAS
87025,REMOTE
87026,REMOTE
87027,REMOTE
87028,EDAS
87029,REMOTE
87031,DAS
87032,REMOTE
87034,EDAS
87035,EDAS
87036,REMOTE
87037,EDAS
87040,REMOTE
87041,EDAS
87042,EDAS
87043,EDAS
87044,EDAS
87045,REMOTE
87046,REMOTE
87047,EDAS
87049,EDAS
87051,DAS
87052,EDAS
87053,EDAS
87056,REMOTE
87057,EDAS
87059,EDAS
87060,DAS
87061,REMOTE
87062,EDAS
87063,REMOTE
87064,EDAS
87068,EDAS
87070,REMOTE
87072,EDAS
87083,EDAS
87105,DAS
87301,EDAS
87302,EDAS
87305,REMOTE
87310,REMOTE
87311,REMOTE
87312,EDAS
87313,REMOTE
87315,REMOTE
87316,EDAS
87317,REMOTE
87319,DAS
87320,EDAS
87321,REMOTE
87322,EDAS
87323,REMOTE
87325,EDAS
87326,REMOTE
87327,EDAS
87328,EDAS
87347,EDAS
87357,REMOTE
87364,REMOTE
87365,EDAS
87375,EDAS
87401,DAS
87402,DAS
87410,EDAS
87412,REMOTE
87413,REMOTE
87415,DAS
87416,DAS
87417,DAS
87418,EDAS
87419,REMOTE
87420,EDAS
87421,DAS
87455,REMOTE
87461,REMOTE
87506,EDAS
87508,DAS
87510,REMOTE
87511,EDAS
87512,REMOTE
87513,REMOTE
87514,DAS
87515,REMOTE
87516,EDAS
87517,REMOTE
87518,REMOTE
87519,EDAS
87520,REMOTE
87521,REMOTE
87522,EDAS
87523,EDAS
87524,REMOTE
87525,EDAS
87527,EDAS
87528,REMOTE
87529,EDAS
87530,REMOTE
87531,EDAS
87532,DAS
87533,DAS
87535,EDAS
87537,EDAS
87538,REMOTE
87539,REMOTE
87540,EDAS
87543,REMOTE
87547,DAS
87548,EDAS
87549,REMOTE
87551,REMOTE
87552,EDAS
87553,EDAS
87556,REMOTE
87557,EDAS
87558,EDAS
87560,EDAS
87562,REMOTE
87564,REMOTE
87565,REMOTE
87566,EDAS
87567,EDAS
87569,EDAS
87571,EDAS
87573,REMOTE
87574,DAS
87575,REMOTE
87576,EDAS
87577,REMOTE
87578,EDAS
87579,REMOTE
87580,REMOTE
87581,REMOTE
87582,DAS
87583,DAS
87701,EDAS
87710,REMOTE
87711,EDAS
87712,REMOTE
87713,REMOTE
87714,REMOTE
87715,EDAS
87718,REMOTE
87722,EDAS
87723,EDAS
87724,EDAS
87728,REMOTE
87729,EDAS
87730,REMOTE
87731,REMOTE
87732,EDAS
87733,REMOTE
87734,REMOTE
87735,REMOTE
87736,EDAS
87740,EDAS
87742,REMOTE
87743,REMOTE
87745,REMOTE
87746,REMOTE
87747,EDAS
87749,REMOTE
87750,REMOTE
87752,REMOTE
87753,EDAS
87801,EDAS
87820,REMOTE
87821,REMOTE
87823,EDAS
87824,REMOTE
87825,EDAS
87827,REMOTE
87828,DAS
87829,REMOTE
87830,EDAS
87831,DAS
87832,REMOTE
87901,EDAS
87930,EDAS
87931,EDAS
87933,EDAS
87935,REMOTE
87936,EDAS
87937,EDAS
87939,REMOTE
87940,EDAS
87941,EDAS
87942,EDAS
87943,REMOTE
88002,DAS
88005,DAS
88007,DAS
88009,REMOTE
88012,EDAS
88020,REMOTE
88021,DAS
88022,REMOTE
88023,EDAS
88025,REMOTE
88026,REMOTE
88027,EDAS
88028,EDAS
88029,EDAS
88030,EDAS
88031,REMOTE
88032,DAS
88033,DAS
88034,REMOTE
88036,EDAS
88038,REMOTE
88039,EDAS
88040,EDAS
88041,REMOTE
88042,REMOTE
88043,EDAS
88044,EDAS
88045,REMOTE
88046,DAS
88047,DAS
88048,EDAS
88049,REMOTE
88051,REMOTE
88052,EDAS
88053,REMOTE
88054,EDAS
88055,REMOTE
88056,EDAS
88058,REMOTE
88061,EDAS
88062,REMOTE
88063,DAS
88065,EDAS
88072,EDAS
88081,DAS
88101,DAS
88102,DAS
88112,REMOTE
88113,REMOTE
88114,REMOTE
88115,REMOTE
88116,REMOTE
88118,EDAS
88119,REMOTE
88120,REMOTE
88121,REMOTE
88122,DAS
88123,REMOTE
88124,EDAS
88125,REMOTE
88126,REMOTE
88130,EDAS
88132,EDAS
88133,REMOTE
88134,REMOTE
88135,REMOTE
88136,REMOTE
88201,DAS
88202,DAS
88203,DAS
88210,DAS
88211,DAS
88213,REMOTE
88220,DAS
88221,DAS
88230,EDAS
88231,EDAS
88232,EDAS
88240,DAS
88242,EDAS
88250,EDAS
88252,EDAS
88253,EDAS
88254,REMOTE
88255,EDAS
88256,EDAS
88260,EDAS
88262,REMOTE
88263,EDAS
88264,EDAS
88265,EDAS
88267,EDAS
88268,EDAS
88301,REMOTE
88310,DAS
88311,DAS
88312,EDAS
88314,EDAS
88316,REMOTE
88317,EDAS
88318,REMOTE
88321,REMOTE
88323,EDAS
88324,EDAS
88325,EDAS
88330,DAS
88336,EDAS
88337,EDAS
88338,EDAS
88339,EDAS
88340,REMOTE
88341,EDAS
88342,EDAS
88343,EDAS
88344,REMOTE
88345,EDAS
88346,DAS
88347,REMOTE
88348,EDAS
88349,DAS
88350,EDAS
88351,EDAS
88352,EDAS
88353,EDAS
88354,REMOTE
88355,EDAS
88401,EDAS
88410,REMOTE
88411,REMOTE
88414,REMOTE
88415,REMOTE
88416,EDAS
88417,REMOTE
88418,REMOTE
88419,REMOTE
88421,REMOTE
88422,REMOTE
88424,EDAS
88426,EDAS
88427,REMOTE
88430,REMOTE
88431,REMOTE
88433,EDAS
88434,EDAS
88435,EDAS
88436,REMOTE
88437,EDAS
88439,REMOTE
88441,EDAS
89001,REMOTE
89003,EDAS
89004,EDAS
89005,EDAS
89006,REMOTE
89007,EDAS
89008,REMOTE
89010,REMOTE
89013,EDAS
89017,REMOTE
89018,EDAS
89019,EDAS
89020,EDAS
89021,EDAS
89022,REMOTE
89023,EDAS
89024,EDAS
89025,EDAS
89027,EDAS
89028,DAS
89029,DAS
89034,DAS
89036,EDAS
89037,DAS
89039,REMOTE
89040,EDAS
89041,REMOTE
89042,EDAS
89043,REMOTE
89044,DAS
89045,EDAS
89046,REMOTE
89047,REMOTE
89048,DAS
89049,REMOTE
89054,EDAS
89060,EDAS
89061,EDAS
89067,DAS
89070,EDAS
89124,REMOTE
89161,REMOTE
89166,DAS
89191,EDAS
89301,EDAS
89310,REMOTE
89311,REMOTE
89314,EDAS
89315,EDAS
89316,REMOTE
89317,REMOTE
89318,EDAS
89319,EDAS
89402,DAS
89403,DAS
89404,REMOTE
89405,REMOTE
89406,EDAS
89407,REMOTE
89408,DAS
89409,REMOTE
89410,EDAS
89411,DAS
89412,REMOTE
89413,EDAS
89414,REMOTE
89415,REMOTE
89418,REMOTE
89419,EDAS
89420,REMOTE
89421,REMOTE
89422,EDAS
89424,REMOTE
89425,REMOTE
89426,REMOTE
89427,REMOTE
89428,EDAS
89429,EDAS
89430,EDAS
89433,DAS
89438,REMOTE
89439,DAS
89440,EDAS
89441,DAS
89442,EDAS
89444,EDAS
89445,EDAS
89446,EDAS
89447,EDAS
89448,DAS
89449,DAS
89450,DAS
89451,DAS
89460,DAS
89496,EDAS
89508,DAS
89510,REMOTE
89704,EDAS
89801,EDAS
89803,EDAS
89815,REMOTE
89820,EDAS
89821,REMOTE
89822,EDAS
89823,REMOTE
89825,EDAS
89826,EDAS
89828,EDAS
89830,REMOTE
89831,REMOTE
89832,EDAS
89833,REMOTE
89834,REMOTE
89835,EDAS
89883,EDAS
90005,DAS
90020,DAS
90044,DAS
90057,DAS
90264,EDAS
90265,DAS
90272,DAS
90290,EDAS
90704,DAS
90748,DAS
91024,DAS
91310,DAS
91321,DAS
91383,DAS
91384,DAS
91390,DAS
91759,EDAS
91901,DAS
91903,DAS
91905,REMOTE
91906,EDAS
91916,EDAS
91917,EDAS
91931,DAS
91934,EDAS
91935,EDAS
91948,EDAS
91962,REMOTE
91963,REMOTE
91978,DAS
92003,DAS
92004,EDAS
92026,DAS
92027,DAS
92028,DAS
92036,EDAS
92040,DAS
92059,DAS
92060,EDAS
92061,EDAS
92065,DAS
92066,REMOTE
92067,DAS
92070,REMOTE
92075,DAS
92082,EDAS
92086,REMOTE
92091,DAS
92147,EDAS
92220,DAS
92222,EDAS
92225,EDAS
92226,EDAS
92227,DAS
92233,EDAS
92236,DAS
92239,EDAS
92240,DAS
92241,DAS
92242,EDAS
92243,DAS
92249,DAS
92250,EDAS
92251,EDAS
92252,EDAS
92254,EDAS
92256,EDAS
92257,REMOTE
92258,EDAS
92259,EDAS
92266,EDAS
92267,REMOTE
92268,EDAS
92273,DAS
92274,EDAS
92275,DAS
92276,DAS
92277,EDAS
92278,DAS
92280,REMOTE
92281,EDAS
92282,EDAS
92283,REMOTE
92284,DAS
92285,EDAS
92286,DAS
92301,EDAS
92304,REMOTE
92305,REMOTE
92307,DAS
92308,DAS
92309,REMOTE
92310,EDAS
92311,DAS
92312,DAS
92314,EDAS
92315,DAS
92317,DAS
92321,EDAS
92322,EDAS
92323,REMOTE
92325,DAS
92326,DAS
92327,EDAS
92328,REMOTE
92329,REMOTE
92332,REMOTE
92333,EDAS
92338,EDAS
92339,EDAS
92341,EDAS
92342,EDAS
92344,DAS
92347,REMOTE
92352,DAS
92356,EDAS
92358,DAS
92359,DAS
92363,EDAS
92364,EDAS
92365,REMOTE
92366,EDAS
92368,REMOTE
92371,EDAS
92372,DAS
92382,EDAS
92384,EDAS
92385,EDAS
92386,DAS
92389,REMOTE
92391,DAS
92393,DAS
92394,DAS
92395,DAS
92397,EDAS
92398,DAS
92399,DAS
92414,DAS
92536,REMOTE
92539,REMOTE
92543,DAS
92544,DAS
92546,DAS
92548,DAS
92549,EDAS
92561,REMOTE
92567,DAS
92582,DAS
92596,DAS
92624,DAS
92676,EDAS
92679,DAS
93013,DAS
93015,EDAS
93016,EDAS
93023,EDAS
93024,EDAS
93040,EDAS
93060,DAS
93061,DAS
93064,DAS
93066,EDAS
93067,DAS
93105,DAS
93106,DAS
93108,DAS
93109,DAS
93110,DAS
93201,EDAS
93203,REMOTE
93204,EDAS
93205,EDAS
93206,EDAS
93207,REMOTE
93208,DAS
93210,EDAS
93212,EDAS
93215,EDAS
93216,EDAS
93218,EDAS
93219,EDAS
93221,EDAS
93222,REMOTE
93223,DAS
93224,EDAS
93225,EDAS
93226,REMOTE
93230,DAS
93234,EDAS
93235,DAS
93237,EDAS
93238,EDAS
93239,EDAS
93240,REMOTE
93241,DAS
93242,EDAS
93243,EDAS
93244,EDAS
93245,DAS
93247,DAS
93249,EDAS
93250,REMOTE
93251,REMOTE
93252,REMOTE
93254,EDAS
93255,REMOTE
93256,EDAS
93257,EDAS
93258,DAS
93260,REMOTE
93261,EDAS
93262,EDAS
93263,DAS
93265,REMOTE
93266,EDAS
93267,EDAS
93268,REMOTE
93270,EDAS
93271,REMOTE
93272,EDAS
93274,DAS
93276,EDAS
93277,DAS
93280,EDAS
93283,REMOTE
93285,REMOTE
93286,REMOTE
93287,REMOTE
93291,DAS
93292,DAS
93301,DAS
93306,DAS
93308,DAS
93311,DAS
93312,DAS
93313,DAS
93314,DAS
93402,DAS
93405,DAS
93420,DAS
93421,DAS
93422,DAS
93423,DAS
93424,EDAS
93426,REMOTE
93427,DAS
93428,EDAS
93429,EDAS
93430,EDAS
93432,EDAS
93433,DAS
93434,DAS
93435,REMOTE
93436,DAS
93437,DAS
93438,DAS
93440,DAS
93441,EDAS
93442,DAS
93443,DAS
93444,DAS
93445,DAS
93446,EDAS
93447,DAS
93449,DAS
93450,EDAS
93451,EDAS
93452,EDAS
93453,REMOTE
93455,DAS
93458,DAS
93460,DAS
93461,EDAS
93463,DAS
93464,DAS
93465,EDAS
93501,EDAS
93502,REMOTE
93504,REMOTE
93505,EDAS
93510,EDAS
93512,EDAS
93513,REMOTE
93514,DAS
93515,DAS
93516,EDAS
93517,REMOTE
93518,REMOTE
93519,REMOTE
93522,EDAS
93523,EDAS
93524,DAS
93526,EDAS
93527,REMOTE
93528,EDAS
93529,EDAS
93530,REMOTE
93531,EDAS
93532,EDAS
93535,DAS
93536,DAS
93541,REMOTE
93542,DAS
93543,EDAS
93544,REMOTE
93545,EDAS
93546,DAS
93549,EDAS
93550,DAS
93551,DAS
93552,DAS
93553,EDAS
93554,EDAS
93555,EDAS
93558,REMOTE
93560,DAS
93561,EDAS
93562,EDAS
93563,REMOTE
93581,EDAS
93591,EDAS
93592,EDAS
93601,REMOTE
93602,REMOTE
93603,EDAS
93604,EDAS
93605,REMOTE
93606,DAS
93607,EDAS
93608,REMOTE
93609,EDAS
93610,EDAS
93614,EDAS
93615,DAS
93619,DAS
93620,EDAS
93621,EDAS
93622,EDAS
93623,REMOTE
93624,REMOTE
93625,DAS
93626,EDAS
93627,REMOTE
93628,EDAS
93630,DAS
93631,DAS
93633,EDAS
93634,EDAS
93635,EDAS
93636,DAS
93637,DAS
93638,DAS
93639,DAS
93640,EDAS
93641,REMOTE
93643,REMOTE
93644,EDAS
93645,EDAS
93646,EDAS
93647,EDAS
93648,DAS
93649,EDAS
93651,REMOTE
93652,EDAS
93653,REMOTE
93654,DAS
93656,EDAS
93657,DAS
93660,EDAS
93661,EDAS
93664,REMOTE
93665,EDAS
93667,REMOTE
93668,EDAS
93669,EDAS
93670,DAS
93673,DAS
93675,REMOTE
93723,DAS
93901,DAS
93902,DAS
93905,EDAS
93907,EDAS
93908,EDAS
93912,DAS
93920,REMOTE
93921,DAS
93922,DAS
93923,DAS
93924,EDAS
93925,EDAS
93926,EDAS
93927,REMOTE
93928,EDAS
93930,REMOTE
93932,REMOTE
93950,DAS
93954,REMOTE
93960,REMOTE
93962,EDAS
94002,DAS
94019,DAS
94020,REMOTE
94021,EDAS
94028,DAS
94037,DAS
94038,DAS
94044,DAS
94060,REMOTE
94062,DAS
94074,EDAS
94102,DAS
94103,DAS
94104,DAS
94105,DAS
94107,DAS
94108,DAS
94109,DAS
94110,DAS
94111,DAS
94114,DAS
94115,DAS
94116,DAS
94117,DAS
94118,DAS
94121,DAS
94122,DAS
94123,DAS
94127,DAS
94129,DAS
94131,DAS
94133,DAS
94158,DAS
94401,DAS
94508,DAS
94511,EDAS
94512,EDAS
94514,EDAS
94515,DAS
94517,DAS
94528,DAS
94536,DAS
94541,DAS
94548,DAS
94549,DAS
94550,DAS
94552,DAS
94556,DAS
94558,DAS
94559,DAS
94561,DAS
94562,DAS
94563,DAS
94567,REMOTE
94569,EDAS
94570,DAS
94571,EDAS
94573,DAS
94574,DAS
94575,DAS
94576,EDAS
94585,DAS
94586,REMOTE
94599,DAS
94603,DAS
94605,DAS
94707,DAS
94803,DAS
94922,EDAS
94923,EDAS
94924,EDAS
94929,EDAS
94930,DAS
94933,EDAS
94937,EDAS
94938,DAS
94940,EDAS
94946,EDAS
94947,DAS
94950,EDAS
94951,DAS
94952,DAS
94956,EDAS
94963,EDAS
94970,EDAS
94971,EDAS
94972,REMOTE
94973,EDAS
95004,DAS
95005,DAS
95006,EDAS
95007,DAS
95012,DAS
95013,DAS
95017,EDAS
95018,DAS
95023,DAS
95024,DAS
95026,EDAS
95033,EDAS
95039,EDAS
95041,DAS
95043,REMOTE
95045,EDAS
95046,DAS
95075,EDAS
95076,DAS
95139,DAS
95140,REMOTE
95141,EDAS
95215,DAS
95220,EDAS
95221,EDAS
95222,EDAS
95223,EDAS
95224,REMOTE
95225,EDAS
95226,REMOTE
95227,REMOTE
95228,EDAS
95229,DAS
95230,REMOTE
95232,REMOTE
95233,EDAS
95236,EDAS
95237,EDAS
95240,DAS
95242,DAS
95245,REMOTE
95246,REMOTE
95247,EDAS
95248,EDAS
95249,EDAS
95250,EDAS
95251,EDAS
95252,EDAS
95253,EDAS
95254,REMOTE
95255,REMOTE
95257,REMOTE
95258,DAS
95301,DAS
95303,EDAS
95305,EDAS
95306,EDAS
95309,EDAS
95310,EDAS
95311,REMOTE
95312,DAS
95313,EDAS
95314,EDAS
95315,DAS
95316,EDAS
95317,EDAS
95318,EDAS
95320,DAS
95321,EDAS
95322,EDAS
95323,EDAS
95324,DAS
95325,EDAS
95326,DAS
95327,EDAS
95329,EDAS
95333,REMOTE
95334,DAS
95335,EDAS
95338,EDAS
95340,DAS
95341,DAS
95344,DAS
95345,REMOTE
95346,REMOTE
95347,EDAS
95348,DAS
95357,DAS
95358,DAS
95360,EDAS
95361,DAS
95364,REMOTE
95365,EDAS
95369,REMOTE
95370,DAS
95372,DAS
95374,EDAS
95375,REMOTE
95379,EDAS
95380,DAS
95383,REMOTE
95385,EDAS
95386,EDAS
95387,EDAS
95388,EDAS
95389,REMOTE
95404,DAS
95410,EDAS
95412,REMOTE
95415,EDAS
95416,DAS
95417,REMOTE
95419,EDAS
95420,EDAS
95421,REMOTE
95422,EDAS
95423,EDAS
95424,DAS
95425,EDAS
95426,EDAS
95427,EDAS
95428,EDAS
95429,REMOTE
95430,EDAS
95431,DAS
95432,EDAS
95435,DAS
95436,DAS
95437,REMOTE
95439,DAS
95441,REMOTE
95442,EDAS
95443,EDAS
95444,DAS
95445,EDAS
95446,EDAS
95448,DAS
95449,EDAS
95450,REMOTE
95451,REMOTE
95452,EDAS
95453,EDAS
95454,REMOTE
95456,EDAS
95457,EDAS
95458,EDAS
95459,REMOTE
95460,EDAS
95461,EDAS
95462,EDAS
95463,EDAS
95464,EDAS
95465,REMOTE
95466,REMOTE
95467,EDAS
95468,REMOTE
95469,EDAS
95470,DAS
95471,EDAS
95472,DAS
95473,DAS
95476,DAS
95480,REMOTE
95482,DAS
95485,EDAS
95487,DAS
95488,REMOTE
95490,EDAS
95493,EDAS
95494,REMOTE
95497,EDAS
95503,DAS
95511,REMOTE
95514,REMOTE
95519,DAS
95524,DAS
95525,EDAS
95526,EDAS
95527,EDAS
95528,EDAS
95531,EDAS
95532,EDAS
95534,DAS
95536,EDAS
95537,DAS
95538,EDAS
95540,DAS
95542,EDAS
95543,EDAS
95545,REMOTE
95546,EDAS
95547,EDAS
95548,EDAS
95549,REMOTE
95550,REMOTE
95551,DAS
95552,EDAS
95553,EDAS
95554,EDAS
95555,EDAS
95556,EDAS
95558,EDAS
95559,DAS
95560,EDAS
95562,EDAS
95563,EDAS
95564,EDAS
95565,EDAS
95567,EDAS
95568,REMOTE
95569,EDAS
95570,EDAS
95571,EDAS
95573,EDAS
95585,EDAS
95587,EDAS
95589,EDAS
95595,REMOTE
95601,EDAS
95602,DAS
95603,DAS
95606,EDAS
95607,EDAS
95612,EDAS
95613,EDAS
95614,EDAS
95615,EDAS
95619,DAS
95620,DAS
95623,EDAS
95626,DAS
95627,EDAS
95629,REMOTE
95631,EDAS
95632,DAS
95633,EDAS
95634,REMOTE
95635,REMOTE
95636,REMOTE
95637,EDAS
95638,EDAS
95639,DAS
95640,EDAS
95641,EDAS
95642,DAS
95645,REMOTE
95646,EDAS
95650,DAS
95651,REMOTE
95653,EDAS
95656,EDAS
95658,DAS
95659,REMOTE
95663,DAS
95664,EDAS
95665,EDAS
95666,EDAS
95667,EDAS
95668,DAS
95669,EDAS
95672,DAS
95674,EDAS
95675,EDAS
95676,DAS
95679,EDAS
95680,EDAS
95681,DAS
95682,DAS
95683,DAS
95684,REMOTE
95685,EDAS
95686,DAS
95689,EDAS
95690,EDAS
95692,EDAS
95693,EDAS
95694,EDAS
95695,DAS
95697,EDAS
95698,EDAS
95701,REMOTE
95703,EDAS
95709,EDAS
95712,DAS
95713,EDAS
95714,EDAS
95715,REMOTE
95717,EDAS
95720,REMOTE
95721,REMOTE
95722,DAS
95724,EDAS
95726,EDAS
95728,EDAS
95735,REMOTE
95736,EDAS
95763,DAS
95799,DAS
95830,DAS
95901,DAS
95903,DAS
95910,REMOTE
95912,EDAS
95913,DAS
95914,REMOTE
95915,REMOTE
95916,REMOTE
95917,EDAS
95918,EDAS
95919,REMOTE
95920,REMOTE
95922,REMOTE
95923,EDAS
95924,DAS
95925,REMOTE
95930,EDAS
95931,EDAS
95932,EDAS
95934,EDAS
95935,EDAS
95936,EDAS
95937,EDAS
95938,EDAS
95939,REMOTE
95940,DAS
95941,EDAS
95942,REMOTE
95943,EDAS
95944,REMOTE
95945,DAS
95946,DAS
95947,EDAS
95948,DAS
95949,DAS
95950,EDAS
95951,DAS
95953,EDAS
95954,DAS
95955,EDAS
95956,EDAS
95957,EDAS
95958,EDAS
95959,EDAS
95960,EDAS
95961,DAS
95962,EDAS
95963,EDAS
95965,DAS
95966,DAS
95968,DAS
95969,DAS
95970,EDAS
95971,EDAS
95972,EDAS
95973,DAS
95974,EDAS
95975,EDAS
95976,DAS
95977,EDAS
95978,EDAS
95979,EDAS
95980,DAS
95981,DAS
95982,EDAS
95983,EDAS
95984,REMOTE
95986,EDAS
95987,EDAS
95988,EDAS
96001,DAS
96002,DAS
96003,DAS
96006,EDAS
96007,EDAS
96008,REMOTE
96009,EDAS
96010,REMOTE
96011,REMOTE
96013,EDAS
96014,REMOTE
96015,EDAS
96016,EDAS
96017,REMOTE
96019,DAS
96020,EDAS
96021,EDAS
96022,REMOTE
96023,REMOTE
96024,REMOTE
96025,EDAS
96027,EDAS
96028,EDAS
96029,EDAS
96031,REMOTE
96032,EDAS
96033,EDAS
96034,REMOTE
96035,EDAS
96037,EDAS
96038,EDAS
96039,REMOTE
96040,EDAS
96041,EDAS
96044,REMOTE
96046,EDAS
96047,REMOTE
96048,REMOTE
96050,REMOTE
96051,REMOTE
96052,EDAS
96053,EDAS
96054,EDAS
96055,EDAS
96056,REMOTE
96057,EDAS
96058,REMOTE
96059,REMOTE
96061,REMOTE
96062,EDAS
96063,EDAS
96064,REMOTE
96065,REMOTE
96067,EDAS
96068,EDAS
96069,EDAS
96070,REMOTE
96071,EDAS
96073,DAS
96075,REMOTE
96076,REMOTE
96080,EDAS
96084,EDAS
96085,REMOTE
96086,REMOTE
96087,DAS
96088,EDAS
96090,EDAS
96091,REMOTE
96092,DAS
96093,EDAS
96094,EDAS
96095,DAS
96096,EDAS
96097,REMOTE
96101,REMOTE
96103,EDAS
96104,REMOTE
96105,REMOTE
96106,EDAS
96107,EDAS
96108,EDAS
96109,EDAS
96110,EDAS
96111,EDAS
96112,REMOTE
96113,EDAS
96114,REMOTE
96115,REMOTE
96116,REMOTE
96117,REMOTE
96118,EDAS
96119,REMOTE
96120,EDAS
96121,EDAS
96122,EDAS
96123,REMOTE
96124,EDAS
96125,EDAS
96126,EDAS
96127,REMOTE
96128,EDAS
96129,EDAS
96130,EDAS
96132,REMOTE
96133,EDAS
96134,EDAS
96135,EDAS
96136,REMOTE
96137,EDAS
96140,EDAS
96141,EDAS
96142,REMOTE
96143,EDAS
96145,EDAS
96146,DAS
96148,DAS
96150,DAS
96151,DAS
96154,DAS
96155,DAS
96158,DAS
96160,DAS
96161,DAS
96162,EDAS
96701,DAS
96703,DAS
96704,DAS
96705,DAS
96706,DAS
96707,DAS
96708,DAS
96709,DAS
96710,DAS
96712,DAS
96713,DAS
96714,DAS
96715,DAS
96716,DAS
96717,DAS
96718,DAS
96719,DAS
96720,DAS
96721,DAS
96722,DAS
96725,DAS
96726,DAS
96727,DAS
96728,DAS
96729,DAS
96730,DAS
96731,DAS
96732,DAS
96733,DAS
96734,DAS
96738,DAS
96739,DAS
96740,DAS
96741,DAS
96742,DAS
96743,DAS
96744,DAS
96745,DAS
96746,DAS
96747,DAS
96748,DAS
96749,DAS
96750,DAS
96751,DAS
96752,DAS
96753,DAS
96754,DAS
96755,DAS
96756,DAS
96757,DAS
96759,DAS
96760,DAS
96761,DAS
96762,DAS
96763,DAS
96764,DAS
96765,DAS
96766,DAS
96767,DAS
96768,DAS
96769,DAS
96770,DAS
96771,DAS
96772,DAS
96773,DAS
96774,DAS
96775,DAS
96776,DAS
96777,DAS
96778,DAS
96779,DAS
96780,DAS
96781,DAS
96782,DAS
96783,DAS
96784,DAS
96785,DAS
96786,DAS
96788,DAS
96789,DAS
96790,DAS
96791,DAS
96792,DAS
96793,DAS
96795,DAS
96796,DAS
96797,DAS
96853,DAS
96854,DAS
96857,DAS
96858,DAS
96859,DAS
96860,DAS
96861,DAS
96862,DAS
96863,DAS
97001,REMOTE
97002,EDAS
97004,DAS
97009,DAS
97010,EDAS
97011,EDAS
97014,EDAS
97016,EDAS
97017,EDAS
97019,EDAS
97021,REMOTE
97022,DAS
97023,EDAS
97026,DAS
97028,REMOTE
97029,REMOTE
97031,DAS
97032,DAS
97033,REMOTE
97037,EDAS
97038,EDAS
97039,EDAS
97040,REMOTE
97041,EDAS
97042,EDAS
97044,DAS
97048,DAS
97049,EDAS
97050,EDAS
97051,DAS
97053,DAS
97054,EDAS
97055,DAS
97056,DAS
97057,EDAS
97058,DAS
97063,REMOTE
97064,EDAS
97065,EDAS
97067,EDAS
97089,DAS
97101,EDAS
97102,EDAS
97103,EDAS
97106,EDAS
97107,EDAS
97108,EDAS
97109,EDAS
97110,EDAS
97111,EDAS
97112,EDAS
97113,DAS
97114,EDAS
97115,DAS
97116,DAS
97117,EDAS
97118,REMOTE
97119,EDAS
97121,EDAS
97122,EDAS
97125,REMOTE
97130,EDAS
97131,EDAS
97133,EDAS
97134,DAS
97135,EDAS
97136,EDAS
97137,DAS
97138,DAS
97141,EDAS
97143,REMOTE
97144,EDAS
97145,EDAS
97146,DAS
97147,EDAS
97148,EDAS
97149,EDAS
97231,EDAS
97299,DAS
97301,DAS
97302,DAS
97303,DAS
97304,DAS
97305,DAS
97306,DAS
97317,DAS
97321,DAS
97322,DAS
97324,REMOTE
97325,EDAS
97326,REMOTE
97327,EDAS
97329,REMOTE
97330,DAS
97331,DAS
97333,DAS
97335,DAS
97336,EDAS
97338,EDAS
97339,DAS
97341,DAS
97342,REMOTE
97343,REMOTE
97344,EDAS
97345,REMOTE
97346,REMOTE
97347,EDAS
97348,EDAS
97350,EDAS
97351,DAS
97352,EDAS
97355,EDAS
97357,REMOTE
97358,EDAS
97360,EDAS
97361,DAS
97364,DAS
97366,DAS
97367,DAS
97368,EDAS
97369,DAS
97370,EDAS
97371,EDAS
97374,EDAS
97375,EDAS
97376,EDAS
97377,EDAS
97378,EDAS
97380,EDAS
97381,EDAS
97383,EDAS
97384,DAS
97385,DAS
97386,EDAS
97388,EDAS
97389,DAS
97390,REMOTE
97391,EDAS
97392,EDAS
97394,EDAS
97396,EDAS
97401,DAS
97402,DAS
97403,DAS
97404,DAS
97405,DAS
97406,REMOTE
97408,DAS
97409,DAS
97410,EDAS
97411,EDAS
97412,EDAS
97413,EDAS
97414,EDAS
97415,EDAS
97416,EDAS
97417,EDAS
97419,EDAS
97420,EDAS
97423,EDAS
97424,REMOTE
97425,EDAS
97426,EDAS
97427,EDAS
97429,REMOTE
97430,EDAS
97431,EDAS
97432,DAS
97434,EDAS
97435,EDAS
97436,EDAS
97437,EDAS
97438,EDAS
97439,EDAS
97441,EDAS
97442,EDAS
97443,EDAS
97444,REMOTE
97446,EDAS
97447,REMOTE
97448,EDAS
97449,EDAS
97450,EDAS
97451,REMOTE
97452,EDAS
97453,EDAS
97454,EDAS
97455,DAS
97456,EDAS
97457,REMOTE
97458,EDAS
97459,DAS
97461,EDAS
97462,EDAS
97463,EDAS
97464,EDAS
97465,EDAS
97466,EDAS
97467,REMOTE
97469,EDAS
97470,DAS
97471,EDAS
97472,DAS
97473,EDAS
97476,REMOTE
97477,DAS
97478,DAS
97479,EDAS
97480,EDAS
97481,EDAS
97484,EDAS
97486,EDAS
97487,REMOTE
97488,EDAS
97489,EDAS
97490,EDAS
97491,EDAS
97492,EDAS
97493,REMOTE
97494,EDAS
97495,EDAS
97496,EDAS
97497,EDAS
97498,EDAS
97499,EDAS
97501,DAS
97502,DAS
97504,DAS
97520,DAS
97522,EDAS
97523,REMOTE
97524,EDAS
97525,EDAS
97526,DAS
97527,EDAS
97530,REMOTE
97531,EDAS
97532,EDAS
97533,DAS
97534,REMOTE
97536,EDAS
97537,EDAS
97538,REMOTE
97539,EDAS
97540,DAS
97541,REMOTE
97543,REMOTE
97544,EDAS
97601,DAS
97603,EDAS
97604,DAS
97620,EDAS
97621,REMOTE
97622,REMOTE
97623,REMOTE
97624,REMOTE
97625,REMOTE
97626,REMOTE
97627,EDAS
97630,REMOTE
97632,EDAS
97633,EDAS
97634,REMOTE
97635,EDAS
97636,EDAS
97637,EDAS
97638,REMOTE
97639,REMOTE
97640,EDAS
97641,EDAS
97701,DAS
97702,DAS
97703,DAS
97707,DAS
97710,REMOTE
97711,EDAS
97712,REMOTE
97720,REMOTE
97721,REMOTE
97722,REMOTE
97730,EDAS
97731,EDAS
97732,REMOTE
97733,REMOTE
97734,EDAS
97735,REMOTE
97736,REMOTE
97737,EDAS
97738,EDAS
97739,EDAS
97740,EDAS
97741,REMOTE
97750,REMOTE
97751,REMOTE
97752,REMOTE
97753,EDAS
97754,REMOTE
97756,DAS
97758,REMOTE
97759,EDAS
97760,EDAS
97761,REMOTE
97801,DAS
97810,EDAS
97812,EDAS
97813,REMOTE
97814,EDAS
97817,REMOTE
97818,EDAS
97819,REMOTE
97820,EDAS
97823,REMOTE
97824,REMOTE
97825,REMOTE
97826,EDAS
97827,EDAS
97828,EDAS
97830,REMOTE
97831,EDAS
97833,EDAS
97834,REMOTE
97835,EDAS
97836,EDAS
97837,REMOTE
97838,DAS
97839,EDAS
97840,EDAS
97841,EDAS
97842,REMOTE
97843,EDAS
97844,EDAS
97845,EDAS
97846,EDAS
97848,REMOTE
97850,DAS
97856,REMOTE
97857,EDAS
97859,REMOTE
97861,EDAS
97862,EDAS
97864,REMOTE
97865,EDAS
97867,EDAS
97868,REMOTE
97869,EDAS
97870,EDAS
97873,EDAS
97874,REMOTE
97875,EDAS
97876,EDAS
97877,EDAS
97880,REMOTE
97882,DAS
97883,REMOTE
97884,REMOTE
97885,EDAS
97886,EDAS
97901,EDAS
97902,DAS
97903,EDAS
97904,REMOTE
97905,REMOTE
97906,EDAS
97907,EDAS
97908,REMOTE
97909,EDAS
97910,REMOTE
97911,REMOTE
97913,EDAS
97914,DAS
97917,DAS
97918,EDAS
97920,REMOTE
98010,DAS
98013,REMOTE
98014,EDAS
98019,EDAS
98022,EDAS
98024,EDAS
98025,DAS
98038,DAS
98045,DAS
98051,EDAS
98065,DAS
98068,EDAS
98070,REMOTE
98077,DAS
98092,DAS
98220,EDAS
98222,REMOTE
98223,DAS
98224,REMOTE
98225,DAS
98226,DAS
98229,DAS
98232,DAS
98236,REMOTE
98237,EDAS
98238,DAS
98239,DAS
98240,DAS
98241,EDAS
98243,REMOTE
98244,EDAS
98245,REMOTE
98247,EDAS
98248,DAS
98249,REMOTE
98250,REMOTE
98251,EDAS
98252,EDAS
98253,REMOTE
98255,DAS
98256,EDAS
98257,DAS
98259,EDAS
98260,REMOTE
98261,REMOTE
98262,REMOTE
98263,DAS
98264,DAS
98266,EDAS
98267,EDAS
98272,DAS
98274,DAS
98276,DAS
98277,DAS
98279,REMOTE
98280,REMOTE
98281,REMOTE
98282,DAS
98283,REMOTE
98284,EDAS
98286,REMOTE
98287,EDAS
98288,EDAS
98290,DAS
98291,DAS
98292,DAS
98293,REMOTE
98294,EDAS
98295,EDAS
98296,DAS
98297,REMOTE
98303,REMOTE
98304,EDAS
98305,EDAS
98312,DAS
98320,EDAS
98321,DAS
98322,DAS
98323,EDAS
98325,DAS
98326,REMOTE
98328,EDAS
98329,EDAS
98330,REMOTE
98331,EDAS
98333,DAS
98336,EDAS
98338,EDAS
98339,EDAS
98340,EDAS
98342,DAS
98343,DAS
98344,DAS
98346,DAS
98348,EDAS
98349,EDAS
98350,EDAS
98351,EDAS
98355,EDAS
98356,EDAS
98357,EDAS
98358,EDAS
98359,DAS
98360,EDAS
98361,REMOTE
98362,DAS
98363,EDAS
98364,EDAS
98365,EDAS
98367,DAS
98368,DAS
98370,DAS
98376,EDAS
98377,EDAS
98380,EDAS
98381,REMOTE
98382,EDAS
98385,DAS
98392,DAS
98394,EDAS
98395,DAS
98396,EDAS
98397,EDAS
98439,DAS
98506,DAS
98512,DAS
98513,DAS
98520,DAS
98522,DAS
98524,DAS
98526,REMOTE
98527,EDAS
98528,DAS
98530,EDAS
98531,DAS
98532,DAS
98533,EDAS
98535,EDAS
98536,EDAS
98537,EDAS
98538,EDAS
98539,REMOTE
98541,EDAS
98542,EDAS
98546,EDAS
98547,EDAS
98548,EDAS
98550,EDAS
98552,REMOTE
98554,EDAS
98555,EDAS
98557,EDAS
98558,DAS
98559,REMOTE
98560,REMOTE
98561,EDAS
98562,EDAS
98563,EDAS
98564,EDAS
98565,EDAS
98566,EDAS
98568,EDAS
98569,DAS
98570,EDAS
98571,EDAS
98572,EDAS
98575,REMOTE
98576,EDAS
98577,EDAS
98579,EDAS
98580,REMOTE
98581,EDAS
98582,EDAS
98583,REMOTE
98584,DAS
98585,EDAS
98586,EDAS
98587,EDAS
98588,EDAS
98589,EDAS
98590,EDAS
98591,EDAS
98592,EDAS
98593,EDAS
98595,EDAS
98596,EDAS
98597,EDAS
98601,EDAS
98602,REMOTE
98603,EDAS
98604,DAS
98605,DAS
98606,DAS
98609,DAS
98610,EDAS
98611,EDAS
98612,EDAS
98613,EDAS
98614,EDAS
98616,EDAS
98617,EDAS
98619,EDAS
98620,EDAS
98621,REMOTE
98622,DAS
98623,DAS
98624,EDAS
98625,EDAS
98626,DAS
98628,EDAS
98629,EDAS
98631,EDAS
98635,EDAS
98637,EDAS
98638,EDAS
98639,EDAS
98640,REMOTE
98641,EDAS
98642,DAS
98643,REMOTE
98644,EDAS
98645,EDAS
98647,EDAS
98648,EDAS
98649,EDAS
98650,REMOTE
98651,EDAS
98670,EDAS
98671,DAS
98672,EDAS
98673,EDAS
98674,DAS
98675,EDAS
98802,DAS
98811,EDAS
98812,EDAS
98813,EDAS
98814,EDAS
98815,EDAS
98816,EDAS
98817,REMOTE
98819,EDAS
98821,EDAS
98822,EDAS
98823,DAS
98824,DAS
98826,EDAS
98827,EDAS
98828,DAS
98829,EDAS
98830,REMOTE
98831,EDAS
98832,REMOTE
98833,EDAS
98834,REMOTE
98836,EDAS
98837,DAS
98840,EDAS
98841,DAS
98843,EDAS
98844,DAS
98845,REMOTE
98846,EDAS
98847,EDAS
98848,DAS
98849,EDAS
98850,DAS
98851,EDAS
98852,EDAS
98853,REMOTE
98855,EDAS
98856,EDAS
98857,EDAS
98858,EDAS
98859,REMOTE
98860,EDAS
98862,EDAS
98920,DAS
98921,REMOTE
98922,EDAS
98923,DAS
98925,REMOTE
98926,EDAS
98929,REMOTE
98930,EDAS
98932,EDAS
98933,EDAS
98934,DAS
98935,EDAS
98936,EDAS
98937,EDAS
98938,EDAS
98939,DAS
98940,EDAS
98941,EDAS
98942,DAS
98943,EDAS
98944,DAS
98946,EDAS
98947,EDAS
98948,EDAS
98950,EDAS
98951,DAS
98952,EDAS
98953,DAS
99003,EDAS
99004,EDAS
99005,DAS
99006,EDAS
99008,EDAS
99009,REMOTE
99012,EDAS
99013,REMOTE
99014,DAS
99015,EDAS
99017,REMOTE
99018,REMOTE
99020,DAS
99021,DAS
99022,DAS
99023,EDAS
99025,DAS
99026,EDAS
99029,REMOTE
99030,REMOTE
99031,EDAS
99032,REMOTE
99033,EDAS
99034,EDAS
99036,EDAS
99039,EDAS
99040,REMOTE
99101,EDAS
99102,EDAS
99103,EDAS
99105,REMOTE
99107,EDAS
99109,EDAS
99110,EDAS
99111,EDAS
99113,EDAS
99114,EDAS
99115,REMOTE
99116,REMOTE
99117,REMOTE
99118,EDAS
99119,REMOTE
99121,DAS
99122,REMOTE
99123,REMOTE
99124,REMOTE
99125,EDAS
99126,EDAS
99127,EDAS
99128,EDAS
99129,REMOTE
99130,REMOTE
99131,REMOTE
99133,EDAS
99134,REMOTE
99135,EDAS
99136,REMOTE
99137,REMOTE
99138,REMOTE
99139,EDAS
99141,EDAS
99146,EDAS
99147,EDAS
99148,EDAS
99149,EDAS
99150,EDAS
99151,EDAS
99152,EDAS
99154,EDAS
99155,EDAS
99156,EDAS
99159,EDAS
99160,DAS
99161,EDAS
99166,EDAS
99167,EDAS
99169,EDAS
99170,EDAS
99171,EDAS
99173,EDAS
99174,DAS
99179,EDAS
99180,EDAS
99181,EDAS
99185,EDAS
99320,EDAS
99321,EDAS
99323,DAS
99326,EDAS
99328,EDAS
99329,EDAS
99330,EDAS
99332,EDAS
99335,EDAS
99338,DAS
99341,EDAS
99343,EDAS
99344,EDAS
99345,EDAS
99346,EDAS
99347,EDAS
99348,EDAS
99349,EDAS
99350,EDAS
99357,EDAS
99359,EDAS
99360,EDAS
99361,EDAS
99362,DAS
99363,DAS
99371,EDAS
99402,EDAS
99540,REMOTE
99546,REMOTE
99547,REMOTE
99548,REMOTE
99549,REMOTE
99550,REMOTE
99551,REMOTE
99552,REMOTE
99553,REMOTE
99554,REMOTE
99555,REMOTE
99557,REMOTE
99558,REMOTE
99559,REMOTE
99560,REMOTE
99561,REMOTE
99563,REMOTE
99564,REMOTE
99565,REMOTE
99566,REMOTE
99569,REMOTE
99570,REMOTE
99571,REMOTE
99573,REMOTE
99574,REMOTE
99575,REMOTE
99576,REMOTE
99578,REMOTE
99579,REMOTE
99580,REMOTE
99581,REMOTE
99583,REMOTE
99584,REMOTE
99585,REMOTE
99586,REMOTE
99588,REMOTE
99589,REMOTE
99590,REMOTE
99591,REMOTE
99602,REMOTE
99604,REMOTE
99605,REMOTE
99606,REMOTE
99607,REMOTE
99608,REMOTE
99609,REMOTE
99612,REMOTE
99613,REMOTE
99614,REMOTE
99620,REMOTE
99621,REMOTE
99622,REMOTE
99623,REMOTE
99624,REMOTE
99625,REMOTE
99626,REMOTE
99627,REMOTE
99628,REMOTE
99629,REMOTE
99630,REMOTE
99632,REMOTE
99633,REMOTE
99634,REMOTE
99636,REMOTE
99637,REMOTE
99638,REMOTE
99640,REMOTE
99641,REMOTE
99642,REMOTE
99643,REMOTE
99644,REMOTE
99647,REMOTE
99648,REMOTE
99649,REMOTE
99650,REMOTE
99651,REMOTE
99652,REMOTE
99653,REMOTE
99655,REMOTE
99656,REMOTE
99657,REMOTE
99658,REMOTE
99659,REMOTE
99660,REMOTE
99661,REMOTE
99662,REMOTE
99663,REMOTE
99665,REMOTE
99666,REMOTE
99667,REMOTE
99668,REMOTE
99670,REMOTE
99671,REMOTE
99674,REMOTE
99675,REMOTE
99676,REMOTE
99677,REMOTE
99678,REMOTE
99679,REMOTE
99680,REMOTE
99681,REMOTE
99682,REMOTE
99683,REMOTE
99684,REMOTE
99685,REMOTE
99686,REMOTE
99688,REMOTE
99689,REMOTE
99690,REMOTE
99691,REMOTE
99692,REMOTE
99693,REMOTE
99694,REMOTE
99695,REMOTE
99696,REMOTE
99697,REMOTE
99704,REMOTE
99714,REMOTE
99720,REMOTE
99721,REMOTE
99722,REMOTE
99723,REMOTE
99724,REMOTE
99726,REMOTE
99727,REMOTE
99729,REMOTE
99730,REMOTE
99731,REMOTE
99732,REMOTE
99733,REMOTE
99734,REMOTE
99736,REMOTE
99737,REMOTE
99738,REMOTE
99739,REMOTE
99740,REMOTE
99741,REMOTE
99742,REMOTE
99743,REMOTE
99744,REMOTE
99745,REMOTE
99746,REMOTE
99747,REMOTE
99748,REMOTE
99749,REMOTE
99750,REMOTE
99751,REMOTE
99752,REMOTE
99753,REMOTE
99754,REMOTE
99755,REMOTE
99756,REMOTE
99757,REMOTE
99758,REMOTE
99759,REMOTE
99760,REMOTE
99761,REMOTE
99762,REMOTE
99763,REMOTE
99764,REMOTE
99765,REMOTE
99766,REMOTE
99767,REMOTE
99768,REMOTE
99769,REMOTE
99770,REMOTE
99771,REMOTE
99772,REMOTE
99773,REMOTE
99774,REMOTE
99776,REMOTE
99777,REMOTE
99778,REMOTE
99779,REMOTE
99780,REMOTE
99781,REMOTE
99782,REMOTE
99783,REMOTE
99784,REMOTE
99785,REMOTE
99786,REMOTE
99787,REMOTE
99788,REMOTE
99789,REMOTE
99790,REMOTE
99791,REMOTE
99801,REMOTE
99802,REMOTE
99803,REMOTE
99811,REMOTE
99812,REMOTE
99820,REMOTE
99821,REMOTE
99824,REMOTE
99825,REMOTE
99826,REMOTE
99827,REMOTE
99829,REMOTE
99830,REMOTE
99832,REMOTE
99833,REMOTE
99835,REMOTE
99836,REMOTE
99840,REMOTE
99841,REMOTE
99850,REMOTE
99901,REMOTE
99903,REMOTE
99918,REMOTE
99919,REMOTE
99920,REMOTE
99921,REMOTE
99922,REMOTE
99923,REMOTE
99925,REMOTE
99926,REMOTE
99927,REMOTE
99929,REMOTE
99950,REMOTE
